global_step,update,mode,eval_kind,episode_index,stage_id,stage_label,n_obstacles,seed,return,episode_length,success,collision,out_of_bounds,timeout,event,mission_distance,target_x,target_y,target_z,target_boundary_margin,target_xy_margin,final_distance,min_distance,final_workspace_margin,min_workspace_margin,mean_workspace_margin,progress_total,path_length,path_ratio,path_efficiency,mean_speed,max_speed,mean_surge_speed,mean_abs_roll,max_abs_roll,mean_abs_pitch,max_abs_pitch,mean_abs_heading_error,max_abs_heading_error,mean_cross_track_error,max_cross_track_error,final_path_progress_fraction,mean_min_obstacle_clearance,min_obstacle_clearance,clearance_breach_steps,mean_action_l2,mean_action_delta_l2,mean_guidance_action_l2,mean_guided_action_l2,mean_propeller_rps,mean_abs_propeller_rps,mean_target_alignment,mean_abs_depth_error,mean_current_speed,max_current_speed,reward_total_check,rc_window_mean__progress_reward,rc_cumulative_sum__progress_reward,rc_trigger_rate__progress_reward,rc_window_mean__closing_speed_reward,rc_cumulative_sum__closing_speed_reward,rc_trigger_rate__closing_speed_reward,rc_window_mean__alignment_reward,rc_cumulative_sum__alignment_reward,rc_trigger_rate__alignment_reward,rc_window_mean__step_penalty,rc_cumulative_sum__step_penalty,rc_trigger_rate__step_penalty,rc_window_mean__action_l2_penalty,rc_cumulative_sum__action_l2_penalty,rc_trigger_rate__action_l2_penalty,rc_window_mean__action_smooth_penalty,rc_cumulative_sum__action_smooth_penalty,rc_trigger_rate__action_smooth_penalty,rc_window_mean__roll_penalty,rc_cumulative_sum__roll_penalty,rc_trigger_rate__roll_penalty,rc_window_mean__pitch_penalty,rc_cumulative_sum__pitch_penalty,rc_trigger_rate__pitch_penalty,rc_window_mean__obstacle_clearance_penalty,rc_cumulative_sum__obstacle_clearance_penalty,rc_trigger_rate__obstacle_clearance_penalty,rc_window_mean__orbit_penalty,rc_cumulative_sum__orbit_penalty,rc_trigger_rate__orbit_penalty,rc_window_mean__goal_bonus,rc_cumulative_sum__goal_bonus,rc_trigger_rate__goal_bonus,rc_window_mean__collision_penalty,rc_cumulative_sum__collision_penalty,rc_trigger_rate__collision_penalty,rc_window_mean__out_of_bounds_penalty,rc_cumulative_sum__out_of_bounds_penalty,rc_trigger_rate__out_of_bounds_penalty,rc_window_mean__timeout_penalty,rc_cumulative_sum__timeout_penalty,rc_trigger_rate__timeout_penalty,rc_window_mean__timeout_distance_penalty,rc_cumulative_sum__timeout_distance_penalty,rc_trigger_rate__timeout_distance_penalty
4096,1,train,,0,1,short_2.5D_no_current,0,,808.8364277707367,587,1,0,0,0,goal,42.18210702081949,-5.953687452531945,-15.50423709209025,14.487354921940213,5.0,44.49576290790975,1.2283463871606952,1.2283463871606952,14.090045296031255,9.988531958249249,11.951684303807724,40.953760633658774,40.99734276142244,0.971913108588618,0.9989369523771999,1.396843024239264,1.5734928883647512,1.396713515149479,0.00303247254012491,0.010537592980127908,0.10826648687248312,0.16773463796248134,0.012726276577466496,0.040805767738401943,0.2818056917574495,0.4306543221951916,0.971604225093697,,,0,0.6140288066454518,0.5563138462634823,0.37821138057432546,0.5797475717416004,24.78457484897785,24.78457484897785,0.998953155506805,2.5356706181324906,0.0,0.0,808.8364277707365,0.29771445546918834,174.75838536041357,1.0,0.05581432454331694,32.763008506927044,1.0,0.007991625244054437,4.6910840182599545,1.0,-0.0020000000000000013,-1.1740000000000008,1.0,-0.0012280576132909027,-0.72086981900176,1.0,-0.0005563138462634828,-0.32655622775666443,1.0,-1.819483521459753e-05,-0.010680368270968752,1.0,-0.0019487967629210142,-1.1439436998346353,1.0,0.0,0.0,0.0,0.0,0.0,0.0,1.0221465076660987,600.0,0.0017035775127768314,0.0,0.0,0.0,0.0,0.0,0.0,0.0,0.0,0.0,0.0,0.0,0.0
4096,1,train,,1,1,short_2.5D_no_current,0,,801.325237137461,478,1,0,0,0,goal,34.04790639672032,-6.790296140720265,-32.73135338582677,11.882093509110843,5.0,27.268646614173228,1.2234174196268197,1.2234174196268197,11.665302670653713,9.989758638221767,10.792211309672787,32.82448897709352,32.84331888964573,0.9646208053723202,0.9994266744900082,1.374197443081411,1.5732318438489503,1.3741227043416189,0.004883119432760314,0.024671159570702095,0.05591626830005156,0.08839698801150409,0.015420207632665757,0.052195384240446785,0.152436520632817,0.27392333652900464,0.96434453875198,,,0,0.618429014160177,0.5145777629066851,0.36515933345364227,0.5649339410955686,24.45984956187574,24.45984956187574,0.9994098232308779,1.0898821994380528,0.0,0.0,801.3252371374608,0.3630380699964094,173.5321974582837,1.0,0.054936383225261065,26.25959118167479,1.0,0.007995278585847025,3.8217431640348782,1.0,-0.0020000000000000013,-0.9560000000000007,1.0,-0.0012368580283203543,-0.5912181375371294,1.0,-0.0005145777629066856,-0.24596817066939572,1.0,-2.9298716592316196e-05,-0.014004786531127142,1.0,-0.0010064928280226165,-0.48110357179481067,1.0,0.0,0.0,0.0,0.0,0.0,0.0,1.2552301255230125,600.0,0.0020920502092050207,0.0,0.0,0.0,0.0,0.0,0.0,0.0,0.0,0.0,0.0,0.0,0.0
4096,1,train,,2,1,short_2.5D_no_current,0,,803.4479940692204,504,1,0,0,0,goal,36.20226642447906,-36.64335505776389,-3.9934795527559004,8.306626360510602,5.0,23.35664494223611,1.248468799989122,1.248468799989122,8.487897357969569,8.487897357969569,9.32106820046477,34.953797624489894,34.9676094711698,0.9658955895514205,0.9996050102683958,1.387603550443247,1.5682402715072319,1.3875543996361663,0.004087657158012338,0.020285696144648924,0.04664597465972276,0.07661752818623757,0.014567834463569048,0.0421885385266032,0.16224494646179474,0.2598328179559936,0.9656948898762897,,,0,0.6272169474423641,0.519901792579774,0.3686166742284383,0.5697723846394747,24.664462187790686,24.664462187790686,0.9995589743367462,1.0144418399541635,0.0,0.0,803.4479940692202,0.34482645382562327,173.79253272811414,1.0,0.055482218451571315,27.96303809959194,1.0,0.007996471794693975,4.0302217845257635,1.0,-0.0020000000000000013,-1.0080000000000007,1.0,-0.0012544338948847294,-0.6322346830219036,1.0,-0.0005199017925797739,-0.262030503460206,1.0,-2.4525942913030658e-05,-0.012361075228167451,1.0,-0.0008396275422648098,-0.4231722813014641,1.0,0.0,0.0,0.0,0.0,0.0,0.0,1.1904761904761905,600.0,0.001984126984126984,0.0,0.0,0.0,0.0,0.0,0.0,0.0,0.0,0.0,0.0,0.0,0.0
4096,1,train,,3,1,short_2.5D_no_current,0,,811.3964455515052,604,1,0,0,0,goal,43.81314143621752,-15.544835275815736,-3.6533026469030503,9.32629951359,5.0,44.455164724184264,1.2255796338327423,1.2255796338327423,9.438831047174169,9.438831047174169,9.76317570478365,42.58756180238479,42.5971773604857,0.9722465900441766,0.9997742677168594,1.410502561605488,1.5711444615607186,1.4104570584936682,0.004125777850018534,0.02165774178755564,0.017424843073983058,0.07449791839891029,0.011173126928696885,0.03354152946716438,0.10232091991157012,0.16386518171392803,0.9721161164510971,,,0,0.6210038225391621,0.5080555060266252,0.37667182006484623,0.5799412370122821,25.001286501512563,25.001286501512563,0.9997820566134575,0.43687619119364945,0.0,0.0,811.396445551505,0.2896769570667108,174.96488206829332,1.0,0.056407366625675186,34.07004944190781,1.0,0.007998256452907648,4.830946897556219,1.0,-0.0020000000000000013,-1.2080000000000009,1.0,-0.0012420076450783241,-0.7501726176273078,1.0,-0.0005080555060266249,-0.3068655256400814,1.0,-2.475466708241681e-05,-0.014951818917779754,1.0,-0.0003136471756078877,-0.18944289406716416,1.0,0.0,0.0,0.0,0.0,0.0,0.0,0.9933774834437086,600.0,0.0016556291390728477,0.0,0.0,0.0,0.0,0.0,0.0,0.0,0.0,0.0,0.0,0.0,0.0
4096,1,train,,4,1,short_2.5D_no_current,0,,807.2273739708153,558,1,0,0,0,goal,40.265046883689,0.12537301240362808,-41.722547674419786,12.874242625544152,5.0,18.277452325580214,1.246837485682593,1.246837485682593,12.66046294487759,9.997260999434825,11.30168726756163,39.0182093980064,39.032328577317045,0.96938490324045,0.9996382696132857,1.3990081927353806,1.5795918142310825,1.3989454505730852,0.002695987586680985,0.006818667933406797,0.07370204052475389,0.10581286330238715,0.013684952722305108,0.040077177326005575,0.12942992932332503,0.2202370385654685,0.9692308906521425,,,0,0.6318587900329662,0.5472758945067644,0.3723220515422069,0.5790218797956316,24.830369668121413,24.830369668121413,0.9996563094841274,1.5725553579825102,0.0,0.0,807.2273739708152,0.31259169266597614,174.4261645076147,1.0,0.05594008515843208,31.2145675184051,1.0,0.007997250475873014,4.462465765537142,1.0,-0.0020000000000000013,-1.1160000000000008,1.0,-0.0012637175800659316,-0.7051544096767899,1.0,-0.0005472758945067642,-0.3053799491347744,1.0,-1.617592548603738e-05,-0.009026166421208858,1.0,-0.001326636730302726,-0.7402632955089211,1.0,0.0,0.0,0.0,0.0,0.0,0.0,1.075268817204301,600.0,0.0017921146953405018,0.0,0.0,0.0,0.0,0.0,0.0,0.0,0.0,0.0,0.0,0.0,0.0
4096,1,train,,5,1,short_2.5D_no_current,0,,803.5815222077129,507,1,0,0,0,goal,36.2361048276954,-6.076619742745358,-27.331012578580918,8.674736735074495,5.0,32.66898742141908,1.2470614953444208,1.2470614953444208,8.82095741196191,8.82095741196191,9.413124020500009,34.98904333235096,34.997745619557385,0.9658252669809164,0.9997513472067315,1.3805816812448646,1.5909082598004691,1.3805313578536418,0.004424227096293584,0.02457579498685325,0.036149916867129414,0.062223091196764724,0.011713565955859364,0.036151758442880766,0.07800033330669008,0.11057034510245352,0.9657005289928728,,,0,0.6208517490252412,0.5580860386259074,0.3668788480893865,0.5669549386176838,24.545066601111255,24.545066601111255,0.9997098982051024,0.7383872854255241,0.0,0.0,803.581522207713,0.3428112823066766,173.80532012948504,1.0,0.05520953583013967,27.991234665880814,1.0,0.007997679185640816,4.054823347119894,1.0,-0.0020000000000000013,-1.0140000000000007,1.0,-0.0012417034980504833,-0.629543673511595,1.0,-0.0005580860386259077,-0.2829496215833352,1.0,-2.6545362560763117e-05,-0.0134584988183069,1.0,-0.0006506985026816758,-0.3299041408596096,1.0,0.0,0.0,0.0,0.0,0.0,0.0,1.183431952662722,600.0,0.0019723865877712033,0.0,0.0,0.0,0.0,0.0,0.0,0.0,0.0,0.0,0.0,0.0,0.0
4096,1,train,,6,1,short_2.5D_no_current,0,,806.305376669058,538,1,0,0,0,goal,38.73774716670213,-3.1812718731655423,-27.962920428972772,10.320982981397865,5.0,32.03707957102723,1.2459793993017467,1.2459793993017467,10.325444221536351,9.994768499204955,10.110712010638387,37.49176776740038,37.501362087615576,0.9680831961196413,0.9997441607536074,1.394102679837009,1.5715572174612256,1.394059598135413,0.0025880750367546423,0.00385214609670248,0.014655161458089696,0.05406496640226832,0.015247895159379844,0.0464127541073327,0.06589797993160605,0.1857143455381892,0.9678436541100274,,,0,0.6233193931917635,0.5653194571900628,0.37110415155061116,0.572127724239485,24.747157890459633,24.747157890459633,0.9996925743023517,0.21033279983661485,0.0,0.0,806.3053766690582,0.32381114133824207,174.21039403997423,1.0,0.05574984054632024,29.99341421392029,1.0,0.007997540594418819,4.302676839797325,1.0,-0.0020000000000000013,-1.0760000000000007,1.0,-0.0012466387863835282,-0.6706916670743381,1.0,-0.0005653194571900632,-0.304141867968254,1.0,-1.5528450175045666e-05,-0.008354306194174568,1.0,-0.0002637929059422016,-0.14192058339690447,1.0,0.0,0.0,0.0,0.0,0.0,0.0,1.1152416356877324,600.0,0.0018587360594795538,0.0,0.0,0.0,0.0,0.0,0.0,0.0,0.0,0.0,0.0,0.0,0.0
8192,2,train,,0,1,short_2.5D_no_current,0,,807.524695961941,558,1,0,0,0,goal,40.22695688999995,0.0889423442810795,-42.73229969384991,8.09755401395741,5.0,17.26770030615009,1.2432986617779191,1.2432986617779191,8.317780407550305,8.317780407550305,9.222581564697748,38.98365822822207,39.00122335024655,0.9695295484790174,0.9995496263830809,1.3978933100446798,1.5799531244372345,1.3978301577557282,0.003727497038820238,0.016743434724293405,0.04851704408780635,0.09411535345301658,0.012308927926932379,0.05183641681408835,0.1628308660534377,0.24702991160475032,0.9693567838742566,,,0,0.6051713276410803,0.483407722791076,0.37376984624078624,0.5739540814098277,24.813011370526795,24.813011370526795,0.9995397202188345,1.125027550740333,0.0,0.0,807.524695961941,0.31261061224179315,174.43672163092057,1.0,0.05589054943114271,31.186926582577634,1.0,0.007996317761750677,4.461945311056878,1.0,-0.0020000000000000013,-1.1160000000000008,1.0,-0.0012103426552821613,-0.675371201647446,1.0,-0.0004834077227910758,-0.2697415093174203,1.0,-2.2364982178162302e-05,-0.012479660055414565,1.0,-0.0008733067949708078,-0.4873051915937108,1.0,0.0,0.0,0.0,0.0,0.0,0.0,1.075268817204301,600.0,0.0017921146953405018,0.0,0.0,0.0,0.0,0.0,0.0,0.0,0.0,0.0,0.0,0.0,0.0
8192,2,train,,1,1,short_2.5D_no_current,0,,799.3113154816233,453,1,0,0,0,goal,32.085549833121505,-12.29061674100712,-23.886156986287233,11.420088317460733,5.0,36.11384301371277,1.2300886090556424,1.2300886090556424,11.242844667083189,9.988045909479522,10.610824152281648,30.85546122406586,30.86826728531836,0.9620613468014639,0.9995851383190987,1.362837407740325,1.5675298367297166,1.36277506670367,0.0030342208103896163,0.011201583305830098,0.04457758053132237,0.06987757436485786,0.014179498567746363,0.04228782334649317,0.10878342803403414,0.20024087796503584,0.9618567767760049,,,0,0.6221671283705609,0.5587624736401616,0.3609574990425152,0.5606900379555115,24.28481074794673,24.28481074794673,0.9995258086831923,0.809264165179086,0.0,0.0,799.3113154816232,0.3821174401645035,173.0992003945201,1.0,0.05449088074890216,24.684368979252678,1.0,0.007996206469465547,3.622281530667893,1.0,-0.0020000000000000013,-0.9060000000000007,1.0,-0.0012443342567411224,-0.5636834183037285,1.0,-0.0005587624736401619,-0.25311940055899335,1.0,-1.8205324847987247e-05,-0.008247012156138224,1.0,-0.000802396449886435,-0.36348559179855505,1.0,0.0,0.0,0.0,0.0,0.0,0.0,1.3245033112582782,600.0,0.002207505518763797,0.0,0.0,0.0,0.0,0.0,0.0,0.0,0.0,0.0,0.0,0.0,0.0
8192,2,train,,2,1,short_2.5D_no_current,0,,811.5914679356086,616,1,0,0,0,goal,44.460383683818165,-32.08311096402795,3.6923508718864184,12.242110744900076,5.0,27.916889035972048,1.2425343620573346,1.2425343620573346,12.113337597686085,9.995614692086658,11.011264006822532,43.21784932176082,43.228795751833914,0.9722992059460679,0.999746779203938,1.4035323296049933,1.560593346171987,1.4034829258165455,0.004082895586723919,0.022667744110675514,0.051226811151861375,0.08942479463558817,0.01341183297603576,0.04010916017978072,0.10936484686382718,0.18979916944144426,0.972101078493246,,,0,0.6007606775209597,0.5254322252948406,0.3769425418735905,0.5749608740065392,24.87626445766402,24.87626445766402,0.9997047941101708,1.2308467380775439,0.0,0.0,811.5914679356086,0.28404146091247223,174.9695399220829,1.0,0.05612707704124782,34.57427945740866,1.0,0.00799763835288137,4.926545225374924,1.0,-0.0020000000000000013,-1.2320000000000009,1.0,-0.0012015213550419185,-0.7401371547058218,1.0,-0.0005254322252948408,-0.3236662507816219,1.0,-2.449737342711192e-05,-0.015090382031100944,1.0,-0.0009220826002261171,-0.5680028817392881,1.0,0.0,0.0,0.0,0.0,0.0,0.0,0.974025974025974,600.0,0.0016233766233766235,0.0,0.0,0.0,0.0,0.0,0.0,0.0,0.0,0.0,0.0,0.0,0.0
8192,2,train,,3,1,short_2.5D_no_current,0,,806.2124641796579,541,1,0,0,0,goal,38.62425838214806,-10.491411687158362,-15.097914791138074,10.98117460461457,5.0,44.902085208861926,1.2315799376226375,1.2315799376226375,10.879908090823497,9.99069179512488,10.41673735220215,37.39267844452543,37.40466187211437,0.968424079552104,0.9996796274317377,1.3827971117232656,1.5842131100508767,1.3827452129480935,0.002921829572782693,0.01068118509269178,0.0262695993970098,0.05225165849399671,0.020079253355498042,0.05716893365583875,0.09868465161507804,0.17388559999838693,0.9682201752021713,,,0,0.5988322063392224,0.5418038886383024,0.3714146636109696,0.5659678814839744,24.565912011011882,24.565912011011882,0.9995802322653271,0.5644372524124175,0.0,0.0,806.2124641796577,0.3221081111786739,174.26048814766256,1.0,0.055294164058447906,29.91414275562032,1.0,0.007996641858122617,4.326183245244335,1.0,-0.0020000000000000013,-1.0820000000000007,1.0,-0.0011976644126784459,-0.6479364472590392,1.0,-0.0005418038886383027,-0.29311590375332175,1.0,-1.7530977437553472e-05,-0.009484258793716428,1.0,-0.0004728527893964292,-0.2558133590634682,1.0,0.0,0.0,0.0,0.0,0.0,0.0,1.1090573012939002,600.0,0.0018484288354898336,0.0,0.0,0.0,0.0,0.0,0.0,0.0,0.0,0.0,0.0,0.0,0.0
8192,2,train,,4,1,short_2.5D_no_current,0,,803.5266448214177,500,1,0,0,0,goal,35.81923077142117,-5.532374150844028,-30.259252445837028,9.656636540983069,5.0,29.740747554162972,1.2247354774965822,1.2247354774965822,9.728258820157167,9.728258820157167,9.887044625505153,34.594495293924574,34.60215111082877,0.966021613686817,0.9997787473709463,1.3840860444331462,1.581900255335628,1.3840502035154665,0.0035202977321361784,0.015869415902427075,0.012850661330994146,0.03845082411372314,0.01251395909510661,0.04399811568712009,0.09989624218756145,0.2276047222111766,0.9658643929083307,,,0,0.6196860658302903,0.4950661570644006,0.366334898903966,0.5665456676185131,24.617173039193034,24.617173039193034,0.9997665949946053,0.23040808452209202,0.0,0.0,803.5266448214178,0.34769083639142384,173.84541819571191,1.0,0.055351192470279385,27.675596235139693,1.0,0.007998132759956852,3.999066379978426,1.0,-0.0020000000000000013,-1.0000000000000007,1.0,-0.0012393721316605803,-0.6196860658302902,1.0,-0.0004950661570644013,-0.2475330785322006,1.0,-2.1121786437055543e-05,-0.010560893218527772,1.0,-0.0002313119036624254,-0.1156559518312127,1.0,0.0,0.0,0.0,0.0,0.0,0.0,1.2,600.0,0.002,0.0,0.0,0.0,0.0,0.0,0.0,0.0,0.0,0.0,0.0,0.0,0.0
8192,2,train,,5,1,short_2.5D_no_current,0,,799.9025455033186,463,1,0,0,0,goal,32.77001291416591,-12.76434518015661,-21.84106836575407,11.531683659155611,5.0,38.15893163424593,1.2496868431253607,1.2496868431253607,11.346158889197564,9.989215679127817,10.61709706493994,31.520326071040557,31.53710963681202,0.9623770890605622,0.9994678153462777,1.3622941527780585,1.5689208497751832,1.3622188597518428,0.004490841476370012,0.02306762223505343,0.0472140789961204,0.08236904599449213,0.017081515177269538,0.05410587361381758,0.15629163946835148,0.22143337698862703,0.9620851036890903,,,0,0.6092070319024006,0.5511852212141612,0.36309084072548165,0.5594722791846447,24.265955332185523,24.265955332185523,0.9994276440618081,0.9145865942156602,0.0,0.0,799.9025455033185,0.3739431680641052,173.1356868136807,1.0,0.05446276642944372,25.21626085683244,1.0,0.007995421152494455,3.7018799936049325,1.0,-0.0020000000000000013,-0.9260000000000007,1.0,-0.0012184140638048008,-0.5641257115416227,1.0,-0.0005511852212141604,-0.25519875742215625,1.0,-2.694504880749697e-05,-0.012475557597871098,1.0,-0.0008498534216801603,-0.3934821342379142,1.0,0.0,0.0,0.0,0.0,0.0,0.0,1.2958963282937366,600.0,0.0021598272138228943,0.0,0.0,0.0,0.0,0.0,0.0,0.0,0.0,0.0,0.0,0.0,0.0
8192,2,train,,6,1,short_2.5D_no_current,0,,801.6859925784252,479,1,0,0,0,goal,33.99096120451762,-15.89858278618464,-16.032906020850312,10.292468950887818,5.0,43.96709397914969,1.2203316189172742,1.2203316189172742,10.31491747929586,9.993975998311019,10.126153736698965,32.77062958560035,32.775631550613895,0.964245504956706,0.9998473876847858,1.368502361194733,1.5719437526327371,1.368466517542455,0.002764652333543209,0.008925523485159292,0.012108214964498631,0.03682316889995718,0.01236635033953175,0.050316745665321516,0.049181912792432544,0.12469165372411095,0.9641119366913209,,,0,0.6020347902795303,0.5269509529897123,0.3625894201324479,0.5582190056901137,24.358966090432446,24.358966090432446,0.9998140726821605,0.16932673141872054,0.0,0.0,801.6859925784248,0.3622916552384064,173.53770285919666,1.0,0.05473174043524066,26.216503668480275,1.0,0.007998512581457277,3.8312875265180355,1.0,-0.0020000000000000013,-0.9580000000000007,1.0,-0.0012040695805590603,-0.5767493290877899,1.0,-0.0005269509529897127,-0.2524095064820724,1.0,-1.6587914004823482e-05,-0.007945610808310449,1.0,-0.00021794786929422137,-0.10439702939193203,1.0,0.0,0.0,0.0,0.0,0.0,0.0,1.2526096033402923,600.0,0.0020876826722338203,0.0,0.0,0.0,0.0,0.0,0.0,0.0,0.0,0.0,0.0,0.0,0.0
12288,3,train,,0,1,short_2.5D_no_current,0,,793.6763633813677,386,1,0,0,0,goal,26.78116398387053,-27.535807090778917,-16.29695786735352,10.20107986142984,5.0,32.46419290922108,1.2411131716769532,1.2411131716769532,10.174433477652524,10.000007950019047,10.100525732845803,25.540050812193563,25.545912602065997,0.9538761129819269,0.9997705390305005,1.323622414614819,1.56807451055758,1.3235944351215803,0.004469567738902997,0.020342964353576853,0.009705032047887667,0.03509099767322299,0.019039898742069992,0.04603064136347168,0.06236323720982829,0.11188058015724398,0.9537286610456663,,,0,0.5864447632640446,0.5144001513290088,0.34775570019539154,0.5342841306073987,23.670717174581853,23.670717174581853,0.9997073228129183,0.1005541285840462,0.0,0.0,793.6763633813675,0.44471062802063877,171.65830241596657,1.0,0.05293274779729242,20.432040649754875,1.0,0.00799765858250335,3.0870962128462933,1.0,-0.0020000000000000013,-0.7720000000000006,1.0,-0.0011728895265280884,-0.4527353572398421,1.0,-0.0005144001513290089,-0.19855845841299744,1.0,-2.6817406452365503e-05,-0.010351518890613084,1.0,-0.00017469057683109355,-0.06743056265680211,1.0,0.0,0.0,0.0,0.0,0.0,0.0,1.5544041450777202,600.0,0.0025906735751295338,0.0,0.0,0.0,0.0,0.0,0.0,0.0,0.0,0.0,0.0,0.0,0.0
12288,3,train,,1,1,short_2.5D_no_current,0,,805.9115772773821,534,1,0,0,0,goal,38.294843217027626,-24.556916958709216,-4.974230184173869,11.096198889475252,5.0,35.443083041290784,1.217414755943528,1.217414755943528,11.032498709413185,9.988118086014131,10.478179255253137,37.07742846108414,37.08565021619262,0.9684241297455595,0.9997783036009725,1.3889756635278139,1.5864635659123048,1.3889309297366408,0.00313614832983058,0.012866259071496522,0.030052107887487998,0.05432826410240876,0.014899139305734107,0.04495116823996437,0.11338529945168069,0.19258694289849085,0.9682343097646655,,,0,0.6134314580353095,0.5184371670646365,0.3700792036448302,0.5691563769309932,24.67382515771486,24.67382515771486,0.9997274776027958,0.6180196342221111,0.0,0.0,805.9115772773821,0.32636273042806657,174.27769804858755,1.0,0.05554670930499492,29.661942768867284,1.0,0.00799781982082238,4.270835784319151,1.0,-0.0020000000000000013,-1.0680000000000007,1.0,-0.0012268629160706185,-0.6551447971817103,1.0,-0.0005184371670646366,-0.27684544721251597,1.0,-1.8816889965001902e-05,-0.010048219241311015,1.0,-0.0005409379414913217,-0.28886086075636574,1.0,0.0,0.0,0.0,0.0,0.0,0.0,1.1235955056179776,600.0,0.0018726591760299626,0.0,0.0,0.0,0.0,0.0,0.0,0.0,0.0,0.0,0.0,0.0,0.0
12288,3,train,,2,1,short_2.5D_no_current,0,,804.8421271712722,523,1,0,0,0,goal,37.35204368636611,-3.0997524620858243,-45.69389685627065,8.938662269109358,5.0,14.306103143729352,1.245368344708489,1.245368344708489,9.057109061719888,9.057109061719888,9.534099164214089,36.106675341657635,36.11915617848883,0.9669927697068074,0.9996544538092326,1.3812296817777752,1.5850992635177958,1.3811945701311397,0.0032729136993763083,0.01415226974999495,0.027714653018524327,0.04982972370520322,0.018638227047513133,0.044618925609139826,0.14960477874176967,0.2639722064576461,0.9668132205152279,,,0,0.5945113157180367,0.5450367333534856,0.36951692777028733,0.56248782985411,24.547020422691237,24.547020422691237,0.9995991552665466,0.5954368951047314,0.0,0.0,804.8421271712724,0.33269321840721333,173.99855322697258,1.0,0.05523009612490649,28.885340273326094,1.0,0.007996793242132375,4.182322865635232,1.0,-0.0020000000000000013,-1.0460000000000007,1.0,-0.0011890226314360726,-0.621858836241066,1.0,-0.0005450367333534861,-0.2850542115438732,1.0,-1.9637482171396226e-05,-0.010270403175640225,1.0,-0.0004988637546862674,-0.26090574370091785,1.0,0.0,0.0,0.0,0.0,0.0,0.0,1.147227533460803,600.0,0.0019120458891013384,0.0,0.0,0.0,0.0,0.0,0.0,0.0,0.0,0.0,0.0,0.0,0.0
12288,3,train,,3,1,short_2.5D_no_current,0,,808.992594069923,575,1,0,0,0,goal,41.34898412829004,-10.582692409731571,-10.946026868556345,9.523399686878733,5.0,49.053973131443655,1.2421897816209335,1.2421897816209335,9.578169342390488,9.578169342390488,9.842293488131924,40.10679434666913,40.11637205227145,0.9701900275906593,0.9997612519499554,1.3953520713833527,1.572528586488222,1.395317263635256,0.0026726092065028294,0.007088800896945635,0.012919047460236519,0.03765072912820644,0.014295755442278974,0.06108947739872095,0.14467054935054005,0.25740744628369433,0.9699835191334232,,,0,0.6037651388055605,0.5163033816141441,0.3728558971311735,0.5717975928213286,24.757209671218753,24.757209671218753,0.9997356955372294,0.31889380125319383,0.0,0.0,808.9925940699228,0.3036391502441944,174.5925113904118,1.0,0.05580075735188742,32.08543547733527,1.0,0.007997885564297822,4.598784199471248,1.0,-0.0020000000000000013,-1.1500000000000008,1.0,-0.0012075302776111212,-0.6943299096263947,1.0,-0.000516303381614144,-0.2968744444281328,1.0,-1.6035655253202932e-05,-0.009220501770591685,1.0,-0.0002325428547310806,-0.13371214147037133,1.0,0.0,0.0,0.0,0.0,0.0,0.0,1.0434782608695652,600.0,0.0017391304347826088,0.0,0.0,0.0,0.0,0.0,0.0,0.0,0.0,0.0,0.0,0.0,0.0
12288,3,train,,4,1,short_2.5D_no_current,0,,807.2926492181851,553,1,0,0,0,goal,39.79530826383864,-0.7030024179091896,-46.09719307976779,8.504414029510606,5.0,13.902806920232209,1.2187684395393317,1.2187684395393317,8.670695059787262,8.670695059787262,9.400634620680794,38.57653982429936,38.59747570204654,0.9699001562231758,0.9994575842754888,1.3959304051373074,1.5649787376696664,1.3958721944220023,0.004040834668875291,0.021250034331202095,0.0383459501234148,0.06802020561923472,0.020393485464492767,0.06762664771830229,0.20605633238024404,0.3857622992665959,0.9695289261706842,,,0,0.617320123035966,0.5306545315692656,0.3745141441093431,0.5732954296588251,24.784578733636952,24.784578733636952,0.9994114750388791,0.8962205911701896,0.0,0.0,807.292649218185,0.3155286294446691,174.48733208290201,1.0,0.05580692922140948,30.861231859439442,1.0,0.007995291800311045,4.421396365572008,1.0,-0.0020000000000000013,-1.1060000000000008,1.0,-0.0012346402460719328,-0.6827560560777788,1.0,-0.0005306545315692658,-0.293451955957804,1.0,-2.4245007996793348e-05,-0.01340748942222672,1.0,-0.0006902271035635945,-0.38169558827066774,1.0,0.0,0.0,0.0,0.0,0.0,0.0,1.0849909584086799,600.0,0.0018083182640144665,0.0,0.0,0.0,0.0,0.0,0.0,0.0,0.0,0.0,0.0,0.0,0.0
12288,3,train,,5,1,short_2.5D_no_current,0,,795.6582397884436,419,1,0,0,0,goal,29.218597809625937,-12.891274098969618,-50.394085962457794,13.28731120956321,5.0,9.605914037542206,1.246387690545347,1.246387690545347,9.9730418063588,9.9730418063588,10.941697822050019,27.972210119080597,27.99762086240948,0.9582123360206488,0.9990923963341826,1.336401950473007,1.5566784705838053,1.3362780046820695,0.002606630252030161,0.006933589400245577,0.11366131304178474,0.1449900765614025,0.01350316631361315,0.04472368508888813,0.20526507468056335,0.265854350119509,0.9579369646511262,,,0,0.5668620253337419,0.5098070316527902,0.3572292844620411,0.542953186128333,23.878674995513485,23.878674995513485,0.9991704316486523,1.8676478300693824,0.0,0.0,795.6582397884436,0.41126892271726045,172.32167861853213,1.0,0.05340756108655008,22.377768095264482,1.0,0.007993363453189212,3.34921928688628,1.0,-0.0020000000000000013,-0.8380000000000006,1.0,-0.0011337240506674835,-0.47503037722967556,1.0,-0.0005098070316527906,-0.21360914626251923,1.0,-1.563978150034343e-05,-0.006553068448643898,1.0,-0.002045903628397521,-0.8572336202985613,1.0,0.0,0.0,0.0,0.0,0.0,0.0,1.431980906921241,600.0,0.002386634844868735,0.0,0.0,0.0,0.0,0.0,0.0,0.0,0.0,0.0,0.0,0.0,0.0
12288,3,train,,6,1,short_2.5D_no_current,0,,811.8788560438633,613,1,0,0,0,goal,44.39790226165722,3.769324920549323,-47.40243409247153,10.789867546910784,5.0,12.59756590752847,1.2405578302516884,1.2405578302516884,10.72813079355026,9.993809518603243,10.324316056219065,43.15734443140549,43.17276179470375,0.9724054424974146,0.9996428914283609,1.408572978620023,1.582270080773331,1.4085315470009567,0.004263412528269175,0.025381848895678072,0.018732029820307937,0.03692030265689894,0.0208720411187466,0.05526204950712721,0.2191455337398433,0.3915202706287513,0.972101222556934,,,0,0.6111992987595972,0.5252083035480865,0.37810036664005203,0.5766104954442232,24.969303357646567,24.969303357646567,0.9996247359428797,0.4655514906917222,0.0,0.0,811.8788560438632,0.28543307320094974,174.9704738721822,1.0,0.05632279860542316,34.5258755451244,1.0,0.007996997887543033,4.902159705063879,1.0,-0.0020000000000000013,-1.2260000000000009,1.0,-0.0012223985975191947,-0.7493303402792664,1.0,-0.0005252083035480868,-0.32195269007497723,1.0,-2.558047508204904e-05,-0.015680831225296062,1.0,-0.0003371765365868305,-0.2066892169277271,1.0,0.0,0.0,0.0,0.0,0.0,0.0,0.9787928221859706,600.0,0.0016313213703099511,0.0,0.0,0.0,0.0,0.0,0.0,0.0,0.0,0.0,0.0,0.0,0.0
12288,3,train,,7,1,short_2.5D_no_current,0,,793.568271056852,383,1,0,0,0,goal,26.674163644149797,-16.154584416103987,-51.93999973826797,9.413853263821471,5.0,8.060000261732029,1.222509024645661,1.222509024645661,8.555357583883477,8.555357583883477,9.727493845474438,25.45165461950413,25.460010679002014,0.9544820605682206,0.9996717967009822,1.3295044740993198,1.561787160038143,1.3294681877043828,0.005759086380683085,0.027134535081974054,0.023537556012004707,0.047853726478162883,0.019406675344735662,0.05953789006794974,0.13743206495180466,0.22153838865406272,0.954232257905815,,,0,0.6092977137462899,0.5173044327218523,0.3488275422556593,0.5399796719183809,23.7967147311677,23.7967147311677,0.9996461963961476,0.3782210655784211,0.0,0.0,793.5682710568524,0.4484344212879273,171.75038335327616,1.0,0.05316272505379449,20.36132369560329,1.0,0.007997169571169183,3.0629159457577972,1.0,-0.0020000000000000013,-0.7660000000000006,1.0,-0.0012185954274925809,-0.46672204872965845,1.0,-0.000517304432721852,-0.1981275977324693,1.0,-3.455451825510085e-05,-0.013234380491703626,1.0,-0.0004236760073917882,-0.16226791083105488,1.0,0.0,0.0,0.0,0.0,0.0,0.0,1.566579634464752,600.0,0.0026109660574412533,0.0,0.0,0.0,0.0,0.0,0.0,0.0,0.0,0.0,0.0,0.0,0.0
16384,4,train,,0,1,short_2.5D_no_current,0,,804.5569765910103,523,1,0,0,0,goal,37.67627957174591,-20.02870067872346,-8.240757582426042,13.46406796268609,5.0,39.97129932127654,1.23116170230764,1.23116170230764,13.13358558129952,9.999257569497095,11.455323822611568,36.44511786943828,36.477440448150965,0.9681805332898641,0.9991139022279089,1.3949308010765151,1.5698721655656116,1.3948476964689862,0.003983839049644645,0.021211659152239548,0.09311498273208207,0.13582766562638726,0.014750023715758905,0.041337821618814274,0.2839956827906157,0.41604236860683524,0.967898068141094,,,0,0.6425386106677311,0.5556085442422567,0.3730846563956022,0.5779121031781683,24.77827242830636,24.77827242830636,0.9991809669009337,2.0087441400745196,0.0,0.0,804.5569765910104,0.33292174669548796,174.1180735217402,1.0,0.05574779024005851,29.156094295550602,1.0,0.007993447735207467,4.180573165513505,1.0,-0.0020000000000000013,-1.0460000000000007,1.0,-0.0012850772213354631,-0.6720953867584473,1.0,-0.0005556085442422572,-0.29058326863870054,1.0,-2.3903034326589177e-05,-0.01250128695280614,1.0,-0.001676069693009495,-0.8765844494439659,1.0,0.0,0.0,0.0,0.0,0.0,0.0,1.147227533460803,600.0,0.0019120458891013384,0.0,0.0,0.0,0.0,0.0,0.0,0.0,0.0,0.0,0.0,0.0,0.0
16384,4,train,,1,1,short_2.5D_no_current,0,,797.720343445944,429,1,0,0,0,goal,30.276918673932446,-34.03731657295182,-10.316868745291636,10.223449440544933,5.0,25.962683427048177,1.2153298782724684,1.2153298782724684,10.22870450085384,10.000010984660607,10.116130306590223,29.061588795659986,29.075707455266503,0.9603258432074149,0.9995144173317796,1.3555108370753637,1.5754413506632197,1.3554605074875292,0.0050169761610005,0.024165725930979765,0.011429473798745244,0.046840015725358786,0.023434102026621686,0.05638192344367088,0.20046355716671257,0.36357344777321376,0.9599103117312299,,,0,0.6352089480486088,0.5360163358020615,0.35750700215568076,0.5553981554813874,24.193932673524962,24.193932673524962,0.9995600746483589,0.10818770097075257,0.0,0.0,797.7203434459439,0.4027382624987871,172.77471461197965,1.0,0.054194104980251775,23.24927103652801,1.0,0.007996480597186873,3.4304901761931683,1.0,-0.0020000000000000013,-0.8580000000000007,1.0,-0.001270417896097218,-0.5450092774257065,1.0,-0.0005360163358020614,-0.22995100805908436,1.0,-3.010185697287732e-05,-0.01291369664136437,1.0,-0.00020573052827697685,-0.08825839663082306,1.0,0.0,0.0,0.0,0.0,0.0,0.0,1.3986013986013985,600.0,0.002331002331002331,0.0,0.0,0.0,0.0,0.0,0.0,0.0,0.0,0.0,0.0,0.0,0.0
16384,4,train,,2,1,short_2.5D_no_current,0,,796.7968409016338,431,1,0,0,0,goal,30.53152430350026,-11.044628356732176,-48.71136442927251,14.22759495172778,5.0,11.288635570727493,1.2456276294374886,1.2456276294374886,11.490284955157605,9.98865187862687,11.485262134251084,29.28589667406278,29.348230122768197,0.9612435275432218,0.997876074691909,1.3618668270426073,1.5745206201789388,1.361669156678811,0.0029288073799748466,0.007639512996516551,0.13924316284674682,0.1963306578913615,0.0301355671666424,0.08000099268717609,0.33796890457585754,0.4612029350932959,0.9606590133154715,,,0,0.6434561998049648,0.5204478164814983,0.36939401748285494,0.5712191292588229,24.310711444922976,24.310711444922976,0.9978459719658559,2.4471965120073262,0.0,0.0,796.7968409016335,0.4005947685749654,172.6563452558101,1.0,0.05435897294489608,23.428717339250213,1.0,0.007982767775726861,3.440572911338277,1.0,-0.0020000000000000013,-0.8620000000000007,1.0,-0.0012869123996099292,-0.5546592442318795,1.0,-0.0005204478164814976,-0.22431300890352548,1.0,-1.757284427473199e-05,-0.007573895882409488,1.0,-0.002506376927487849,-1.080248455747263,1.0,0.0,0.0,0.0,0.0,0.0,0.0,1.3921113689095128,600.0,0.002320185614849188,0.0,0.0,0.0,0.0,0.0,0.0,0.0,0.0,0.0,0.0,0.0,0.0
16384,4,train,,3,1,short_2.5D_no_current,0,,803.8655701167706,515,1,0,0,0,goal,36.91655949297925,-34.54231109720383,-3.6238934190206535,13.134464331939808,5.0,25.45768890279617,1.230931944153013,1.230931944153013,12.899425864738793,9.999171862931357,11.34128855801192,35.685627548826254,35.719901205938264,0.9675847829950521,0.9990404884684752,1.3871806293568256,1.5800710949321206,1.3871063973044406,0.004613852873684139,0.02324595999140522,0.08659268732628458,0.12388612956233036,0.028582758852337728,0.08768674642421637,0.31919937502175233,0.480828666002381,0.9670717856178112,,,0,0.6413932512396747,0.5619584456574425,0.37302843126857166,0.572465955415397,24.65665605048178,24.65665605048178,0.9990134418409874,1.7931757739278886,0.0,0.0,803.8655701167708,0.3378604803162082,173.99814736284722,1.0,0.05543398454186603,28.548502039061006,1.0,0.007992107534727903,4.11593538038487,1.0,-0.0020000000000000013,-1.0300000000000007,1.0,-0.0012827865024793497,-0.6606350487768651,1.0,-0.0005619584456574418,-0.28940859951358255,1.0,-2.7683117243729603e-05,-0.014256805380520746,1.0,-0.00155866837252691,-0.8027142118513586,1.0,0.0,0.0,0.0,0.0,0.0,0.0,1.1650485436893203,600.0,0.001941747572815534,0.0,0.0,0.0,0.0,0.0,0.0,0.0,0.0,0.0,0.0,0.0,0.0
16384,4,train,,4,1,short_2.5D_no_current,0,,803.793378692954,503,1,0,0,0,goal,36.30235472766417,-3.883169204808425,-36.39093830992424,10.640441880181028,5.0,23.609061690075762,1.2478318968491926,1.2478318968491926,10.526640523554642,10.000008623634136,10.224003079597823,35.05452283081499,35.07537024545611,0.9662009670884231,0.9994056394987354,1.3946469282487524,1.5826018824733088,1.3946025073836152,0.0027226023422854753,0.008378451216892291,0.019773022913119706,0.0477550193935774,0.026058330911062712,0.04816223581928947,0.21951350977011694,0.3865660366849064,0.9659233948668965,,,0,0.6414055214643064,0.4896022963247801,0.3698021262943389,0.5729961910583153,24.7832031221504,24.7832031221504,0.9994336305992243,0.4164388005832023,0.0,0.0,803.7933786929539,0.34555229656364683,173.81280517151436,1.0,0.0557527202080556,28.043618264651965,1.0,0.007995469044793788,4.021720929531275,1.0,-0.0020000000000000013,-1.0060000000000007,1.0,-0.0012828110429286116,-0.6452539545930916,1.0,-0.0004896022963247803,-0.24626995505136445,1.0,-1.6335614032188907e-05,-0.00821681385819102,1.0,-0.0003559144120101216,-0.17902494924109116,1.0,0.0,0.0,0.0,0.0,0.0,0.0,1.1928429423459244,600.0,0.0019880715705765406,0.0,0.0,0.0,0.0,0.0,0.0,0.0,0.0,0.0,0.0,0.0,0.0
16384,4,train,,5,1,short_2.5D_no_current,0,,805.3225002703543,527,1,0,0,0,goal,37.920150707530894,-3.790003050387483,-28.867219217455894,8.316211818925984,5.0,31.132780782544106,1.2265288341228218,1.2265288341228218,8.429637771202229,8.429637771202229,9.199230500572718,36.69362187340808,36.7062419007524,0.9679877641800244,0.9996561885202399,1.3930262580930697,1.587712429639341,1.392989907457451,0.0025801147112045407,0.004187062490710325,0.04531273472754334,0.06338755264344131,0.021052759570992684,0.04923506248769849,0.176097322616304,0.28022044829258397,0.9678069519190091,,,0,0.6317458419620539,0.5063188848257122,0.36985512920416735,0.5714296368313017,24.734696481337682,24.734696481337682,0.9996193708944099,0.8830186816467286,0.0,0.0,805.3225002703539,0.3305083350994263,174.17789259739766,1.0,0.05570189278695724,29.354897498726466,1.0,0.00799695496715528,4.214395267690833,1.0,-0.0020000000000000013,-1.0540000000000007,1.0,-0.0012634916839241075,-0.6658601174280047,1.0,-0.0005063188848257123,-0.2668300523031504,1.0,-1.548068825629552e-05,-0.008158322711067739,1.0,-0.0008156292239447931,-0.4298366010189059,1.0,0.0,0.0,0.0,0.0,0.0,0.0,1.1385199240986716,600.0,0.0018975332068311196,0.0,0.0,0.0,0.0,0.0,0.0,0.0,0.0,0.0,0.0,0.0,0.0
16384,4,train,,6,1,short_2.5D_no_current,0,,802.421228945133,494,1,0,0,0,goal,35.39249185825872,-6.016884006704856,-30.568923237214843,12.971716409351906,5.0,29.431076762785157,1.223963583845901,1.223963583845901,12.679292870519205,9.985856603706688,11.292343534529973,34.16852827441281,34.20132162001052,0.9663439849610292,0.999041167298678,1.3846688914984036,1.5664552064491872,1.384574341681745,0.004419147883865214,0.02178943270555944,0.08330820988989908,0.11436695370783356,0.02430097029978273,0.054699572168607435,0.25007851277319526,0.3439727700251541,0.9660348763742573,,,0,0.6406548625567121,0.5297306619984238,0.3712817023881534,0.5720530896473993,24.633691901117874,24.633691901117874,0.9989370291679301,1.6793728748219368,0.0,0.0,802.421228945133,0.3517715305557776,173.77513609455414,1.0,0.05533364902738919,27.334822619530257,1.0,0.007991496233343434,3.9477991392716567,1.0,-0.0020000000000000013,-0.9880000000000008,1.0,-0.0012813097251134233,-0.6329670042060311,1.0,-0.0005297306619984236,-0.26168694702722123,1.0,-2.651488737558201e-05,-0.013098354363537512,1.0,-0.0014995477785957757,-0.7407766026263132,1.0,0.0,0.0,0.0,0.0,0.0,0.0,1.214574898785425,600.0,0.0020242914979757085,0.0,0.0,0.0,0.0,0.0,0.0,0.0,0.0,0.0,0.0,0.0,0.0
16384,4,train,,7,1,short_2.5D_no_current,0,,799.6095793364576,455,1,0,0,0,goal,32.438753038968834,-7.85242983627716,-44.1894200529519,8.879646970079753,5.0,15.810579947048097,1.2491643906011312,1.2491643906011312,8.88671360583791,8.88671360583791,9.454242677503238,31.18958864836768,31.198638249356033,0.961770577675318,0.9997099360261816,1.3713687142574078,1.5860230619894848,1.3713238598475292,0.005232766799412821,0.027321615396197263,0.035334746803086514,0.06613991610488723,0.016189703035021825,0.05055668430722049,0.09256476524320516,0.14419187299239872,0.9615270867191387,,,0,0.6424416652583814,0.5518147172754283,0.36130605001043486,0.5657668888732628,24.42370157578361,24.42370157578361,0.9996688396868257,0.574595707423476,0.0,0.0,799.6095793364576,0.3803703043567867,173.06848848233795,1.0,0.054838837183943244,24.951670918694177,1.0,0.00799735071749461,3.638794576460047,1.0,-0.0020000000000000013,-0.9100000000000007,1.0,-0.0012848833305167636,-0.5846219153851274,1.0,-0.0005518147172754283,-0.25107569636031984,1.0,-3.139660075706031e-05,-0.014285453344462443,1.0,-0.0006360254416365054,-0.28939157594460996,1.0,0.0,0.0,0.0,0.0,0.0,0.0,1.3186813186813187,600.0,0.002197802197802198,0.0,0.0,0.0,0.0,0.0,0.0,0.0,0.0,0.0,0.0,0.0,0.0
20480,5,train,,0,1,short_2.5D_no_current,0,,803.236749883315,509,1,0,0,0,goal,36.560040739824004,-3.7488843583257037,-41.65474534483968,14.444661007914975,5.0,18.345254655160318,1.222686364193866,1.222686364193866,14.015402269916471,10.000008523755694,11.872255887021867,35.33735437563018,35.39679004367662,0.968182456238888,0.998320874068718,1.3908365439558574,1.5733747229537902,1.3907127276505444,0.0033106098334573825,0.011176645991699097,0.12307601813966444,0.1819262093303058,0.026268400988542665,0.05653492598561938,0.4040180201743873,0.5820214252672931,0.9676842704002444,,,0,0.6484582841593941,0.5174214687209379,0.3749595290609802,0.5776909606893545,24.728732753922937,24.728732753922937,0.9984974088665394,2.5724051208931042,0.0,0.0,803.2367498833149,0.3418078901270586,173.98021607467282,1.0,0.05554004616994914,28.26988350050411,1.0,0.007987979270932316,4.065881448904548,1.0,-0.0020000000000000013,-1.0180000000000007,1.0,-0.001296916568318789,-0.6601305332742635,1.0,-0.000517421468720938,-0.2633675275789575,1.0,-1.9863658976641225e-05,-0.010110602419110383,1.0,-0.0022153683251359127,-1.1276224774941797,1.0,0.0,0.0,0.0,0.0,0.0,0.0,1.1787819253438114,600.0,0.0019646365422396855,0.0,0.0,0.0,0.0,0.0,0.0,0.0,0.0,0.0,0.0,0.0,0.0
20480,5,train,,1,1,short_2.5D_no_current,0,,803.4119764291354,499,1,0,0,0,goal,35.853195852323736,-18.916508003993506,-11.021199812278432,11.080350757634868,5.0,41.083491996006494,1.215333792957325,1.215333792957325,10.887401059673934,10.000009253875003,10.375752876150152,34.637862059366384,34.65990055782589,0.9667171847270485,0.9993641499800985,1.3891743710551443,1.5789606426981375,1.3891277127147772,0.0043993431761829935,0.021738701646821124,0.029843085313550687,0.06531395424882991,0.020135630748438615,0.05723520035223029,0.21814635902677904,0.37166364360655213,0.9664610371055427,,,0,0.6502212495421749,0.5168354716814517,0.36823190052905874,0.5743434455447302,24.692750669069962,24.692750669069962,0.9993189253972252,0.7045978814847134,0.0,0.0,803.4119764291352,0.3484938869047334,173.89844956546196,1.0,0.05553164258014659,27.71028964749315,1.0,0.007994551403177804,3.989281150185725,1.0,-0.0020000000000000013,-0.9980000000000008,1.0,-0.001300442499084349,-0.6489208070430901,1.0,-0.0005168354716814514,-0.25790090036904423,1.0,-2.639605904939028e-05,-0.01317163346564575,1.0,-0.0005371755373304391,-0.26805059312788915,1.0,0.0,0.0,0.0,0.0,0.0,0.0,1.2024048096192386,600.0,0.002004008016032064,0.0,0.0,0.0,0.0,0.0,0.0,0.0,0.0,0.0,0.0,0.0,0.0
20480,5,train,,2,1,short_2.5D_no_current,0,,803.0330813293415,502,1,0,0,0,goal,35.96507867242337,-5.225736658287403,-31.17284686211962,12.513734360515034,5.0,28.82715313788038,1.2348306963205633,1.2348306963205633,12.203795824578995,10.000004487014776,10.981847798104635,34.73024797610283,34.76945921342632,0.9667561005527899,0.9988722505839729,1.3852374188616075,1.5703101567074376,1.385168103060019,0.003351872027950694,0.013601034607345408,0.07042405226927688,0.12716826452998653,0.02221242419639609,0.05108401994718115,0.29281843045797784,0.4521652604992184,0.966421758748035,,,0,0.6420535404101548,0.5732506550291917,0.37088974096266875,0.5736986036557126,24.623951501068518,24.623951501068518,0.998972251163955,1.531886562410405,0.0,0.0,803.0330813293417,0.34625468435556,173.81985154649112,1.0,0.05534700872685709,27.78419838088226,1.0,0.007991778009311635,4.0118725606744405,1.0,-0.0020000000000000013,-1.0040000000000007,1.0,-0.0012841070808203082,-0.6446217545717947,1.0,-0.0005732506550291917,-0.28777182882465424,1.0,-2.0111232182166733e-05,-0.0100958385554477,1.0,-0.0012676329417413929,-0.6363517367541792,1.0,0.0,0.0,0.0,0.0,0.0,0.0,1.1952191235059761,600.0,0.00199203187250996,0.0,0.0,0.0,0.0,0.0,0.0,0.0,0.0,0.0,0.0,0.0,0.0
20480,5,train,,3,1,short_2.5D_no_current,0,,810.2612890110023,602,1,0,0,0,goal,43.58679673690228,-6.152459135849931,-12.849818796351123,14.125589393378576,5.0,47.15018120364888,1.2317920505565814,1.2317920505565814,13.707326346809651,9.987434141895301,11.68684683039341,42.35500468634573,42.42363944824487,0.9733139992902338,0.9983821576179738,1.4094232374832163,1.5753023496752732,1.4093167526462616,0.004795102914322776,0.028621153993564352,0.09561521212493448,0.16224073939466166,0.026061527690877745,0.06555781210872746,0.445214756476995,0.613532400547073,0.9728270203726415,,,0,0.6282731856767125,0.5486403827097551,0.38404914906304144,0.5831903565142836,24.99387733416282,24.99387733416282,0.9984083307195234,2.438742562985172,0.0,0.0,810.2612890110026,0.29055328823456683,174.91307951720924,1.0,0.056285720513416154,33.88400374907653,1.0,0.007987266645756186,4.808334520745224,1.0,-0.0020000000000000013,-1.2040000000000008,1.0,-0.0012565463713534258,-0.7564409155547623,1.0,-0.0005486403827097555,-0.3302815103912728,1.0,-2.877061750876482e-05,-0.01731991174027642,1.0,-0.001721073817843848,-1.0360864383419965,1.0,0.0,0.0,0.0,0.0,0.0,0.0,0.9966777408637874,600.0,0.0016611295681063123,0.0,0.0,0.0,0.0,0.0,0.0,0.0,0.0,0.0,0.0,0.0,0.0
20480,5,train,,4,1,short_2.5D_no_current,0,,807.5632800382787,552,1,0,0,0,goal,39.96238555839919,-1.6569509253269388,-28.77784135884103,10.930592611203611,5.0,31.22215864115897,1.2212570701350784,1.2212570701350784,10.780326323104468,9.989780332802802,10.338304497373215,38.741128488264096,38.77757620477537,0.9703518862283035,0.9990600826539856,1.4049846451005563,1.5723800426365975,1.4049298512420096,0.0035077844131223947,0.016606981965187728,0.023734508259779363,0.05632188520239634,0.033995619198058116,0.08863940465200892,0.26529307953626463,0.4175675462445589,0.9699248951816655,,,0,0.6376697127572328,0.5151036079573121,0.3779461376800917,0.5785305374504431,24.927985825026603,24.927985825026603,0.9988621466416696,0.5922881138303918,0.0,0.0,807.5632800382789,0.31612168554088066,174.4991704185661,1.0,0.05614656302646977,30.99290279061131,1.0,0.007990897173133353,4.410975239569611,1.0,-0.0020000000000000013,-1.1040000000000008,1.0,-0.0012753394255144645,-0.7039873628839844,1.0,-0.0005151036079573128,-0.28433719159243664,1.0,-2.1046706489414647e-05,-0.011617781982156884,1.0,-0.0004272211485680914,-0.23582607400958647,1.0,0.0,0.0,0.0,0.0,0.0,0.0,1.0869565217391304,600.0,0.0018115942028985507,0.0,0.0,0.0,0.0,0.0,0.0,0.0,0.0,0.0,0.0,0.0,0.0
20480,5,train,,5,1,short_2.5D_no_current,0,,798.4609729426888,437,1,0,0,0,goal,31.116102837415816,-35.16178084309923,-9.271915887352534,9.232968094211559,5.0,24.83821915690077,1.2210348057848017,1.2210348057848017,9.256039139569314,9.256039139569314,9.641033773579016,29.895068031631002,29.91034843909978,0.9612498260268582,0.9994891263971774,1.3688946654050258,1.5782958020230273,1.3688559440054149,0.004531834055394468,0.021330087913139284,0.026306089531364672,0.04744500170423738,0.02477439334504658,0.06022400977614062,0.21031733054920324,0.28519496974568803,0.9609016794593741,,,0,0.6381164474382962,0.5388595739792973,0.35964232863905227,0.5596154209320141,24.387895432996466,24.387895432996466,0.9995266875634344,0.4080656793674609,0.0,0.0,798.4609729426891,0.39573586909772135,172.93657479570422,1.0,0.05472781333021694,23.9160544253048,1.0,0.007996213500507473,3.494345299721765,1.0,-0.0020000000000000013,-0.8740000000000007,1.0,-0.0012762328948765925,-0.5577137750610709,1.0,-0.0005388595739792972,-0.23548163382895285,1.0,-2.719100433496578e-05,-0.011882468894380046,1.0,-0.00047350961157281685,-0.20692370025732096,1.0,0.0,0.0,0.0,0.0,0.0,0.0,1.3729977116704806,600.0,0.002288329519450801,0.0,0.0,0.0,0.0,0.0,0.0,0.0,0.0,0.0,0.0,0.0,0.0
20480,5,train,,6,1,short_2.5D_no_current,0,,796.6659707562824,423,1,0,0,0,goal,29.755522056533817,-21.55233556832306,-16.708957617809567,8.386892866508594,5.0,38.44766443167694,1.2408242525513618,1.2408242525513618,8.556526500150309,8.556526500150309,9.297473664097705,28.51469780398246,28.53231204629346,0.9588913275352277,0.9993826563272395,1.3490454868223862,1.5805060217181315,1.3489890426133573,0.002887778422460702,0.010098017152021743,0.05394802014874576,0.08206857930778666,0.022048968932090875,0.06148182615569997,0.16255207029691773,0.24028899970732598,0.9586385163937468,,,0,0.6214500781562593,0.547629497852837,0.35753285322981243,0.55174901521375,24.076008028089554,24.076008028089554,0.9993530725865133,0.9105807975891099,0.0,0.0,796.6659707562825,0.4077869625707698,172.49388516743562,1.0,0.053928506485073184,22.811758243185956,1.0,0.0079948245806921,3.3818107976327583,1.0,-0.0020000000000000013,-0.8460000000000006,1.0,-0.0012429001563125182,-0.5257467661201952,1.0,-0.000547629497852837,-0.23164727759175002,1.0,-1.7326670511136675e-05,-0.007329181626210814,1.0,-0.0009710643655642799,-0.4107602266336904,1.0,0.0,0.0,0.0,0.0,0.0,0.0,1.4184397163120568,600.0,0.002364066193853428,0.0,0.0,0.0,0.0,0.0,0.0,0.0,0.0,0.0,0.0,0.0,0.0
20480,5,train,,7,1,short_2.5D_no_current,0,,800.8015008031492,478,1,0,0,0,goal,34.208558946222944,-11.848204297666399,-21.127599727483656,14.640518490988487,5.0,38.872400272516344,1.219908860526293,1.219908860526293,14.165252701261526,9.988159484098402,11.913637457879819,32.98865008569665,33.058436296042416,0.9663790967638081,0.9978890044973445,1.3831981713825279,1.5824965082470075,1.3830184174942615,0.0030395913763254425,0.008119433675443322,0.1376450144686528,0.20046948243701124,0.022494203921595943,0.05724850445667329,0.42332837057022377,0.6022206306150909,0.9656596508649262,,,0,0.6361738253145178,0.4804686247078881,0.37476002138154774,0.575638168323863,24.618078068106563,24.618078068106563,0.9980148265902845,2.7268810331086706,0.0,0.0,800.8015008031492,0.36314023738619755,173.58103347060242,1.0,0.05521112985053832,26.390920068557318,1.0,0.007984118612722281,3.8164086968812505,1.0,-0.0020000000000000013,-0.9560000000000007,1.0,-0.001272347650629036,-0.6081821770006792,1.0,-0.0004804686247078878,-0.22966400261037037,1.0,-1.8237548240166987e-05,-0.00871754805879982,1.0,-0.002477610261970548,-1.184297705221922,1.0,0.0,0.0,0.0,0.0,0.0,0.0,1.2552301255230125,600.0,0.0020920502092050207,0.0,0.0,0.0,0.0,0.0,0.0,0.0,0.0,0.0,0.0,0.0,0.0
24576,6,train,,0,1,short_2.5D_no_current,0,,800.7045469008717,466,1,0,0,0,goal,33.315256447389096,-13.02096245632039,-20.488504848267652,11.157325501296786,5.0,39.51149515173235,1.2270737631191444,1.2270737631191444,10.969133814311514,9.997546413500277,10.419552647257106,32.088182684269995,32.1067873263907,0.9637262548794487,0.9994205386564649,1.3779737049953094,1.5814166662211546,1.3779145336286043,0.0026189639851341086,0.00607778182647678,0.03473522889998945,0.07825222477992178,0.01731598123769675,0.06465484087535778,0.17195615744853923,0.2962964109499523,0.9634520543767278,,,0,0.6351465339424656,0.5139462614115707,0.3644376011013729,0.5673852544997383,24.533917619688,24.533917619688,0.9994452002833067,0.737772854039672,0.0,0.0,800.7045469008716,0.37203906930991265,173.3702062984193,1.0,0.05508700890003428,25.670546147415976,1.0,0.007995561602266462,3.7259317066561715,1.0,-0.0020000000000000013,-0.9320000000000007,1.0,-0.0012702930678849314,-0.591956569634378,1.0,-0.0005139462614115706,-0.2394989578177919,1.0,-1.5713783880852346e-05,-0.007322623288477194,1.0,-0.0006252341220583046,-0.29135910087916994,1.0,0.0,0.0,0.0,0.0,0.0,0.0,1.2875536480686696,600.0,0.002145922746781116,0.0,0.0,0.0,0.0,0.0,0.0,0.0,0.0,0.0,0.0,0.0,0.0
24576,6,train,,1,1,short_2.5D_no_current,0,,800.7240869386285,467,1,0,0,0,goal,33.32045431140215,-18.512303308484086,-14.568865492832288,8.662478377745721,5.0,41.487696691515914,1.2186090274314896,1.2186090274314896,8.751762786389735,8.751762786389735,9.386450870044301,32.10184528397064,32.109951321835126,0.9636708738045989,0.9997475537168145,1.3751585148537524,1.5679946325210716,1.3751223055677142,0.003994586966501333,0.019585075863109758,0.040435146666842295,0.05522942620449456,0.016683176543052302,0.05569959218184062,0.09273605979569736,0.13527297193154636,0.9634965009891022,,,0,0.6201987334644737,0.5246316257396083,0.36236401071385094,0.5630659746759964,24.47874668504384,24.47874668504384,0.9997329260810898,0.7239724922985704,0.0,0.0,800.7240869386288,0.3713425433862372,173.41696776137277,1.0,0.054992454447915486,25.681476227176532,1.0,0.007997863408648725,3.7350022118389545,1.0,-0.0020000000000000013,-0.9340000000000007,1.0,-0.0012403974669289483,-0.5792656170558188,1.0,-0.0005246316257396081,-0.245002969220397,1.0,-2.3967521825101843e-05,-0.01119283269232256,1.0,-0.0007278326398092741,-0.339897842790931,1.0,0.0,0.0,0.0,0.0,0.0,0.0,1.284796573875803,600.0,0.0021413276231263384,0.0,0.0,0.0,0.0,0.0,0.0,0.0,0.0,0.0,0.0,0.0,0.0
24576,6,train,,2,1,short_2.5D_no_current,0,,794.0118626787047,391,1,0,0,0,goal,27.371548964516453,-13.308394617350395,-34.25532329278276,11.938706874024001,5.0,25.744676707217238,1.2214716174283515,1.2214716174283515,11.707002640095988,9.999536305752526,10.803032219579073,26.1500773470881,26.163816970971872,0.9558763738540977,0.9994748616419762,1.338302658361732,1.5727789124560783,1.3382286846617575,0.003971723765823399,0.01642550847499402,0.07150686688207158,0.10079297816396826,0.009718711596126183,0.03659572967927982,0.15411616417885743,0.22373689811169056,0.9557024175820038,,,0,0.6257834333659666,0.5580864292224084,0.35075419798226615,0.5497937320691088,23.9168036508353,23.9168036508353,0.9995412602743103,1.1356746544449203,0.0,0.0,794.0118626787046,0.43981430478475336,171.96739317083856,1.0,0.053503994572047284,20.920061877670488,1.0,0.007996330082194485,3.1265650621380434,1.0,-0.0020000000000000013,-0.7820000000000006,1.0,-0.0012515668667319336,-0.48936264489218606,1.0,-0.0005580864292224083,-0.21821179382596168,1.0,-2.3830342590386277e-05,-0.009317663952841034,1.0,-0.0012871236042750764,-0.5032653292715549,1.0,0.0,0.0,0.0,0.0,0.0,0.0,1.5345268542199488,600.0,0.0025575447570332483,0.0,0.0,0.0,0.0,0.0,0.0,0.0,0.0,0.0,0.0,0.0,0.0
24576,6,train,,3,1,short_2.5D_no_current,0,,807.0082312509485,547,1,0,0,0,goal,39.45842932402471,-9.002473720067833,-15.601875858336264,10.92333504857832,5.0,44.398124141663736,1.2405412461816563,1.2405412461816563,10.658166476916282,9.991723282408826,10.297961182637447,38.21788807784307,38.24839875736095,0.9693340412329332,0.9992023017823191,1.398478930799302,1.5778702547497871,1.398426229059795,0.00428343961656023,0.022017819919660564,0.02271384517847489,0.08762725148856587,0.012409252645111047,0.05711155610010721,0.1697481439752311,0.32530056855276784,0.9691396854309506,,,0,0.6148977624346081,0.5027879690338553,0.37470166100498964,0.573291343733859,24.828438190764256,24.828438190764256,0.9991768266072216,0.6253738659408895,0.0,0.0,807.008231250948,0.3187220199913394,174.34094493526266,1.0,0.05589453466594964,30.57431046227445,1.0,0.007993414612857762,4.372397793233196,1.0,-0.0020000000000000013,-1.0940000000000007,1.0,-0.0012297955248692179,-0.6726981521034622,1.0,-0.0005027879690338557,-0.2750250190615191,1.0,-2.5700637694143504e-05,-0.014058248818696497,1.0,-0.0004088492135988015,-0.2236405198385444,1.0,0.0,0.0,0.0,0.0,0.0,0.0,1.0968921389396709,600.0,0.0018281535648994515,0.0,0.0,0.0,0.0,0.0,0.0,0.0,0.0,0.0,0.0,0.0,0.0
24576,6,train,,4,1,short_2.5D_no_current,0,,810.714105297306,599,1,0,0,0,goal,43.40085985510306,-12.332003823261111,-6.598073417520936,8.441820194927097,5.0,47.66799617673889,1.2382295227585973,1.2382295227585973,8.465550075651956,8.465550075651956,9.248204103641749,42.16263033234448,42.17086597807523,0.9716596887450097,0.9998047076923902,1.4080422697187054,1.5731955532896422,1.4079991259127351,0.004705144702965471,0.028226613949476675,0.038227570286436904,0.06653346375527569,0.013731823634043887,0.055483873475710155,0.09814954984063748,0.21642470403713665,0.9715037027508547,,,0,0.6129737661619715,0.5176818624250777,0.3758408161057455,0.5761797671923057,24.958379951409757,24.958379951409757,0.9997761680701163,0.8063839087146568,0.0,0.0,810.7141052973058,0.29192752519998816,174.8645875947929,1.0,0.05631069159578556,33.73010426587555,1.0,0.00799820934456092,4.790927397391991,1.0,-0.0020000000000000013,-1.1980000000000008,1.0,-0.001225947532323942,-0.7343425718620413,1.0,-0.0005176818624250775,-0.3100914355926214,1.0,-2.8230868241732168e-05,-0.01691029007679757,1.0,-0.000688096265815034,-0.41216966322320536,1.0,0.0,0.0,0.0,0.0,0.0,0.0,1.001669449081803,600.0,0.001669449081803005,0.0,0.0,0.0,0.0,0.0,0.0,0.0,0.0,0.0,0.0,0.0,0.0
24576,6,train,,5,1,short_2.5D_no_current,0,,811.1770297624441,601,1,0,0,0,goal,43.63518279934349,-5.2315370517785595,-13.639025133218183,10.531193207008638,5.0,46.36097486678182,1.2356823655515963,1.2356823655515963,10.417915416459511,10.000009900484226,10.181129998989485,42.39950043379187,42.418221606133905,0.9721105512768038,0.9995586525876581,1.411588073415434,1.579117071335301,1.411543188871617,0.002739823419857216,0.008430051864187327,0.015668380898300707,0.048478400505877595,0.020421756729001136,0.0592196629030588,0.16036480631524705,0.2735555186504174,0.9718559367623464,,,0,0.6271879439042283,0.525221620044034,0.3777268591666975,0.5808641418889041,25.020790645032672,25.020790645032672,0.9995165477606351,0.3500632080191474,0.0,0.0,811.1770297624441,0.29101942147102783,174.90267230408773,1.0,0.05643860290687768,33.91960034703349,1.0,0.007996132382085075,4.80567556163313,1.0,-0.0020000000000000013,-1.2020000000000008,1.0,-0.0012543758878084577,-0.753879908572883,1.0,-0.0005252216200440342,-0.3156581936464646,1.0,-1.6438940497172008e-05,-0.009879803238800377,1.0,-0.0002820308566591202,-0.16950054485213126,1.0,0.0,0.0,0.0,0.0,0.0,0.0,0.9983361064891847,600.0,0.0016638935108153079,0.0,0.0,0.0,0.0,0.0,0.0,0.0,0.0,0.0,0.0,0.0,0.0
24576,6,train,,6,1,short_2.5D_no_current,0,,809.1237730616333,590,1,0,0,0,goal,42.59759404034468,-33.755492861803816,1.8906811545661526,14.553238521481372,5.0,26.244507138196184,1.2489001396433566,1.2489001396433566,14.116328696373339,9.998908127798067,11.895884264436432,41.348693900701335,41.40515049775332,0.9720067865461607,0.9986364837134198,1.4035644236526563,1.5682296404062626,1.40345655252938,0.005078103070348659,0.02865676220548563,0.108929701582296,0.17763125372563593,0.015039441612661703,0.044973395393166804,0.3871797943308262,0.587419388442906,0.9716167526744595,,,0,0.6160012133151167,0.5258843731892816,0.38039409341448444,0.5809632461202346,24.886686289681553,24.886686289681553,0.9987546537944867,2.65735425704494,0.0,0.0,809.1237730616335,0.2961401001748593,174.722659103167,1.0,0.05606602562806959,33.078955120561055,1.0,0.007990037230355875,4.714121965909967,1.0,-0.0020000000000000013,-1.1800000000000008,1.0,-0.0012320024266302331,-0.7268814317118376,1.0,-0.0005258843731892818,-0.3102717801816763,1.0,-3.0468618431531934e-05,-0.01797648487460384,1.0,-0.001960734629214316,-1.1568334312364466,1.0,0.0,0.0,0.0,0.0,0.0,0.0,1.0169491525423728,600.0,0.001694915254237288,0.0,0.0,0.0,0.0,0.0,0.0,0.0,0.0,0.0,0.0,0.0,0.0
28672,7,train,,0,1,short_2.5D_no_current,0,,812.4661154274654,619,1,0,0,0,goal,44.89967629792086,4.857203060490605,-38.062947548282814,10.245138832674161,5.0,21.937052451717186,1.2401194673478677,1.2401194673478677,10.201772223615883,9.994706714288135,10.127231347100158,43.65955683057302,43.67467986809925,0.9727170320406443,0.9996537344389947,1.411136667789959,1.5787467593917666,1.4110938983545167,0.0028970678953350705,0.010752073276324214,0.009632500703301418,0.03711820537036559,0.019969863242921663,0.061704913534729844,0.16344849982439597,0.2881477398945122,0.9724034421893869,,,0,0.6176515444872452,0.5157843374568963,0.3783996133479818,0.5793610576883271,25.006627685442236,25.006627685442236,0.9996041314776083,0.11790748557401098,0.0,0.0,812.466115427466,0.2827599975019907,175.02843845373224,1.0,0.05642592159040137,34.92764546445845,1.0,0.007996833051820865,4.950039659077116,1.0,-0.0020000000000000013,-1.2380000000000009,1.0,-0.0012353030889744895,-0.7646526120752091,1.0,-0.000515784337456896,-0.31927050488581865,1.0,-1.738240737380317e-05,-0.010759710164384161,1.0,-0.00017338501240130676,-0.10732532267640887,1.0,0.0,0.0,0.0,0.0,0.0,0.0,0.9693053311793215,600.0,0.0016155088852988692,0.0,0.0,0.0,0.0,0.0,0.0,0.0,0.0,0.0,0.0,0.0,0.0
28672,7,train,,1,1,short_2.5D_no_current,0,,800.0408529726751,470,1,0,0,0,goal,33.160565129752925,-7.828830382914461,-32.56252768054624,13.053347456588735,5.0,27.43747231945376,1.2341069637571498,1.2341069637571498,12.712546706493706,9.986671602413207,11.263757866730316,31.926458165995754,31.963989347134152,0.9639156999304225,0.9988258292564554,1.3601697594525164,1.5708879077791489,1.3600563068061562,0.004475898039929228,0.019524360898250492,0.09383628619989358,0.14134597743565136,0.02119037564743135,0.047429512644397764,0.293822619278859,0.41394266189245266,0.9634376114269578,,,0,0.5922633960218902,0.5398840607743354,0.36730636990767845,0.558039713872874,24.231204184855347,24.231204184855347,0.9988124614087592,1.7895895898584164,0.0,0.0,800.0408529726751,0.3687257482913569,173.30110169693774,1.0,0.054342907516588525,25.541166532796606,1.0,0.007990499691270076,3.755534854896936,1.0,-0.0020000000000000013,-0.9400000000000007,1.0,-0.0011845267920437804,-0.5567275922605768,1.0,-0.0005398840607743353,-0.2537455085639376,1.0,-2.685538823183415e-05,-0.01262203246896205,1.0,-0.0016890531460908135,-0.7938549786626824,1.0,0.0,0.0,0.0,0.0,0.0,0.0,1.2765957446808511,600.0,0.002127659574468085,0.0,0.0,0.0,0.0,0.0,0.0,0.0,0.0,0.0,0.0,0.0,0.0
28672,7,train,,2,1,short_2.5D_no_current,0,,800.121224396049,465,1,0,0,0,goal,32.94325109690355,-9.388072474252645,-51.98090943582445,12.150696418047312,5.0,8.01909056417555,1.2225647974441893,1.2225647974441893,8.413524413606893,8.413524413606893,10.330362211952846,31.720686299459345,31.73569940623418,0.9633444893730335,0.9995269331681448,1.3649763185477075,1.5649580352368742,1.364909909348305,0.0037944522349841383,0.01667083110537826,0.06619369700371054,0.08845177900336632,0.01676168280590938,0.04967414420274974,0.1581044130107952,0.20683157661469373,0.9631039448849643,,,0,0.6019079395599903,0.5141123181098812,0.3625486066745174,0.5580584205286477,24.306350652885,24.306350652885,0.9995060176241726,1.202460367295821,0.0,0.0,800.1212243960488,0.37273113408288777,173.3199773485428,1.0,0.05457322374100533,25.37654903956748,1.0,0.007996048140993377,3.7181623855619206,1.0,-0.0020000000000000013,-0.9300000000000007,1.0,-0.0012038158791199812,-0.5597743837907913,1.0,-0.0005141123181098807,-0.23906222792109452,1.0,-2.276671346445519e-05,-0.010586521760971664,1.0,-0.0011914865465601906,-0.5540412441504886,1.0,0.0,0.0,0.0,0.0,0.0,0.0,1.2903225806451613,600.0,0.002150537634408602,0.0,0.0,0.0,0.0,0.0,0.0,0.0,0.0,0.0,0.0,0.0,0.0
28672,7,train,,3,1,short_2.5D_no_current,0,,805.2903276701528,527,1,0,0,0,goal,37.47987510157637,-2.591408869598645,-42.3088855817297,9.914007914886707,5.0,17.691114418270303,1.220611791765069,1.220611791765069,9.92295012382171,9.78242645172493,9.878992708551015,36.25926330981128,36.26611215617253,0.9676156085868923,0.9998111502459448,1.3763230419799823,1.584766610000043,1.3762882451044505,0.0030738596052857243,0.012486969776784651,0.011407642599855886,0.03713352627231803,0.013748891088143141,0.04256741278428855,0.11566262619020339,0.20145614001709167,0.9674519284810527,,,0,0.5888752103261862,0.5265261240284077,0.3679809108998563,0.5600306855009222,24.46209715226617,24.46209715226617,0.9997831527648758,0.05862248774729296,0.0,0.0,805.2903276701529,0.33043248089391714,174.13791743109434,1.0,0.05504252494848016,29.007410647849042,1.0,0.007998265222119006,4.2150857720567165,1.0,-0.0020000000000000013,-1.0540000000000007,1.0,-0.0011777504206523716,-0.6206744716837999,1.0,-0.0005265261240284079,-0.27747926736297096,1.0,-1.8443157666121305e-05,-0.009719544090045927,1.0,-0.00020533756681285535,-0.10821289771037478,1.0,0.0,0.0,0.0,0.0,0.0,0.0,1.1385199240986716,600.0,0.0018975332068311196,0.0,0.0,0.0,0.0,0.0,0.0,0.0,0.0,0.0,0.0,0.0,0.0
28672,7,train,,4,1,short_2.5D_no_current,0,,792.0288718269438,377,1,0,0,0,goal,25.913237200449295,-15.68725903908377,-31.680328485533682,13.342088428739302,5.0,28.319671514466318,1.215167165861157,1.215167165861157,12.90927917353367,9.992238099780934,11.412615931535814,24.698070034588117,24.746305311903356,0.9549677302176006,0.9980508089305753,1.3128013428065461,1.566650448692264,1.3126159481995272,0.005493171465008087,0.026079596142732253,0.1283273525066206,0.18546130813277273,0.022412880439832146,0.05406724648657857,0.25318092573014883,0.351252629067467,0.9545726804500916,,,0,0.6018293742920348,0.5525299411320155,0.3546554383769908,0.5424773371346117,23.531915004918524,23.531915004918524,0.9982152146761362,1.9294724972034953,0.0,0.0,792.0288718269438,0.4550640233854881,171.55913681632902,1.0,0.05240969768612866,19.758456027670505,1.0,0.00798572171740909,3.010617087463227,1.0,-0.0020000000000000013,-0.7540000000000006,1.0,-0.0012036587485840687,-0.45377934821619387,1.0,-0.0005525299411320155,-0.20830378780676984,1.0,-3.2959028786108785e-05,-0.012425553852363012,1.0,-0.002309892346534773,-0.8708294146436094,1.0,0.0,0.0,0.0,0.0,0.0,0.0,1.5915119363395225,600.0,0.002652519893899204,0.0,0.0,0.0,0.0,0.0,0.0,0.0,0.0,0.0,0.0,0.0,0.0
28672,7,train,,5,1,short_2.5D_no_current,0,,797.7022756238144,437,1,0,0,0,goal,30.795388931592175,-11.800603918874835,-27.82978742153388,12.244095787349009,5.0,32.17021257846612,1.2334624159939738,1.2334624159939738,12.06524353119373,9.997300692194504,10.994978541257707,29.561926515598206,29.572275324274546,0.960282573146434,0.9996500503068206,1.3534222116372818,1.5809756910718245,1.353357782137015,0.00542033682048881,0.026553406354621778,0.07494312768706508,0.09859211296264947,0.01720881158462118,0.03831782517669868,0.1407202339061363,0.24391494652453843,0.9600843802495926,,,0,0.6024022757350649,0.5222312602772883,0.35777477055651646,0.5534099570435026,24.132957445028982,24.132957445028982,0.9996538232195664,1.2491172460912923,0.0,0.0,797.7022756238144,0.3954013136380488,172.79037405982734,1.0,0.05411794327798304,23.64954121247859,1.0,0.007997230585756533,3.4947897659756046,1.0,-0.0020000000000000013,-0.8740000000000007,1.0,-0.0012048045514701307,-0.5264995889924471,1.0,-0.0005222312602772878,-0.2282150607411748,1.0,-3.252202092256125e-05,-0.014212123143159266,1.0,-0.0013489762965453373,-0.5895026415903124,1.0,0.0,0.0,0.0,0.0,0.0,0.0,1.3729977116704806,600.0,0.002288329519450801,0.0,0.0,0.0,0.0,0.0,0.0,0.0,0.0,0.0,0.0,0.0,0.0
28672,7,train,,6,1,short_2.5D_no_current,0,,812.5460094708449,616,1,0,0,0,goal,44.90006690442233,-8.405154011994263,-8.098128810916066,9.771243249507785,5.0,51.59484598800574,1.2253181367632064,1.2253181367632064,9.764276412144701,9.758641477598449,9.867614765002394,43.67474876765908,43.684267796276345,0.9729221092090123,0.9997820948113034,1.418320382995986,1.5845133941348712,1.4182905143287683,0.003561738941450774,0.017624614726401422,0.007954660169548853,0.028202977309561117,0.017868967834011516,0.040903919105968356,0.15544078177138895,0.2434089484445558,0.9727572673138192,,,0,0.6215365362208481,0.5020596488551298,0.377351516337654,0.5818521688365704,25.119830249639115,25.119830249639115,0.9997481481660133,0.0989643202568308,0.0,0.0,812.5460094708449,0.28423347207464184,175.08781879797937,1.0,0.056720452945011844,34.939799014127296,1.0,0.007997985185328106,4.926758874162113,1.0,-0.0020000000000000013,-1.2320000000000009,1.0,-0.0012430730724416958,-0.7657330126240846,1.0,-0.0005020596488551298,-0.30926874369475993,1.0,-2.137043359936808e-05,-0.013164187097210737,1.0,-0.00014318388312969027,-0.0882012720078892,1.0,0.0,0.0,0.0,0.0,0.0,0.0,0.974025974025974,600.0,0.0016233766233766235,0.0,0.0,0.0,0.0,0.0,0.0,0.0,0.0,0.0,0.0,0.0,0.0
28672,7,train,,7,1,short_2.5D_no_current,0,,796.5022597589193,417,1,0,0,0,goal,29.441273512707607,-36.540500712409525,-10.79414557020069,11.355919523641237,5.0,23.459499287590475,1.2184118997438522,1.2184118997438522,11.280224171223558,9.993287016988136,10.606187359437525,28.222861612963765,28.22791026877219,0.9587869986870067,0.9998211466679479,1.3538566076149727,1.5873317090285302,1.3538076291187797,0.004603761321634491,0.022311017226989804,0.04829991559488342,0.07381498483510462,0.013865985637893813,0.03313434761601819,0.08401438214843925,0.128523824182315,0.9586510161898029,,,0,0.6302529779872555,0.5478045769684615,0.3544211997438392,0.5544721516881058,24.14765523009928,24.14765523009928,0.9997904013127499,0.7497321642037114,0.0,0.0,796.5022597589191,0.4137908704047037,172.55079295876143,1.0,0.05414457863398319,22.57828929037099,1.0,0.007998323210502003,3.335300778779335,1.0,-0.0020000000000000013,-0.8340000000000006,1.0,-0.001260505955974512,-0.5256309836413715,1.0,-0.000547804576968461,-0.22843450859584824,1.0,-2.762256800897966e-05,-0.011518610859744517,1.0,-0.0008693984793661369,-0.3625391658956791,1.0,0.0,0.0,0.0,0.0,0.0,0.0,1.4388489208633093,600.0,0.002398081534772182,0.0,0.0,0.0,0.0,0.0,0.0,0.0,0.0,0.0,0.0,0.0,0.0
32768,8,train,,0,1,short_2.5D_no_current,0,,809.7695019629472,593,1,0,0,0,goal,42.99942675936287,2.7708599135177963,-37.37637193510077,13.566625810078968,5.0,22.62362806489923,1.244164124185623,1.244164124185623,13.261366359001777,9.991884044630929,11.531191568917528,41.75526263517725,41.78687521196811,0.9718007508755745,0.9992434807189936,1.4093381184474896,1.5791031904682402,1.4092430948949488,0.004886628543803412,0.027759732990308095,0.08466661341833978,0.13276557924637178,0.01751980770081383,0.06464967065222149,0.24083434763475745,0.39763765115055727,0.9714677999892792,,,0,0.6280127706832267,0.531241153014673,0.3783675351040359,0.5832443726178366,24.9981570810567,24.9981570810567,0.9992532428942369,2.0354342411614437,0.0,0.0,809.7695019629473,0.29475851884762816,174.7918016766435,1.0,0.056330877079497174,33.404210108141825,1.0,0.007994025943153899,4.740457384290262,1.0,-0.0020000000000000013,-1.1860000000000008,1.0,-0.0012560255413664536,-0.744823146030307,1.0,-0.0005312411530146726,-0.31502600373770084,1.0,-2.9319771293127e-05,-0.01738662437682431,1.0,-0.0015239990421305428,-0.9037314319834119,1.0,0.0,0.0,0.0,0.0,0.0,0.0,1.0118043844856661,600.0,0.0016863406408094434,0.0,0.0,0.0,0.0,0.0,0.0,0.0,0.0,0.0,0.0,0.0,0.0
32768,8,train,,1,1,short_2.5D_no_current,0,,809.3667374153706,578,1,0,0,0,goal,41.67930048981301,-0.5273906158628279,-53.37480519504234,10.437931184230195,5.0,6.625194804957658,1.2317607368427568,1.2317607368427568,6.888911853049123,6.888911853049123,9.617917599302599,40.44753975297023,40.46163700041302,0.9707849346056658,0.9996515897900368,1.4000566436129056,1.5802095850410718,1.400021124299541,0.004041395897449542,0.02243406833084194,0.012192708152511961,0.046735138063219495,0.021936706627084874,0.08482881365358086,0.08375960873188501,0.1447730926638654,0.9706367999313955,,,0,0.6065083855592281,0.5108520839674314,0.3761282246366504,0.5727592571976894,24.851075215828583,24.851075215828583,0.999473124443375,0.26469741278695486,0.0,0.0,809.3667374153706,0.30221523629774866,174.68040658009872,1.0,0.055982753983349884,32.35803180237623,1.0,0.007995784995547013,4.621563727426174,1.0,-0.0020000000000000013,-1.1560000000000008,1.0,-0.0012130167711184548,-0.7011236937064669,1.0,-0.0005108520839674313,-0.29527250453317533,1.0,-2.4248375396876598e-05,-0.014015560979394673,1.0,-0.00021946874621361922,-0.1268529353114719,1.0,0.0,0.0,0.0,0.0,0.0,0.0,1.0380622837370241,600.0,0.0017301038062283738,0.0,0.0,0.0,0.0,0.0,0.0,0.0,0.0,0.0,0.0,0.0,0.0
32768,8,train,,2,1,short_2.5D_no_current,0,,807.5575161340748,557,1,0,0,0,goal,39.99856005720701,-6.312869784946862,-18.472341251431835,11.273567167151487,5.0,41.527658748568165,1.2177553003906474,1.2177553003906474,11.126183322016505,9.988594478854758,10.527473041107323,38.78080475681637,38.7933421268905,0.9698684670499945,0.9996768164487315,1.3929386760104294,1.5854157012703718,1.3928966247828705,0.0038521106020076154,0.019305461863352136,0.03219337618600932,0.05714650733397297,0.015652669441759533,0.04680350318545923,0.11309203658268259,0.14745184573665265,0.9696783671914609,,,0,0.6103605579181877,0.559702083710882,0.37176330150832393,0.571717533752777,24.72002549087756,24.72002549087756,0.9996204491305477,0.7460941260441734,0.0,0.0,807.557516134075,0.3133211918718474,174.519903872619,1.0,0.055699540045696716,31.02464380545307,1.0,0.007996963593044377,4.4543087213257175,1.0,-0.0020000000000000013,-1.1140000000000008,1.0,-0.001220721115836376,-0.6799416615208614,1.0,-0.0005597020837108824,-0.31175406062696154,1.0,-2.3112663577664573e-05,-0.012873753612759166,1.0,-0.000579480771206928,-0.3227707895622589,1.0,0.0,0.0,0.0,0.0,0.0,0.0,1.0771992818671454,600.0,0.0017953321364452424,0.0,0.0,0.0,0.0,0.0,0.0,0.0,0.0,0.0,0.0,0.0,0.0
32768,8,train,,3,1,short_2.5D_no_current,0,,795.0874252129986,400,1,0,0,0,goal,28.100219305936506,-19.974008822597355,-20.318760366437694,8.890581733242795,5.0,39.681239633562306,1.2194081864230846,1.2194081864230846,9.00859471881507,9.00859471881507,9.51119256614387,26.880811119513417,26.887449813733816,0.9568412801694228,0.999753093199006,1.3443724906866898,1.5708570787292102,1.344338767473962,0.004199040252606977,0.018597998480279543,0.04028137024732861,0.06004936415975548,0.015398839207734487,0.04780999177748857,0.08763625477807603,0.16011251659136702,0.9566870378002765,,,0,0.6130230015987763,0.5368668875540606,0.35144831059500575,0.5485219720378518,23.99774949047902,23.99774949047902,0.9997311615187958,0.6206108329010752,0.0,0.0,795.0874252129986,0.4304722632974446,172.18890531897785,1.0,0.053761622239026856,21.504648895610742,1.0,0.007997849292150356,3.1991397168601425,1.0,-0.0020000000000000013,-0.8000000000000006,1.0,-0.0012260460031975535,-0.4904184012790214,1.0,-0.0005368668875540608,-0.21474675502162435,1.0,-2.5194241551776028e-05,-0.01007769662071041,1.0,-0.0007250646638218303,-0.2900258655287321,1.0,0.0,0.0,0.0,0.0,0.0,0.0,1.5,600.0,0.0025,0.0,0.0,0.0,0.0,0.0,0.0,0.0,0.0,0.0,0.0,0.0,0.0
32768,8,train,,4,1,short_2.5D_no_current,0,,801.3358373166107,485,1,0,0,0,goal,34.50783984540288,-6.44611937034702,-32.65586561365994,13.315387700156712,5.0,27.34413438634006,1.2441572039588207,1.2441572039588207,13.007401852144234,9.999932839988864,11.451047764313753,33.26368264144407,33.2856356559356,0.9645818400994434,0.999340465817794,1.3726035322035295,1.5707336080357854,1.3725249264895285,0.00258776575744262,0.005850206561058169,0.09768132034336181,0.1259924718335843,0.01348131223023115,0.038130590406098896,0.1896516766441008,0.27272878980351634,0.9643732870447367,,,0,0.600975924488349,0.514766868436709,0.36638269562696674,0.5607236278733028,24.425659377418768,24.425659377418768,0.9993732819530279,1.8643399358429666,0.0,0.0,801.3358373166107,0.3577530304593509,173.5102197727852,1.0,0.05486793013021695,26.610946113155222,1.0,0.007994986255624231,3.8775683339777522,1.0,-0.0020000000000000013,-0.9700000000000008,1.0,-0.001201951848976698,-0.5829466467536984,1.0,-0.0005147668684367093,-0.249661931191804,1.0,-1.5526594559706447e-05,-0.0075303983614576275,1.0,-0.0017582637670113884,-0.8527579270005233,1.0,0.0,0.0,0.0,0.0,0.0,0.0,1.2371134020618557,600.0,0.002061855670103093,0.0,0.0,0.0,0.0,0.0,0.0,0.0,0.0,0.0,0.0,0.0,0.0
32768,8,train,,5,1,short_2.5D_no_current,0,,802.0631060864112,495,1,0,0,0,goal,35.22934305746589,-6.857817452171695,-51.384342916794495,13.61926575148551,5.0,8.615657083205505,1.2374601256745812,1.2374601256745812,9.007532658159604,9.007532658159604,10.736920281953985,33.99188293179133,34.02451940964056,0.9658005644368665,0.9990407953318511,1.374728056955172,1.5686309813165236,1.3746302335371974,0.004676059361104411,0.023913416667684206,0.10479508194274477,0.14376668640910495,0.020380300191886386,0.056761860980310885,0.2674461449908343,0.3862439448450205,0.9653939134203217,,,0,0.5857756074818999,0.4982568441880773,0.36956502011027,0.5601502611480578,24.461655562898283,24.461655562898283,0.9990952733004997,2.0678189614671267,0.0,0.0,802.0631060864115,0.35086333237343953,173.67734952485256,1.0,0.054936376455420315,27.193506345433057,1.0,0.007992762186404007,3.956417282269984,1.0,-0.0020000000000000013,-0.9900000000000008,1.0,-0.001171551214963799,-0.5799178514070805,1.0,-0.0004982568441880772,-0.24663713787309818,1.0,-2.8056356115782645e-05,-0.01388789627731241,1.0,-0.0018863114759325964,-0.9337241805866352,1.0,0.0,0.0,0.0,0.0,0.0,0.0,1.2121212121212122,600.0,0.00202020202020202,0.0,0.0,0.0,0.0,0.0,0.0,0.0,0.0,0.0,0.0,0.0,0.0
32768,8,train,,6,1,short_2.5D_no_current,0,,809.9421911983776,589,1,0,0,0,goal,42.45421722033891,-0.7123675605867561,-23.967370542896795,11.340630369830576,5.0,36.032629457103205,1.2255270102461822,1.2255270102461822,11.251722241450874,10.000007259420535,10.546513009141938,41.22869021009274,41.24481644439321,0.9715128235748908,0.9996090118543206,1.4005031050727763,1.5734198155438908,1.400460888024556,0.0028978091956831623,0.010099099020385083,0.03181246773805532,0.0714087217138566,0.019383326485973004,0.06694457556985256,0.15154158792938555,0.3151083783771002,0.9711814993919667,,,0,0.6122184486803559,0.5226878693947136,0.37545950742397327,0.5744968311124321,24.832198140723754,24.832198140723754,0.9995494301363651,0.794117360688635,0.0,0.0,809.9421911983777,0.29678087477750337,174.80393524394947,1.0,0.05599822099842817,32.98295216807419,1.0,0.007996395441090928,4.709876914802557,1.0,-0.0020000000000000013,-1.1780000000000008,1.0,-0.0012244368973607124,-0.7211933325454596,1.0,-0.0005226878693947133,-0.30786315507348616,1.0,-1.7386855148705248e-05,-0.01024085768258739,1.0,-0.0005726244196043041,-0.3372757831469351,1.0,0.0,0.0,0.0,0.0,0.0,0.0,1.0186757215619695,600.0,0.001697792869269949,0.0,0.0,0.0,0.0,0.0,0.0,0.0,0.0,0.0,0.0,0.0,0.0
36864,9,train,,0,1,short_2.5D_no_current,0,,811.4270981259249,621,1,0,0,0,goal,44.9857977901704,1.1796439268459196,-22.534287249350612,14.786210086079112,5.0,37.46571275064939,1.2409869440694337,1.2409869440694337,14.335849934587513,9.996507038934324,12.012633637464619,43.744810846101,43.804196007645885,0.9737338929046913,0.9986443042686013,1.4107631564459235,1.5826325817161921,1.4106524355264254,0.003323838339416387,0.01515382149269362,0.10769010379168507,0.17149122450005105,0.014282707754214198,0.04345617167836302,0.36671910706732036,0.5029054575661402,0.9733894845638544,,,0,0.6202567996796154,0.5412137667347051,0.3837711794748782,0.5839531566713743,25.001150826796067,25.001150826796067,0.9986637803367399,2.773576448614495,0.0,0.0,811.4270981259244,0.2818590742094379,175.03448508406092,1.0,0.056354023634268495,34.99584867688073,1.0,0.00798931024269392,4.9613616607129245,1.0,-0.0020000000000000013,-1.2420000000000009,1.0,-0.0012405135993592295,-0.7703589452020816,1.0,-0.0005412137667347047,-0.33609374914225165,1.0,-1.9943030043718502e-05,-0.01238462165714919,1.0,-0.0019384218675178903,-1.2037599797286098,1.0,0.0,0.0,0.0,0.0,0.0,0.0,0.966183574879227,600.0,0.001610305958132045,0.0,0.0,0.0,0.0,0.0,0.0,0.0,0.0,0.0,0.0,0.0,0.0
36864,9,train,,1,1,short_2.5D_no_current,0,,811.6753756585856,616,1,0,0,0,goal,44.390261191164925,-7.070708445925888,-10.277547360676643,11.653135042821992,5.0,49.72245263932336,1.2407963626639937,1.2407963626639937,11.444269235116836,10.000010548425838,10.678861476516285,43.14946482850097,43.17007930706319,0.9725123968330109,0.9995224822633373,1.4016259515280267,1.5827932023639184,1.4015797096582123,0.0032016891095763434,0.014273884864597353,0.037913042853977244,0.07533539415592605,0.017611612468120656,0.04390442916514514,0.15545761683528544,0.24807489503483454,0.972303269007513,,,0,0.6038201331469387,0.5359939100219288,0.37705414321321945,0.5747004873361197,24.838169771642008,24.838169771642008,0.99948352821275,0.9742735663057074,0.0,0.0,811.6753756585855,0.2840400014360256,174.96864088459176,1.0,0.05603826601104015,34.51957186280073,1.0,0.007995868225701986,4.925454827032423,1.0,-0.0020000000000000013,-1.2320000000000009,1.0,-0.001207640266293878,-0.7439064040370289,1.0,-0.0005359939100219289,-0.33017224857350824,1.0,-1.9210134659107267e-05,-0.011833442950010077,1.0,-0.0006824347731799443,-0.4203798202788457,1.0,0.0,0.0,0.0,0.0,0.0,0.0,0.974025974025974,600.0,0.0016233766233766235,0.0,0.0,0.0,0.0,0.0,0.0,0.0,0.0,0.0,0.0,0.0,0.0
36864,9,train,,2,1,short_2.5D_no_current,0,,811.1748490797165,611,1,0,0,0,goal,44.364373098145876,-5.214321240713737,-12.711363099783924,13.672117886914265,5.0,47.288636900216076,1.2310330537527738,1.2310330537527738,13.368381872788218,9.995680890550366,11.508818605318327,43.133340044393094,43.16398872002675,0.9729426047458497,0.9992899480205027,1.412896521113806,1.5774982369756063,1.4128258221636623,0.002893884356945302,0.009119193648173152,0.0844523309933002,0.13087496819803857,0.011331261239092016,0.04808176927011765,0.31664688428727306,0.45326690419599636,0.97263602376269,,,0,0.6129101161310013,0.509814199320469,0.37931916129862225,0.5798805915367974,25.036615315030986,25.036615315030986,0.9993346383762306,2.163299281595935,0.0,0.0,811.1748490797164,0.2864244151983865,175.00531768621417,1.0,0.056475731645686505,34.506672035514455,1.0,0.007994677107009837,4.88474771238301,1.0,-0.0020000000000000013,-1.2220000000000009,1.0,-0.0012258202322620027,-0.7489761619120836,1.0,-0.0005098141993204689,-0.3114964757848065,1.0,-1.7363306118712664e-05,-0.010608980038533437,1.0,-0.0015201419585267441,-0.9288067366598407,1.0,0.0,0.0,0.0,0.0,0.0,0.0,0.9819967266775778,600.0,0.0016366612111292963,0.0,0.0,0.0,0.0,0.0,0.0,0.0,0.0,0.0,0.0,0.0,0.0
36864,9,train,,3,1,short_2.5D_no_current,0,,804.8323758322881,522,1,0,0,0,goal,37.31356242612214,-18.620248872139456,-9.446384678009444,8.702011789466752,5.0,41.379751127860544,1.2276590472937545,1.2276590472937545,8.799439151734337,8.799439151734337,9.416161909988167,36.085903378828405,36.09384471831892,0.9673116789580688,0.9997799807819724,1.382905927904939,1.5818195930387213,1.382869929788317,0.003653048507759318,0.01781505222874813,0.03548102952582695,0.062271038471099605,0.015531892925133451,0.05327087744622094,0.07599952362136617,0.13442767845651135,0.9671505866103695,,,0,0.6001788174155457,0.5241766897426254,0.3675697527797286,0.563842264457224,24.55988848302784,24.55988848302784,0.9997336744400511,0.7141501205214208,0.0,0.0,804.832375832288,0.3334823626892674,174.07779332379758,1.0,0.055304066480963046,28.86872270306271,1.0,0.00799786939552042,4.174887824461659,1.0,-0.0020000000000000013,-1.0440000000000007,1.0,-0.0012003576348310898,-0.6265866853818289,1.0,-0.0005241766897426256,-0.2736202320456506,1.0,-2.191829109150783e-05,-0.011441347949767087,1.0,-0.0006386585319093581,-0.33337975365668493,1.0,0.0,0.0,0.0,0.0,0.0,0.0,1.1494252873563218,600.0,0.0019157088122605363,0.0,0.0,0.0,0.0,0.0,0.0,0.0,0.0,0.0,0.0,0.0,0.0
36864,9,train,,4,1,short_2.5D_no_current,0,,809.6154110703543,585,1,0,0,0,goal,42.22151679744293,-28.102870406992118,0.48766878774610944,8.63491236262978,5.0,31.897129593007882,1.2461888577046558,1.2461888577046558,8.725794718811464,8.725794718811464,9.351094090584704,40.97532793973827,40.98475325899553,0.97070774258583,0.9997700286446111,1.4011881456066806,1.5704249295121584,1.4011483513309753,0.002638051493399142,0.006499277707340934,0.033128572026683886,0.06828355690562304,0.016800076168025445,0.04780967686488946,0.06453099701984881,0.11947025020709798,0.9705091097518196,,,0,0.5995295595791604,0.5148040637827646,0.3751858119271759,0.5732445593063648,24.850209744514185,24.850209744514185,0.999711695485765,0.7161817279549201,0.0,0.0,809.6154110703542,0.29861061772633263,174.6872113699046,1.0,0.056034636498787385,32.78026235179062,1.0,0.007997693563886124,4.678650734873383,1.0,-0.0020000000000000013,-1.1700000000000008,1.0,-0.0011990591191583196,-0.701449584707617,1.0,-0.0005148040637827646,-0.3011603773129173,1.0,-1.582830896069748e-05,-0.009259560742008026,1.0,-0.0005963142964988939,-0.348843863451853,1.0,0.0,0.0,0.0,0.0,0.0,0.0,1.0256410256410255,600.0,0.0017094017094017094,0.0,0.0,0.0,0.0,0.0,0.0,0.0,0.0,0.0,0.0,0.0,0.0
36864,9,train,,5,1,short_2.5D_no_current,0,,811.2339156717835,610,1,0,0,0,goal,44.0703009954617,3.9899771798049883,-38.65050140446266,12.291765932958977,5.0,21.34949859553734,1.2357696649306449,1.2357696649306449,12.064035932149652,9.985166336347003,11.01807788604164,42.83453133053105,42.85419037139875,0.972405211750467,0.9995412574430338,1.4050554220130738,1.5694983412697503,1.4049835925093734,0.004719078301734976,0.027191851841777748,0.05163549454815052,0.0761798773727893,0.013555670057547119,0.048381090483232914,0.12794638853834345,0.17278031149885373,0.9722241870859128,,,0,0.6083807029784275,0.5200649764417427,0.3786816711308526,0.5766525835165235,24.916365049835846,24.916365049835846,0.9994551638440176,1.2736880469173304,0.0,0.0,811.2339156717837,0.28680761156967216,174.9526430575,1.0,0.05617643453184399,34.267625064424834,1.0,0.007995641310752142,4.877341199558807,1.0,-0.0020000000000000013,-1.2200000000000009,1.0,-0.0012167614059568558,-0.742224457633682,1.0,-0.0005200649764417431,-0.3172396356294633,1.0,-2.8314469826036044e-05,-0.017271826593881986,1.0,-0.000929438901381728,-0.5669577298428541,1.0,0.0,0.0,0.0,0.0,0.0,0.0,0.9836065573770492,600.0,0.001639344262295082,0.0,0.0,0.0,0.0,0.0,0.0,0.0,0.0,0.0,0.0,0.0,0.0
36864,9,train,,6,1,short_2.5D_no_current,0,,800.9000813020912,470,1,0,0,0,goal,33.39585689169253,-13.779871517283695,-19.31907112765451,10.295467184714928,5.0,40.68092887234549,1.2493672425907585,1.2493672425907585,10.220891364669804,10.000011843210416,10.070355640253009,32.14648964910179,32.15391173883451,0.9628114003217277,0.9997691699289026,1.3682515633546593,1.5710327909862325,1.3682153451639307,0.004670440718504655,0.02370066500823098,0.011008624167330729,0.04729670260081509,0.015815746190603264,0.04436124227668348,0.08774009857355064,0.1477728498624436,0.9626379851585813,,,0,0.5901969868298422,0.5127611124080586,0.3625325153641244,0.5557244200497231,24.35145406627402,24.35145406627402,0.9997149645543589,0.22511154446191975,0.0,0.0,800.9000813020912,0.36865116555232536,173.26604780959292,1.0,0.05471742918996042,25.7171917192814,1.0,0.007997719716434863,3.7589282667243853,1.0,-0.0020000000000000013,-0.9400000000000007,1.0,-0.001180393973659684,-0.5547851676200515,1.0,-0.0005127611124080586,-0.24099772283178753,1.0,-2.8022644317458403e-05,-0.013170642829205449,1.0,-0.00019815523452444385,-0.0931329602264886,1.0,0.0,0.0,0.0,0.0,0.0,0.0,1.2765957446808511,600.0,0.002127659574468085,0.0,0.0,0.0,0.0,0.0,0.0,0.0,0.0,0.0,0.0,0.0,0.0
40960,10,train,,0,1,short_2.5D_no_current,0,,808.2896041716912,582,1,0,0,0,goal,41.412249444451824,-12.871798547789638,-8.987684160923223,14.155882134413796,5.0,47.12820145221036,1.2195861185068582,1.2195861185068582,13.72218781558072,9.987799113160529,11.680434515904537,40.19266332594495,40.25317715903948,0.9720113661788148,0.9984966693969167,1.383270692750499,1.5689968776790484,1.3831471298143385,0.0032691480800827433,0.01454430967521736,0.10225589739560159,0.17211313243594484,0.01279827486011038,0.044414841964767415,0.39118469301187836,0.5309483503505972,0.971565479844488,,,0,0.5689520281563509,0.5220412031761003,0.37995843456168354,0.5646634847949871,24.558449553509263,24.558449553509263,0.9985374109637449,2.4754476185092646,0.0,0.0,808.289604171691,0.3001701376532454,174.69902011418884,1.0,0.05524764718342945,32.15413066075594,1.0,0.007988299287709966,4.6491901854472,1.0,-0.0020000000000000013,-1.1640000000000008,1.0,-0.0011379040563127016,-0.6622601607739923,1.0,-0.0005220412031761001,-0.3038279802484902,1.0,-1.961488849344474e-05,-0.011415865103184838,1.0,-0.0018406061556276668,-1.071232782575302,1.0,0.0,0.0,0.0,0.0,0.0,0.0,1.0309278350515463,600.0,0.001718213058419244,0.0,0.0,0.0,0.0,0.0,0.0,0.0,0.0,0.0,0.0,0.0,0.0
40960,10,train,,1,1,short_2.5D_no_current,0,,804.0443619076898,516,1,0,0,0,goal,36.66684254471558,-8.883484222458094,-20.66307351672168,11.517584345346023,5.0,39.33692648327832,1.24450684728756,1.24450684728756,11.291423998470558,10.00000606263103,10.529304687958959,35.422335697428075,35.44888236021276,0.9667830633898322,0.9992511283567423,1.3739876883803355,1.5746316504709157,1.373926178456359,0.002640537797828865,0.007254100087878523,0.04187651815003544,0.10158495191759442,0.02076993632206675,0.07159793229974953,0.2342499618158577,0.3892766774320631,0.9663998433660851,,,0,0.5919531227338539,0.5214515892868183,0.37123391856692095,0.5617511282249015,24.439134113425627,24.439134113425627,0.9992611783194087,0.9882796573870712,0.0,0.0,804.0443619076894,0.3369973489424917,173.89063205432572,1.0,0.05491834991849307,28.337868557942425,1.0,0.00799408942655527,4.124950144102519,1.0,-0.0020000000000000013,-1.0320000000000007,1.0,-0.0011839062454677084,-0.6108956226613376,1.0,-0.000521451589286818,-0.2690690200719981,1.0,-1.5843226756598684e-05,-0.00817510500640492,1.0,-0.0007537773274058523,-0.38894910094141977,1.0,0.0,0.0,0.0,0.0,0.0,0.0,1.1627906976744187,600.0,0.001937984496124031,0.0,0.0,0.0,0.0,0.0,0.0,0.0,0.0,0.0,0.0,0.0,0.0
40960,10,train,,2,1,short_2.5D_no_current,0,,808.0531538600654,563,1,0,0,0,goal,40.36361787120245,0.3215189755280292,-41.78379203054025,10.463509601160762,5.0,18.216207969459752,1.2355239833632652,1.2355239833632652,10.286066151388612,9.9989614734267,10.085492180538074,39.12809388783917,39.14661635720568,0.9698490477766354,0.9995268436690037,1.3906435650872357,1.5550248310443222,1.3906015074115237,0.0026249039856319103,0.006307489025135116,0.013112410659422489,0.05011990761494722,0.01525219075937686,0.046570612142151635,0.15932146436310596,0.23956455120283604,0.9696670007919185,,,0,0.6006311938335348,0.5278271882526815,0.3741728838261872,0.5686117182510573,24.685620876762535,24.685620876762535,0.9994839954425533,0.37801742062269333,0.0,0.0,808.0531538600655,0.3099293576567007,174.4902283607225,1.0,0.05559942293121013,31.302475110271303,1.0,0.007995871963540423,4.501675915473258,1.0,-0.0020000000000000013,-1.1260000000000008,1.0,-0.0012012623876670695,-0.6763107242565601,1.0,-0.0005278271882526816,-0.29716670698625974,1.0,-1.5749423920762515e-05,-0.008866925667389296,1.0,-0.0002360233916364092,-0.13288116949129838,1.0,0.0,0.0,0.0,0.0,0.0,0.0,1.0657193605683837,600.0,0.0017761989342806395,0.0,0.0,0.0,0.0,0.0,0.0,0.0,0.0,0.0,0.0,0.0,0.0
40960,10,train,,3,1,short_2.5D_no_current,0,,800.4441288463574,468,1,0,0,0,goal,33.16647630156548,-6.881278180769016,-41.24504136468299,8.7290604566201,5.0,18.75495863531701,1.241673360606435,1.241673360606435,8.811919546038974,8.811919546038974,9.377967267778855,31.924802940959065,31.931348457200897,0.9627597507454754,0.9997950128460555,1.36458754090602,1.5838590483288304,1.3645464594705408,0.005593856673033104,0.02991577802973655,0.03836577875539526,0.07052856873598179,0.014542016000992138,0.0456710162490519,0.043440939359939486,0.09904748546780576,0.9626092998562712,,,0,0.6050392643988339,0.5529654576710792,0.36263521685877925,0.5564519314366019,24.300893555574493,24.300893555574493,0.9997490446427402,0.6489068111587564,0.0,0.0,800.4441288463573,0.3702163066785527,173.26123152556266,1.0,0.05457231271958815,25.539842352767256,1.0,0.007997992357141917,3.743060423142417,1.0,-0.0020000000000000013,-0.9360000000000007,1.0,-0.0012100785287976676,-0.5663167514773084,1.0,-0.0005529654576710794,-0.2587878341900652,1.0,-3.3563140123405e-05,-0.01570754957775354,1.0,-0.0006905840168160816,-0.32319331986992617,1.0,0.0,0.0,0.0,0.0,0.0,0.0,1.2820512820512822,600.0,0.002136752136752137,0.0,0.0,0.0,0.0,0.0,0.0,0.0,0.0,0.0,0.0,0.0,0.0
40960,10,train,,4,1,short_2.5D_no_current,0,,793.2411045439189,380,1,0,0,0,goal,26.467306725172758,-15.734594311503514,-29.454082244726145,10.701449040242505,5.0,30.545917755273855,1.2308818277255664,1.2308818277255664,10.548383463658105,10.000005811797113,10.249993928607477,25.236424897447154,25.248691497414047,0.9539577169519973,0.9995141688840347,1.3288784998638994,1.563539368316923,1.3288373955183794,0.004169502054763925,0.018223205222289707,0.02444370677737599,0.04553249614031074,0.016741314443955557,0.04904390332192854,0.10435561537523975,0.1571632330384177,0.9537210132289897,,,0,0.6152444681593854,0.5552440139556941,0.3494592921318192,0.5420228615795312,23.766448700759295,23.766448700759295,0.9994337947726383,0.45145511163502955,0.0,0.0,793.241104543919,0.4516551732362147,171.62896582976157,1.0,0.05312931557357309,20.189139917957775,1.0,0.0079954703581811,3.0382787361088184,1.0,-0.0020000000000000013,-0.7600000000000006,1.0,-0.0012304889363187708,-0.4675857958011329,1.0,-0.0005552440139556942,-0.21099272530316382,1.0,-2.5017012260499735e-05,-0.0095064646589899,1.0,-0.00043998672143635793,-0.167194954145816,1.0,0.0,0.0,0.0,0.0,0.0,0.0,1.5789473684210527,600.0,0.002631578947368421,0.0,0.0,0.0,0.0,0.0,0.0,0.0,0.0,0.0,0.0,0.0,0.0
40960,10,train,,5,1,short_2.5D_no_current,0,,803.4083163431001,512,1,0,0,0,goal,36.162175267874616,-4.994845060618488,-48.86574550479126,11.934064222990074,5.0,11.134254495208737,1.245909082411507,1.245909082411507,11.479848137281657,9.990331208604234,10.748138674253015,34.91626618546313,34.943137165999865,0.9662896910143094,0.9992310083548279,1.3649662955468684,1.581004791028214,1.3648903335430234,0.004413012000254233,0.021602276044276003,0.0541826581390611,0.09946848922695661,0.01902205207905012,0.05215694145801608,0.21968832390386292,0.35956693599605344,0.965991573407851,,,0,0.5841631665916793,0.5484088275698014,0.3691676906310022,0.5575706132949563,24.281747739523293,24.281747739523293,0.9992148267886846,1.1825541151981693,0.0,0.0,803.4083163431002,0.3394499844076538,173.79839201671874,1.0,0.054556665914786084,27.933012948370475,1.0,0.007993718614309468,4.092783930526448,1.0,-0.0020000000000000013,-1.0240000000000007,1.0,-0.001168326333183358,-0.5981830825898793,1.0,-0.000548408827569802,-0.2807853197157386,1.0,-2.647807200382159e-05,-0.013556772865956654,1.0,-0.0009752878463748405,-0.4993473773439183,1.0,0.0,0.0,0.0,0.0,0.0,0.0,1.171875,600.0,0.001953125,0.0,0.0,0.0,0.0,0.0,0.0,0.0,0.0,0.0,0.0,0.0,0.0
40960,10,train,,6,1,short_2.5D_no_current,0,,792.9583586702346,379,1,0,0,0,goal,26.220327205582727,-13.83798328063903,-38.315256507982866,10.464843317478735,5.0,21.684743492017134,1.2420972389764608,1.2420972389764608,10.329954882046795,9.989279303386706,10.118872242121112,24.978229966606296,24.986865380735875,0.9529578019688393,0.9996544018628177,1.3185680939702302,1.5668741100557309,1.3185289608340696,0.0034615931005587846,0.013777474328423356,0.017641100532667976,0.04605076746232051,0.010596141821717265,0.03223571233744904,0.11356354157033059,0.17045091061439455,0.9528294868750735,,,0,0.5837383027333461,0.5265971145283622,0.34741175280869163,0.5335433202006886,23.600080449107658,23.600080449107658,0.9996453866995959,0.34597107535762417,0.0,0.0,792.9583586702344,0.4524356809366222,171.4731230749798,1.0,0.05272449597172825,19.982583973285006,1.0,0.007997163093596764,3.0309248124731734,1.0,-0.0020000000000000013,-0.7580000000000006,1.0,-0.0011674766054666928,-0.44247363347187657,1.0,-0.0005265971145283624,-0.19958030640624938,1.0,-2.0769558567632462e-05,-0.007871662697132704,1.0,-0.0003175398098372406,-0.12034758792831418,1.0,0.0,0.0,0.0,0.0,0.0,0.0,1.5831134564643798,600.0,0.002638522427440633,0.0,0.0,0.0,0.0,0.0,0.0,0.0,0.0,0.0,0.0,0.0,0.0
40960,10,train,,7,1,short_2.5D_no_current,0,,792.0771265891054,369,1,0,0,0,goal,25.441030145287893,-20.77219777476128,-23.34232651545959,9.755970241585855,5.0,36.65767348454041,1.2382923098679506,1.2382923098679506,9.691137194205211,9.67649509781011,9.864650121375599,24.202737835419942,24.211866254762324,0.9516857657293711,0.9996229774588076,1.3122962739708603,1.5698281739699131,1.3122438776499026,0.002811852735729613,0.009639932988222188,0.016616583944800294,0.04210625696728698,0.01915104153370246,0.04547215840893237,0.05805068860245458,0.11868350262466618,0.9514361428666581,,,0,0.5800136629199271,0.5199721641989985,0.34636464293006314,0.5294216201516994,23.517968612117265,23.517968612117265,0.9995245093115425,0.14225288427037916,0.0,0.0,792.0771265891053,0.4640619310944191,171.23885257384066,1.0,0.052472060347793906,19.36219026833595,1.0,0.007996196074492336,2.9505963514876723,1.0,-0.0020000000000000013,-0.7380000000000005,1.0,-0.0011600273258398543,-0.42805008323490623,1.0,-0.0005199721641989982,-0.19186972858943036,1.0,-1.687111643735901e-05,-0.006225441965385475,1.0,-0.00029909851156968746,-0.11036735076921468,1.0,0.0,0.0,0.0,0.0,0.0,0.0,1.6260162601626016,600.0,0.0027100271002710027,0.0,0.0,0.0,0.0,0.0,0.0,0.0,0.0,0.0,0.0,0.0,0.0
45056,11,train,,0,1,short_2.5D_no_current,0,,794.9638318779457,402,1,0,0,0,goal,27.942403250366038,-15.812113650195485,-53.95443140537348,9.001051809284697,5.0,6.045568594626523,1.2218800961574903,1.2218800961574903,6.67995023990845,6.67995023990845,9.285202213643533,26.72052315420854,26.729192047063815,0.9565817158806363,0.9996756769587347,1.3298105496051658,1.5814224868592466,1.329774462220524,0.0042268792935504715,0.018401125907414162,0.03613856344394737,0.05760579174077263,0.01106596927665846,0.03546145278425428,0.14200466086827176,0.21346216521078254,0.9564050345701546,,,0,0.5833786460223482,0.5266175398334342,0.35029714007801677,0.5373828288408654,23.77082754713884,23.77082754713884,0.9996823771035808,0.6407016738485177,0.0,0.0,794.9638318779457,0.428181257189249,172.1288653900781,1.0,0.05317517045613633,21.376418523366805,1.0,0.007997459016828653,3.2149785247651184,1.0,-0.0020000000000000013,-0.8040000000000006,1.0,-0.0011667572920446968,-0.46903643140196816,1.0,-0.0005266175398334346,-0.21170025101304074,1.0,-2.5361275721247154e-05,-0.010195232839941356,1.0,-0.0006504941418143197,-0.2614986450093565,1.0,0.0,0.0,0.0,0.0,0.0,0.0,1.492537313432836,600.0,0.0024875621890547263,0.0,0.0,0.0,0.0,0.0,0.0,0.0,0.0,0.0,0.0,0.0,0.0
45056,11,train,,1,1,short_2.5D_no_current,0,,798.2572974945604,453,1,0,0,0,goal,31.799273834989066,-11.743431011573534,-53.886709319637326,14.46311883180515,5.0,6.113290680362674,1.2316271937610836,1.2316271937610836,6.589107154564282,6.589107154564282,10.057138134475732,30.567646641227977,30.64775423050733,0.9637878647651789,0.9973861840356443,1.353101732031227,1.5720667329412292,1.3528906560485947,0.004453263696463778,0.023541908589840066,0.13996569630524036,0.22619914048979117,0.011025795806173896,0.04731639061067616,0.3554969407646874,0.48128609518964177,0.963362038254718,,,0,0.6038471669530204,0.5158818663143148,0.3711260896644845,0.5653850802160783,24.126213578971825,24.126213578971825,0.9975105798436448,2.5994338884068267,0.0,0.0,798.2572974945606,0.38196107310914057,173.0283661184407,1.0,0.0539825989249059,24.454117312982373,1.0,0.007980084638749165,3.614978341353372,1.0,-0.0020000000000000013,-0.9060000000000007,1.0,-0.0012076943339060404,-0.5470855332594363,1.0,-0.0005158818663143152,-0.23369448544038482,1.0,-2.6719582175764603e-05,-0.012103970725621365,1.0,-0.0025193825359610426,-1.1412802887903524,1.0,0.0,0.0,0.0,0.0,0.0,0.0,1.3245033112582782,600.0,0.002207505518763797,0.0,0.0,0.0,0.0,0.0,0.0,0.0,0.0,0.0,0.0,0.0,0.0
45056,11,train,,2,1,short_2.5D_no_current,0,,798.1136937561625,438,1,0,0,0,goal,30.924168669852943,-9.628155948148958,-45.66618768855596,8.677270288527673,5.0,14.333812311444042,1.2233048663273263,1.2233048663273263,8.697296821509445,8.697296821509445,9.32109655697611,29.700863803525635,29.707064946065383,0.9606423138878402,0.9997912569770516,1.3564869838386,1.5637200403271188,1.3564577445331132,0.003834738136581384,0.016357783935057935,0.04492828830943652,0.06173222989902749,0.017921164083584913,0.04197703643471584,0.06160445198348691,0.09762755288904383,0.9605092487184318,,,0,0.6199591719251993,0.5620691266004422,0.3579372753257349,0.555665593679365,24.18113208060647,24.18113208060647,0.9997271607751631,0.6438262684484289,0.0,0.0,798.1136937561625,0.3947021040440823,172.87952157130803,1.0,0.05424815306580027,23.76069104282052,1.0,0.007997817286201303,3.5030439713561705,1.0,-0.0020000000000000013,-0.8760000000000007,1.0,-0.0012399183438503991,-0.5430842346064748,1.0,-0.0005620691266004418,-0.24618627745099353,1.0,-2.3008428779875233e-05,-0.010077691805585352,1.0,-0.0008087091905460382,-0.3542146254591647,1.0,0.0,0.0,0.0,0.0,0.0,0.0,1.36986301369863,600.0,0.00228310502283105,0.0,0.0,0.0,0.0,0.0,0.0,0.0,0.0,0.0,0.0,0.0,0.0
45056,11,train,,3,1,short_2.5D_no_current,0,,812.0213112299081,618,1,0,0,0,goal,44.44471254899902,-30.020869462833353,3.305384939661934,10.626946977854459,5.0,29.979130537166647,1.2394311105269649,1.2394311105269649,10.523393989732359,10.000007073853977,10.232017795510561,43.20528143847207,43.21542859081342,0.9723412777879854,0.9997651960729711,1.3985575595732498,1.5587544065476822,1.398516713805817,0.004574858000741151,0.028281130857010783,0.015298585999421884,0.043975087557280634,0.014629396162286501,0.05022391200006959,0.09257446868441695,0.16121543791907597,0.972180668360163,,,0,0.5812808026448133,0.5247395278514486,0.377202768373065,0.5697083240284503,24.799740463582573,24.799740463582573,0.9997267275663372,0.39492918234389823,0.0,0.0,812.0213112299081,0.2831396994866643,174.98033428275852,1.0,0.05592916691064352,34.564225150777695,1.0,0.007997813820530705,4.942648941087976,1.0,-0.0020000000000000013,-1.2360000000000009,1.0,-0.0011625616052896263,-0.718463072068989,1.0,-0.0005247395278514482,-0.32428902821219496,1.0,-2.7449147996961848e-05,-0.016963573462122423,1.0,-0.0002753745484996508,-0.1701814709727842,1.0,0.0,0.0,0.0,0.0,0.0,0.0,0.970873786407767,600.0,0.0016181229773462784,0.0,0.0,0.0,0.0,0.0,0.0,0.0,0.0,0.0,0.0,0.0,0.0
45056,11,train,,4,1,short_2.5D_no_current,0,,804.8800643048789,526,1,0,0,0,goal,37.493800672684024,-28.513383271965054,-4.353632640408868,8.21696351936794,5.0,31.486616728034946,1.233667994939376,1.233667994939376,8.384230441998026,8.384230441998026,9.24310904674256,36.26013267774464,36.27704742535354,0.9675478819031289,0.9995337341705195,1.3793554154126813,1.569334824568536,1.3793061471540278,0.002775024416936969,0.008784051516694813,0.04952284197380258,0.08804600394571915,0.020406504275840964,0.059352431595660615,0.13769266565076413,0.22069077123566194,0.9672814673284243,,,0,0.5755530174347101,0.5251879134541201,0.37004678183635376,0.5587946639853059,24.505879353750867,24.505879353750867,0.9995043949791244,1.0261455273746187,0.0,0.0,804.8800643048788,0.3309456549994941,174.0774145297339,1.0,0.05514849076463068,29.008106142195736,1.0,0.007996035159832994,4.205914494072155,1.0,-0.0020000000000000013,-1.0520000000000007,1.0,-0.0011511060348694205,-0.6054817743413152,1.0,-0.0005251879134541203,-0.27624884247686726,1.0,-1.6650146538568875e-05,-0.008757977079287228,1.0,-0.0008914111544211662,-0.46888226722553344,1.0,0.0,0.0,0.0,0.0,0.0,0.0,1.1406844106463878,600.0,0.0019011406844106464,0.0,0.0,0.0,0.0,0.0,0.0,0.0,0.0,0.0,0.0,0.0,0.0
45056,11,train,,5,1,short_2.5D_no_current,0,,806.5152282701508,545,1,0,0,0,goal,38.80504906469778,-12.413673260538317,-12.709909270169021,9.721867127334342,5.0,47.29009072983098,1.2437626280466239,1.2437626280466239,9.703215981042112,9.676349145984924,9.797961154456626,37.561286436651116,37.568553408146954,0.9681357017616631,0.9998065677052601,1.378662510390713,1.5775397781014702,1.378633810454542,0.002548020697685343,0.0034673862031238123,0.01024109242752007,0.030963915183854773,0.015649170948329575,0.04696468554982092,0.08560120436167755,0.17259518883081626,0.9679572972083607,,,0,0.5776438643916622,0.5413908672365232,0.36941190308660543,0.5591105431865114,24.480516770120907,24.480516770120907,0.9997633373533795,0.09717768650650391,0.0,0.0,806.5152282701508,0.3196893907325234,174.23071794922524,1.0,0.055135833301506294,30.04902914932093,1.0,0.00799810669882704,4.358968150860736,1.0,-0.0020000000000000013,-1.0900000000000007,1.0,-0.0011552877287833237,-0.6296318121869114,1.0,-0.0005413908672365226,-0.2950580226439048,1.0,-1.5288124159790156e-05,-0.008332027667085636,1.0,-0.00018433966377649639,-0.10046511675819053,1.0,0.0,0.0,0.0,0.0,0.0,0.0,1.1009174311926606,600.0,0.001834862385321101,0.0,0.0,0.0,0.0,0.0,0.0,0.0,0.0,0.0,0.0,0.0,0.0
45056,11,train,,6,1,short_2.5D_no_current,0,,795.9648744516271,419,1,0,0,0,goal,29.41438290460318,-10.759036932115016,-39.84744232813636,13.185706621450507,5.0,20.15255767186364,1.2291882705260675,1.2291882705260675,12.842550227254437,9.999167722143202,11.31510645453765,28.185194634077117,28.21342300568768,0.959170997983862,0.9989994701598287,1.3467027687679058,1.569823836344527,1.3465952564057175,0.0044002054429984,0.01812413456331985,0.1103097507360045,0.1541043925948209,0.011519526665632171,0.0326842872471782,0.25149554881302555,0.3769129427003346,0.9588499041264531,,,0,0.6103164439838655,0.5202885248158171,0.3582562481659978,0.5533213651514566,24.049588730961272,24.049588730961272,0.9991484760096815,1.870600166912863,0.0,0.0,795.9648744516269,0.41164209398601276,172.47803738013934,1.0,0.0538142140984766,22.548155707261696,1.0,0.007993187808077461,3.3491456915844564,1.0,-0.0020000000000000013,-0.8380000000000006,1.0,-0.0012206328879677307,-0.5114451800584792,1.0,-0.0005202885248158169,-0.2180008918978273,1.0,-2.64012326099793e-05,-0.011062116463581326,1.0,-0.0019855755105934727,-0.831956138938665,1.0,0.0,0.0,0.0,0.0,0.0,0.0,1.431980906921241,600.0,0.002386634844868735,0.0,0.0,0.0,0.0,0.0,0.0,0.0,0.0,0.0,0.0,0.0,0.0
45056,11,train,,7,1,short_2.5D_no_current,0,,805.1375742211474,526,1,0,0,0,goal,37.41383891375151,-27.354577298679672,-4.795501811614486,9.270661756767856,5.0,32.64542270132033,1.2163127115754861,1.2163127115754861,9.345542570635342,9.345542570635342,9.615172747383964,36.197526202176036,36.20401351762926,0.9676636926001843,0.9998208122574568,1.3765784607463596,1.5673270034913298,1.3765463438158407,0.002561746172607873,0.004454237007890605,0.01890947109619044,0.04575601897215442,0.014142071518630206,0.04250849426554559,0.057750812931961326,0.11273544931447371,0.9675240778848192,,,0,0.600398967773813,0.5797632891780382,0.3674828809873686,0.5628615087004443,24.45765503721387,24.45765503721387,0.9997610180908162,0.3445109906160875,0.0,0.0,805.1375742211476,0.331080330499928,174.14825384296213,1.0,0.05505327179038174,28.958020961740797,1.0,0.007998088144726532,4.206994364126156,1.0,-0.0020000000000000013,-1.0520000000000007,1.0,-0.0012007979355476272,-0.631619714098052,1.0,-0.0005797632891780392,-0.3049554901076486,1.0,-1.5370476994091998e-05,-0.00808487089889239,1.0,-0.000340370480184303,-0.1790348725769434,1.0,0.0,0.0,0.0,0.0,0.0,0.0,1.1406844106463878,600.0,0.0019011406844106464,0.0,0.0,0.0,0.0,0.0,0.0,0.0,0.0,0.0,0.0,0.0,0.0
49152,12,train,,0,1,short_2.5D_no_current,0,,794.336666295748,399,1,0,0,0,goal,27.629858271887436,-27.54359047410253,-15.39464882045592,8.319635998056944,5.0,32.45640952589747,1.2354766534098964,1.2354766534098964,8.486356973360314,8.486356973360314,9.2904870747174,26.394381618477535,26.403236935306804,0.9556052251694435,0.9996646124544895,1.3234705230730226,1.5616248916273545,1.323402166948464,0.004016836413282761,0.01817439920946251,0.061826771146072816,0.1001621129322392,0.011467317507489546,0.046339016220841245,0.11929789982186288,0.17700831444391232,0.9554102874884397,,,0,0.5653414315214955,0.5469983137728539,0.3504780685356386,0.5356170159570854,23.66949786055952,23.66949786055952,0.9996745280930697,0.9708510766604532,0.0,0.0,794.3366662957483,0.43095551597526227,171.95125087412964,1.0,0.05292106590170934,21.11550529478203,1.0,0.007997396224744553,3.190961093673077,1.0,-0.0020000000000000013,-0.7980000000000006,1.0,-0.001130682863042991,-0.4511424623541534,1.0,-0.000546998313772854,-0.21825232719536874,1.0,-2.4101018403325042e-05,-0.009616306342926692,1.0,-0.0011128818820654298,-0.44403987094410646,1.0,0.0,0.0,0.0,0.0,0.0,0.0,1.5037593984962405,600.0,0.002506265664160401,0.0,0.0,0.0,0.0,0.0,0.0,0.0,0.0,0.0,0.0,0.0,0.0
49152,12,train,,1,1,short_2.5D_no_current,0,,801.5272081784666,479,1,0,0,0,goal,33.93328399666125,-7.4113971494911794,-30.557248207964793,9.465990970216001,5.0,29.442751792035207,1.234799050071772,1.234799050071772,9.4647971252048,9.45823014331409,9.707744347460851,32.69848494658947,32.70503417571421,0.9638039801550627,0.9997997485925395,1.3655546628690667,1.5739827297881093,1.36551645437394,0.002635994475780471,0.007116847011039873,0.016733889507073912,0.03530030137401052,0.015520094789679983,0.04759481408140687,0.08643477326078974,0.14628349273520444,0.9636169529096468,,,0,0.5835889323569818,0.5087691886935749,0.36206396144964503,0.5529358809763305,24.30953018429192,24.30953018429192,0.9997595077602207,0.24319666828038658,0.0,0.0,801.5272081784667,0.362108509121657,173.4499758692737,1.0,0.054611248345034676,26.15878795727161,1.0,0.007998076062081774,3.83107843373717,1.0,-0.0020000000000000013,-0.9580000000000007,1.0,-0.0011671778647139633,-0.5590781971979885,1.0,-0.0005087691886935754,-0.24370044138422262,1.0,-1.5815966843690714e-05,-0.007575848118127852,1.0,-0.00030121001067949234,-0.14427959511547683,1.0,0.0,0.0,0.0,0.0,0.0,0.0,1.2526096033402923,600.0,0.0020876826722338203,0.0,0.0,0.0,0.0,0.0,0.0,0.0,0.0,0.0,0.0,0.0,0.0
49152,12,train,,2,1,short_2.5D_no_current,0,,807.8919771078552,578,1,0,0,0,goal,40.97707223620404,-14.371729932083468,-8.24180621810504,13.705313763856656,5.0,45.62827006791653,1.2385665183855155,1.2385665183855155,13.358049087159646,9.989770954489787,11.54747482532913,39.738505717818484,39.77507685671643,0.9706666359041235,0.9990805513957985,1.3763002372566235,1.5589979131411318,1.3762074372117272,0.0031693450563339462,0.011937989619362988,0.09221456483382096,0.1373696575235206,0.01273633568215062,0.03917701972775678,0.3053681894981951,0.42524934740446485,0.9703442185943241,,,0,0.5610698849272151,0.5241267204830088,0.37548612047850466,0.5607579203651232,24.43883837521676,24.43883837521676,0.9990825645682314,2.1578389385275254,0.0,0.0,807.8919771078554,0.3020057930929195,174.55934840770746,1.0,0.05500139199698067,31.790804574254828,1.0,0.007992660516545846,4.619757778563499,1.0,-0.0020000000000000013,-1.1560000000000008,1.0,-0.0011221397698544294,-0.6485967869758602,1.0,-0.0005241267204830086,-0.302945244439179,1.0,-1.9016070318116742e-05,-0.010991288643871477,1.0,-0.0016598621671479578,-0.9594003326115196,1.0,0.0,0.0,0.0,0.0,0.0,0.0,1.0380622837370241,600.0,0.0017301038062283738,0.0,0.0,0.0,0.0,0.0,0.0,0.0,0.0,0.0,0.0,0.0,0.0
49152,12,train,,3,1,short_2.5D_no_current,0,,797.5179199705844,431,1,0,0,0,goal,30.234660656915022,-10.217759336860176,-45.13717426448377,10.873090314888127,5.0,14.862825735516232,1.2289627297848904,1.2289627297848904,10.744774405147071,9.987690870727638,10.322258772071077,29.005697927130146,29.018218789762322,0.9597666439535684,0.99956851718836,1.3465530760910602,1.5721711940263816,1.346501275424333,0.0025511674632202053,0.005393372912568584,0.02885889841649418,0.06329559698799248,0.017367031784118407,0.04815717909320538,0.13668715736008014,0.24413478354628287,0.9594818450112277,,,0,0.5886351029775397,0.5022752715202844,0.3577280016378294,0.5473865857671972,24.02538440277589,24.02538440277589,0.9995001674039596,0.5508315428170457,0.0,0.0,797.5179199705841,0.40065766544276843,172.68345380583318,1.0,0.05383888246335058,23.2045583417041,1.0,0.00799600133923168,3.446276577208854,1.0,-0.0020000000000000013,-0.8620000000000007,1.0,-0.0011772702059550794,-0.5074034587666392,1.0,-0.0005022752715202844,-0.2164806420252426,1.0,-1.5307004797218908e-05,-0.00659731906760135,1.0,-0.0005194601723956354,-0.2238873343025189,1.0,0.0,0.0,0.0,0.0,0.0,0.0,1.3921113689095128,600.0,0.002320185614849188,0.0,0.0,0.0,0.0,0.0,0.0,0.0,0.0,0.0,0.0,0.0,0.0
49152,12,train,,4,1,short_2.5D_no_current,0,,807.0718580865544,570,1,0,0,0,goal,40.31194980234256,-9.589972163664996,-13.925782382738618,14.518703299356238,5.0,46.07421761726138,1.2323787073344452,1.2323787073344452,13.996493743763493,9.985202213399146,11.796149799375806,39.079571095008106,39.167414986413384,0.9716080511723929,0.9977572200913504,1.374295262681171,1.5554993062841282,1.3741354106004968,0.003747413669093815,0.02048968045701116,0.1130307351056628,0.20415935592925205,0.01589401557463541,0.061893095365966655,0.45036487190029545,0.6347591729698244,0.9710633903435829,,,0,0.5576274696737528,0.5098020213165958,0.3837176101249561,0.5648998950003532,24.420405089066016,24.420405089066016,0.9977597603569116,2.7225534999804366,0.0,0.0,807.0718580865542,0.3061354573124659,174.49721066810557,1.0,0.05484852083509912,31.263656876006497,1.0,0.007982078082855303,4.549784507227522,1.0,-0.0020000000000000013,-1.1400000000000008,1.0,-0.0011152549393475058,-0.6356953154280783,1.0,-0.000509802021316596,-0.2905871521504597,1.0,-2.24844819984834e-05,-0.012816154739135537,1.0,-0.0020345532323993525,-1.1596953424676308,1.0,0.0,0.0,0.0,0.0,0.0,0.0,1.0526315789473684,600.0,0.0017543859649122807,0.0,0.0,0.0,0.0,0.0,0.0,0.0,0.0,0.0,0.0,0.0,0.0
49152,12,train,,5,1,short_2.5D_no_current,0,,796.1077433833995,422,1,0,0,0,goal,29.387921958579064,-10.835870814120653,-38.16684536678969,13.121389108011634,5.0,21.833154633210313,1.2155384152001252,1.2155384152001252,12.736262688976003,10.000009971005117,11.298763842445943,28.17238354337892,28.209392554641386,0.959897491030541,0.998688060680826,1.3369380357649918,1.5709869767930351,1.3368312114096284,0.002763492427249991,0.008063281836626857,0.10663960485052366,0.16160601160139798,0.013363719764059787,0.04469770056240785,0.25218490027352813,0.36566522134189716,0.9595991424087879,,,0,0.5770067022142322,0.49525879570878867,0.3584078682048061,0.546176932822754,23.87585297953954,23.87585297953954,0.9988126592755864,1.8226252655656874,0.0,0.0,796.1077433833993,0.40889779497284967,172.55486947854257,1.0,0.05340736216754304,22.537906834703165,1.0,0.007990501274204698,3.3719915377143823,1.0,-0.0020000000000000013,-0.8440000000000006,1.0,-0.001154013404428465,-0.4869936566688122,1.0,-0.0004952587957087887,-0.20899921178910885,1.0,-1.6580954561054326e-05,-0.006997162824764925,1.0,-0.0019195128821754637,-0.8100344362780457,1.0,0.0,0.0,0.0,0.0,0.0,0.0,1.4218009478672986,600.0,0.002369668246445498,0.0,0.0,0.0,0.0,0.0,0.0,0.0,0.0,0.0,0.0,0.0,0.0
49152,12,train,,6,1,short_2.5D_no_current,0,,802.1116739467742,491,1,0,0,0,goal,34.79178216919717,-35.36881794417573,-5.566298585445367,11.827694221683574,5.0,24.63118205582427,1.2309478627979973,1.2309478627979973,11.58985839970569,9.989259598356712,10.74911613641968,33.560834306399165,33.58351700781039,0.9652715358037476,0.9993245882673353,1.3679640329046991,1.5554448226022934,1.3679018126423714,0.004678943728058649,0.025505859884256132,0.05281214372394128,0.08140191727891022,0.013743037281786049,0.04359649736748583,0.16850035444403894,0.27254552355408534,0.9650089581381189,,,0,0.5911010956380311,0.5106598859702194,0.3673455761916283,0.5580557263674416,24.332169182981303,24.332169182981303,0.9992910543082358,1.0785780852638904,0.0,0.0,802.1116739467741,0.35362835929732483,173.6315244149865,1.0,0.054681603757880524,26.848667445119336,1.0,0.007994328434465884,3.9252152613227485,1.0,-0.0020000000000000013,-0.9820000000000008,1.0,-0.0011822021912760625,-0.5804612759165467,1.0,-0.0005106598859702195,-0.2507340040113778,1.0,-2.8073662346072297e-05,-0.013784168211921497,1.0,-0.0009506185876061883,-0.4667537265146384,1.0,0.0,0.0,0.0,0.0,0.0,0.0,1.2219959266802445,600.0,0.002036659877800407,0.0,0.0,0.0,0.0,0.0,0.0,0.0,0.0,0.0,0.0,0.0,0.0
49152,12,train,,7,1,short_2.5D_no_current,0,,806.1570547441106,542,1,0,0,0,goal,38.63318461772496,-4.1400003397131115,-54.30318030802867,8.584934225039348,5.0,5.696819691971328,1.2263657816520337,1.2263657816520337,6.1626553240267725,6.1626553240267725,8.99552929546289,37.40681883607291,37.41579484675885,0.9684884954990853,0.9997601010289187,1.380656636411767,1.55966993695407,1.3806054552562317,0.0026961570213156643,0.008310298137147676,0.03836436737574674,0.05527030658219445,0.01670327128454109,0.06069733677002098,0.054006193373552,0.1133655924148493,0.9682743378226321,,,0,0.5790901175868522,0.5430892273393628,0.3711212291158873,0.5606810927281081,24.53067531177587,24.53067531177587,0.9996841087657856,0.754205629645167,0.0,0.0,806.1570547441106,0.3215610850534905,174.28610809899186,1.0,0.05521301673221095,29.925455068858334,1.0,0.007997472870126282,4.334630295608445,1.0,-0.0020000000000000013,-1.0840000000000007,1.0,-0.0011581802351737064,-0.6277336874641489,1.0,-0.0005430892273393626,-0.2943543612179345,1.0,-1.6176942114809423e-05,-0.008767902626226707,1.0,-0.0006905586126194302,-0.37428276803973115,1.0,0.0,0.0,0.0,0.0,0.0,0.0,1.1070110701107012,600.0,0.0018450184501845018,0.0,0.0,0.0,0.0,0.0,0.0,0.0,0.0,0.0,0.0,0.0,0.0
53248,13,train,,0,1,short_2.5D_no_current,0,,806.5821378627948,547,1,0,0,0,goal,39.0235740742446,-1.018419233659209,-39.14677346611311,8.40384870166508,5.0,20.85322653388689,1.217471483838516,1.217471483838516,8.451030319509622,8.451030319509622,9.231632222570283,37.806102590406084,37.81467220011285,0.9690212415748557,0.9997733787123311,1.3826205557628117,1.5575240243070583,1.3825774492921568,0.004664125053723267,0.02402879843109007,0.04330768276324203,0.07350004790194653,0.015425562058195218,0.05225743649889125,0.10534601993304353,0.14716562515210693,0.9688600147378635,,,0,0.5662295303360254,0.4875574023318111,0.371158136977683,0.5597281528864961,24.561526594824695,24.561526594824695,0.9997313908613078,0.8277835209052105,0.0,0.0,806.5821378627944,0.3188012711736672,174.38429533199596,1.0,0.05529228898048424,30.244882072324877,1.0,0.00799785112689046,4.374824566409082,1.0,-0.0020000000000000013,-1.0940000000000007,1.0,-0.0011324590606720498,-0.6194551061876112,1.0,-0.0004875574023318115,-0.2666938990755009,1.0,-2.79847502813885e-05,-0.015307658403919509,1.0,-0.0007795382893390588,-0.42640744426846516,1.0,0.0,0.0,0.0,0.0,0.0,0.0,1.0968921389396709,600.0,0.0018281535648994515,0.0,0.0,0.0,0.0,0.0,0.0,0.0,0.0,0.0,0.0,0.0,0.0
53248,13,train,,1,1,short_2.5D_no_current,0,,810.5916912878458,603,1,0,0,0,goal,42.95811444179637,2.1965131014198462,-48.00818292331636,9.149773710779867,5.0,11.991817076683638,1.2279370365518707,1.2279370365518707,9.12742483081193,9.12742483081193,9.50405508726007,41.73017740524457,41.744776513919604,0.9717553262371256,0.999650276995249,1.3845697019542151,1.5549383854883896,1.3845321514613467,0.004098727145655048,0.021268772903327182,0.02158782936004392,0.04988726318153747,0.01871018988935267,0.05578546332712264,0.21372056367114914,0.41606197204860246,0.9714476078867309,,,0,0.5714954927155924,0.5390690580303094,0.3757665260489505,0.5611281831367296,24.57564565231442,24.57564565231442,0.9996244767564302,0.35687078079422974,0.0,0.0,810.5916912878456,0.28997477046106007,174.8547865880192,1.0,0.05536341944311046,33.38414192419561,1.0,0.00799699581405144,4.822188475873019,1.0,-0.0020000000000000013,-1.2060000000000008,1.0,-0.001142990985431186,-0.6892235642150052,1.0,-0.0005390690580303097,-0.32505864199227674,1.0,-2.459236289481247e-05,-0.01482919482557192,1.0,-0.00038858092737878463,-0.23431429920940713,1.0,0.0,0.0,0.0,0.0,0.0,0.0,0.9950248756218906,600.0,0.001658374792703151,0.0,0.0,0.0,0.0,0.0,0.0,0.0,0.0,0.0,0.0,0.0,0.0
53248,13,train,,2,1,short_2.5D_no_current,0,,793.7125499590205,386,1,0,0,0,goal,26.704171658935923,-25.816237146733194,-17.37548116847907,10.254564244072252,5.0,34.183762853266806,1.2210923319209237,1.2210923319209237,10.162120729204213,9.989102884284437,10.053869504221458,25.483079327015034,25.490144960259414,0.9545379383348046,0.9997228092168392,1.3207328994953114,1.5573786107753347,1.3207000836991591,0.005001868575812747,0.02430880394925916,0.012107574747238439,0.041622781625874516,0.012034245615470321,0.04398218765785078,0.08389790397405941,0.14730686815388647,0.954401545077093,,,0,0.5808132735027937,0.5546928636543935,0.34823244053465097,0.5336026405346208,23.637804423355057,23.637804423355057,0.9997055336503187,0.20069473985079575,0.0,0.0,793.7125499590204,0.44499793486762107,171.76920285890174,1.0,0.05281467218034198,20.386463461612003,1.0,0.007997644269202546,3.0870906879121827,1.0,-0.0020000000000000013,-0.7720000000000006,1.0,-0.0011616265470055878,-0.44838784714415686,1.0,-0.0005546928636543934,-0.21411144537059587,1.0,-3.0011211425334482e-05,-0.01158432761017911,1.0,-0.00021793634528651025,-0.08412342928059295,1.0,0.0,0.0,0.0,0.0,0.0,0.0,1.5544041450777202,600.0,0.0025906735751295338,0.0,0.0,0.0,0.0,0.0,0.0,0.0,0.0,0.0,0.0,0.0,0.0
53248,13,train,,3,1,short_2.5D_no_current,0,,810.2015901823045,594,1,0,0,0,goal,42.589601937890194,-2.750056050314818,-19.356523989509952,9.596555855694916,5.0,40.64347601049005,1.2384875875005261,1.2384875875005261,9.505878814281454,9.504513764851978,9.713429221183274,41.35111435038968,41.36378053922119,0.971217824471413,0.9996937855131613,1.392719883475463,1.5765695831003816,1.392683988445244,0.0036747671982541004,0.01867586087137285,0.01408828982703113,0.03912256212620502,0.014322444778313305,0.04729460385860529,0.15882600660126628,0.2603811338543865,0.9710539936810684,,,0,0.598547738716508,0.5596665843548284,0.3754872398996594,0.568597026921884,24.70849252127684,24.70849252127684,0.9996355221082417,0.14459215129411632,0.0,0.0,810.2015901823045,0.2942183101526312,174.76567623066296,1.0,0.055691736498841314,33.08089148031174,1.0,0.007997084176865935,4.750268001058365,1.0,-0.0020000000000000013,-1.1880000000000008,1.0,-0.0011970954774330174,-0.7110747135952123,1.0,-0.0005596665843548285,-0.33244195110676816,1.0,-2.204860314191829e-05,-0.013096870266299463,1.0,-0.00025358921676811537,-0.15063199476026054,1.0,0.0,0.0,0.0,0.0,0.0,0.0,1.0101010101010102,600.0,0.0016835016835016834,0.0,0.0,0.0,0.0,0.0,0.0,0.0,0.0,0.0,0.0,0.0,0.0
53248,13,train,,4,1,short_2.5D_no_current,0,,806.3022540816885,551,1,0,0,0,goal,39.142997734490955,-7.9951300248709956,-17.670615377004793,13.043214069991649,5.0,42.32938462299521,1.2197248788125465,1.2197248788125465,12.776525824961562,9.996183994910478,11.296059423492938,37.92327285567836,37.947276902804084,0.9694524972308582,0.9993674368996974,1.3773966207914374,1.5501824038515777,1.3773208389606098,0.002639506779240924,0.007092292603982475,0.07898811955040491,0.11057021486261398,0.015923595760872045,0.04987234071879687,0.2278158108607382,0.3212050402212087,0.969193269249539,,,0,0.5787231767323618,0.546063798538683,0.372891702271741,0.5625371741580552,24.47458308991034,24.47458308991034,0.9993951785419176,1.7471546464987098,0.0,0.0,806.3022540816887,0.3164992129285856,174.39106632365068,1.0,0.055061013220585736,30.33861828454274,1.0,0.007995161428335326,4.405333947012765,1.0,-0.0020000000000000013,-1.1020000000000008,1.0,-0.001157446353464724,-0.637752940759063,1.0,-0.0005460637985386836,-0.30088115299481466,1.0,-1.5837040681503607e-05,-0.008726209415508487,1.0,-0.001421786153081808,-0.7834041703480762,1.0,0.0,0.0,0.0,0.0,0.0,0.0,1.0889292196007259,600.0,0.0018148820326678765,0.0,0.0,0.0,0.0,0.0,0.0,0.0,0.0,0.0,0.0,0.0,0.0
53248,13,train,,5,1,short_2.5D_no_current,0,,792.4192824271136,375,1,0,0,0,goal,25.681160359266872,-30.87911484539677,-15.997492649108672,10.45944778302485,5.0,29.12088515460323,1.2359833890822745,1.2359833890822745,10.305805238185247,9.988705891610124,10.143056635602523,24.44517697018459,24.45824669378015,0.952380903028572,0.9994656312139137,1.3044398236682753,1.549937477148849,1.3043943583318294,0.0024551604736963053,0.0039598034275107885,0.016734988579831474,0.04109592327610656,0.01916468104230156,0.049798815184251666,0.11618561280405311,0.15926057021164494,0.9522011972807699,,,0,0.5533202315767606,0.5024599971200029,0.34699615283807117,0.5236783189276855,23.369465217437313,23.369465217437313,0.9993607785042805,0.3163911474223255,0.0,0.0,792.4192824271136,0.4568985505927341,171.3369564722753,1.0,0.05214971086972712,19.55614157614767,1.0,0.007994886228034235,2.9980823355128385,1.0,-0.0020000000000000013,-0.7500000000000006,1.0,-0.0011066404631535213,-0.41499017368257046,1.0,-0.0005024599971200031,-0.18842249892000115,1.0,-1.4730962832458307e-05,-0.005524111062171865,1.0,-0.00030122979508666315,-0.11296117315749868,1.0,0.0,0.0,0.0,0.0,0.0,0.0,1.6,600.0,0.0026666666666666666,0.0,0.0,0.0,0.0,0.0,0.0,0.0,0.0,0.0,0.0,0.0,0.0
53248,13,train,,6,1,short_2.5D_no_current,0,,811.6369727204411,615,1,0,0,0,goal,44.005236684155506,-20.526761942820883,-0.5410390477581188,10.494222385598576,5.0,39.47323805717912,1.2424186958839571,1.2424186958839571,10.353930339498318,9.997674165014093,10.104280271524036,42.76281798827158,42.779886921690526,0.9721544558148877,0.9996010056443061,1.3912158348517214,1.5593427677001201,1.391175085077087,0.0026089559064461114,0.006045083541694307,0.013953093866856862,0.05828605627084649,0.017406600452974066,0.05932964902318005,0.18778526026193598,0.320930794170591,0.9719138655296624,,,0,0.5625262452637761,0.5255320295680133,0.37741490033099323,0.5642297102547273,24.675123228997705,24.675123228997705,0.999579818050355,0.38994211407453777,0.0,0.0,811.6369727204409,0.28441948439243536,174.91798290134776,1.0,0.05562642990344266,34.21025439061724,1.0,0.007996638544402846,4.91793270480775,1.0,-0.0020000000000000013,-1.2300000000000009,1.0,-0.0011250524905275516,-0.6919072816744443,1.0,-0.0005255320295680134,-0.3232021981843282,1.0,-1.5653735422671258e-05,-0.009627047284942824,1.0,-0.00025115568973677695,-0.1544607491881178,1.0,0.0,0.0,0.0,0.0,0.0,0.0,0.975609756097561,600.0,0.0016260162601626016,0.0,0.0,0.0,0.0,0.0,0.0,0.0,0.0,0.0,0.0,0.0,0.0
53248,13,train,,7,1,short_2.5D_no_current,0,,792.9828036380919,389,1,0,0,0,goal,26.63430274661374,-22.236010363544025,-20.361853706948978,12.85831509230303,5.0,37.763989636455975,1.2238839386162317,1.2238839386162317,12.492120152141277,9.998924059357003,11.206831069731356,25.41041880799752,25.442508055077067,0.9552533924813107,0.9987387545673527,1.3080981005181014,1.5664180672536503,1.3079796342552983,0.0034280932925093047,0.010400146206683392,0.10602291136358287,0.14071272666292867,0.012197809976710878,0.053464762327209314,0.2011006255661131,0.2944161550436018,0.9549494940220739,,,0,0.5740267581912116,0.5335668452457552,0.3526663630434664,0.5340087269181457,23.418632850340146,23.418632850340146,0.9987941762373256,1.6514840225716645,0.0,0.0,792.9828036380918,0.4414620694872599,171.7287450305441,1.0,0.05225793071053475,20.328335046398017,1.0,0.00799035340989861,3.1082474764505594,1.0,-0.0020000000000000013,-0.7780000000000006,1.0,-0.0011480535163824238,-0.44659281787276284,1.0,-0.0005335668452457551,-0.20755750280059873,1.0,-2.05685597476827e-05,-0.008001169741848571,1.0,-0.0019084124033049632,-0.7423724248856307,1.0,0.0,0.0,0.0,0.0,0.0,0.0,1.5424164524421593,600.0,0.002570694087403599,0.0,0.0,0.0,0.0,0.0,0.0,0.0,0.0,0.0,0.0,0.0,0.0
57344,14,train,,0,1,short_2.5D_no_current,0,,811.3974480799184,622,1,0,0,0,goal,44.68864185682409,3.439490227573245,-49.6368390598084,14.149305087771914,5.0,10.363160940191598,1.226359228895092,1.226359228895092,10.649489927975523,9.989017647107701,11.272383952794325,43.46228262792899,43.530105321992686,0.9740753693400845,0.9984419359070693,1.3996818431508902,1.5768360680331917,1.3995667553953046,0.004652503383672764,0.025761735007815645,0.0946679282844479,0.18151509900293394,0.010465551681317093,0.03292861555101867,0.39421161969938934,0.5545502783890747,0.9737490016966627,,,0,0.5924348552019554,0.5518666005549635,0.3837011296577584,0.5759462877101836,24.809834822655098,24.809834822655098,0.9985433449851046,2.4676523941114454,0.0,0.0,811.3974480799179,0.28144756518809544,175.06038554699535,1.0,0.055900041965181994,34.7698261023432,1.0,0.007988346759880829,4.968751684645875,1.0,-0.0020000000000000013,-1.2440000000000009,1.0,-0.001184869710403911,-0.7369889598712326,1.0,-0.0005518666005549639,-0.3432610255451875,1.0,-2.7915020287027568e-05,-0.017363142618531148,1.0,-0.0017040227106615159,-1.059902126031463,1.0,0.0,0.0,0.0,0.0,0.0,0.0,0.9646302250803859,600.0,0.001607717041800643,0.0,0.0,0.0,0.0,0.0,0.0,0.0,0.0,0.0,0.0,0.0,0.0
57344,14,train,,1,1,short_2.5D_no_current,0,,793.6247360769435,392,1,0,0,0,goal,27.04144126147077,-20.545728262787605,-21.319347263034693,8.049597479189636,5.0,38.68065273696531,1.2297470050249029,1.2297470050249029,8.155354012894083,8.155354012894083,9.091721594068938,25.81169425644586,25.81969216964489,0.9548193796324512,0.999690239792695,1.3173312331451443,1.552131179835327,1.317253540135334,0.0026207022504682194,0.007528837033402347,0.0755291211595795,0.10267352767660398,0.016121371497066113,0.03854107693978248,0.09912820891831577,0.14529253195808112,0.9545901383179285,,,0,0.564303804882707,0.5311738775772213,0.3487151029842849,0.5314459457651389,23.569605591259986,23.569605591259986,0.9996370408639392,1.0421241148793023,0.0,0.0,793.6247360769437,0.4383016597577198,171.81425062502615,1.0,0.052676927053971145,20.64935540515669,1.0,0.007997096326911526,3.134861760149318,1.0,-0.0020000000000000013,-0.7840000000000006,1.0,-0.0011286076097654129,-0.4424141830280418,1.0,-0.0005311738775772217,-0.2082201600102709,1.0,-1.5724213510872438e-05,-0.006163891696261996,1.0,-0.0013595241802395323,-0.5329334786538966,1.0,0.0,0.0,0.0,0.0,0.0,0.0,1.530612244897959,600.0,0.002551020408163265,0.0,0.0,0.0,0.0,0.0,0.0,0.0,0.0,0.0,0.0,0.0,0.0
57344,14,train,,2,1,short_2.5D_no_current,0,,800.03683500184,466,1,0,0,0,goal,32.64513151022925,-8.120964495707035,-46.96961426141363,9.074698058312414,5.0,13.030385738586368,1.239740150129502,1.239740150129502,9.11637454793275,9.11637454793275,9.490078801728867,31.405391360099742,31.41329877005297,0.9622659587145396,0.9997482782686686,1.3482102476417583,1.555795677999346,1.348168246423028,0.004209162588297545,0.020999835132288425,0.029310876302672,0.05767846829145329,0.017495739895338584,0.04550404287835308,0.0921269294354572,0.19184079879104293,0.9620246982042912,,,0,0.5735424546556859,0.545929944174676,0.35940779959822927,0.546807609850245,24.01716934245794,24.01716934245794,0.9996842546972162,0.41538074341645853,0.0,0.0,800.0368350018404,0.37159715103659696,173.1642723830542,1.0,0.053914834952960955,25.124313088079806,1.0,0.00799747403757773,3.726822901511222,1.0,-0.0020000000000000013,-0.9320000000000007,1.0,-0.0011470849093113723,-0.5345415677390996,1.0,-0.0005459299441746757,-0.2544033539853989,1.0,-2.525497547281125e-05,-0.011768818570330042,1.0,-0.000527595773626812,-0.2458596305100944,1.0,0.0,0.0,0.0,0.0,0.0,0.0,1.2875536480686696,600.0,0.002145922746781116,0.0,0.0,0.0,0.0,0.0,0.0,0.0,0.0,0.0,0.0,0.0,0.0
57344,14,train,,3,1,short_2.5D_no_current,0,,805.1888515835017,529,1,0,0,0,goal,37.48735626368769,-23.15377008449896,-6.5120803968320615,10.256238027003953,5.0,36.84622991550104,1.2373128852334923,1.2373128852334923,10.152628842501569,9.942660865018354,10.007181814719909,36.25004337845419,36.263276591872646,0.9673468658817973,0.9996350794891651,1.3710123475188123,1.550465474627819,1.3709725313075232,0.0026926894833138237,0.008522566072150184,0.014090422945702341,0.03739534203072914,0.017034962354199868,0.04988309184992623,0.14751408962466422,0.27358545094900244,0.9671425486714295,,,0,0.5759271756545175,0.5484515823162424,0.3693672754785965,0.5568568202154622,24.369848894780922,24.369848894780922,0.9995508772853244,0.24905621228403052,0.0,0.0,805.1888515835012,0.32903382799713016,174.05889501048185,1.0,0.05482048147970388,29.00003470276335,1.0,0.007996407018282596,4.230099312671493,1.0,-0.0020000000000000013,-1.0580000000000007,1.0,-0.0011518543513090347,-0.6093309518424793,1.0,-0.0005484515823162429,-0.2901308870452925,1.0,-1.615613692374023e-05,-0.008546596432658581,1.0,-0.0002536276126560422,-0.1341690070950463,1.0,0.0,0.0,0.0,0.0,0.0,0.0,1.1342155009451795,600.0,0.001890359168241966,0.0,0.0,0.0,0.0,0.0,0.0,0.0,0.0,0.0,0.0,0.0,0.0
57344,14,train,,4,1,short_2.5D_no_current,0,,802.3574301258894,491,1,0,0,0,goal,34.615952058167615,-17.994813315242546,-13.279919329001999,9.729473110965033,5.0,42.005186684757454,1.2207229431245918,1.2207229431245918,9.641915365024545,9.617473009248215,9.78904438247543,33.39522911504304,33.41042128055972,0.9651741262068378,0.9995452866221255,1.360913290450498,1.5625669129043382,1.360866658899333,0.004265277914891262,0.022141385363862565,0.013519284100346887,0.03206474766793166,0.023558140719623293,0.052488680998244774,0.13862855276937483,0.23882911346286553,0.9648532237016468,,,0,0.5797474276001305,0.5165000666751357,0.3650800020959372,0.5526021503959071,24.230478766103644,24.230478766103644,0.9994563469331379,0.12513175701935347,0.0,0.0,802.3574301258896,0.35367076324142843,173.65234475154136,1.0,0.05441177859884814,26.716183292034437,1.0,0.0079956507754651,3.925864530753364,1.0,-0.0020000000000000013,-0.9820000000000008,1.0,-0.00115949485520026,-0.5693119739033277,1.0,-0.0005165000666751358,-0.2536015327374917,1.0,-2.5591667494021166e-05,-0.012565508739564392,1.0,-0.00024334711417349034,-0.11948343305918376,1.0,0.0,0.0,0.0,0.0,0.0,0.0,1.2219959266802445,600.0,0.002036659877800407,0.0,0.0,0.0,0.0,0.0,0.0,0.0,0.0,0.0,0.0,0.0,0.0
57344,14,train,,5,1,short_2.5D_no_current,0,,792.7948344830735,389,1,0,0,0,goal,26.77037749814375,-24.449431754483342,-18.497936668705165,13.534715141512267,5.0,35.55056824551666,1.2456655770464804,1.2456655770464804,13.007525337924829,9.996657447765182,11.3707621810584,25.52471192109726,25.598845629697415,0.9562377531460822,0.9971040214206321,1.3161360220924125,1.5576061271980852,1.3159594746373935,0.005338449552194184,0.023309690612802303,0.13020643266758952,0.20335146958442607,0.016496147087618603,0.049731359405800646,0.3695497703133479,0.4824401536721363,0.955661719033929,,,0,0.5730927528569278,0.5267918645296543,0.3635455540795559,0.5402133352767226,23.56509771143711,23.56509771143711,0.9973286919211094,2.163952960453867,0.0,0.0,792.7948344830734,0.4411936545946369,171.62433163731376,1.0,0.05249298081459592,20.419769536877812,1.0,0.00797862953536887,3.10368688925849,1.0,-0.0020000000000000013,-0.7780000000000006,1.0,-0.0011461855057138574,-0.4458661617226905,1.0,-0.0005267918645296549,-0.20492203530203573,1.0,-3.203069737101778e-05,-0.012459941277325918,1.0,-0.002343715789395081,-0.9117054420746865,1.0,0.0,0.0,0.0,0.0,0.0,0.0,1.5424164524421593,600.0,0.002570694087403599,0.0,0.0,0.0,0.0,0.0,0.0,0.0,0.0,0.0,0.0,0.0,0.0
57344,14,train,,6,1,short_2.5D_no_current,0,,806.0709140137949,541,1,0,0,0,goal,38.52802740820648,-1.5545407945011789,-37.863409898507285,8.661887454643773,5.0,22.136590101492715,1.222547479494461,1.222547479494461,8.606034162971524,8.606034162971524,9.28789540750368,37.305479928711996,37.31925752654754,0.9686262193272455,0.9996308180079491,1.3796398346228278,1.5700536816416752,1.379603403691434,0.0029246500556178606,0.010310950288182408,0.03782028730457774,0.06088638241065425,0.020470042170711536,0.07577888005445654,0.11926006760760847,0.2409792826317014,0.9684131606476261,,,0,0.5905413401008424,0.5339940945340695,0.3712932801979306,0.5613176605893151,24.507867146355586,24.507867146355586,0.9994968537270313,0.6352384850239897,0.0,0.0,806.0709140137953,0.3221596147774632,174.28835159460758,1.0,0.05516521985761486,29.84438394296964,1.0,0.007995974829816253,4.3258223829305935,1.0,-0.0020000000000000013,-1.0820000000000007,1.0,-0.001181082680201683,-0.6389657299891105,1.0,-0.00053399409453407,-0.28889080514293186,1.0,-1.7547900375282906e-05,-0.009493414103028052,1.0,-0.0006807651709379592,-0.36829395747743593,1.0,0.0,0.0,0.0,0.0,0.0,0.0,1.1090573012939002,600.0,0.0018484288354898336,0.0,0.0,0.0,0.0,0.0,0.0,0.0,0.0,0.0,0.0,0.0,0.0
57344,14,train,,7,1,short_2.5D_no_current,0,,801.019313550391,475,1,0,0,0,goal,33.38321006562225,-7.054139446634274,-34.65675359651304,9.322722689537807,5.0,25.34324640348696,1.2191030042981068,1.2191030042981068,9.265447895491091,9.265367421383086,9.585582492754833,32.16410706132415,32.17278407396307,0.963741473954128,0.9997302996029508,1.3546435399563406,1.547202202706399,1.3546063878001466,0.0042535049507090375,0.022015434197330652,0.02230006410558879,0.06315983396387326,0.01459782560409603,0.03906801522168024,0.1096936250872229,0.16100608068284386,0.9635659218575995,,,0,0.5713697776923838,0.5090771431436664,0.3626748875724642,0.5474666795291399,24.13085968632162,24.13085968632162,0.9996709003629924,0.28188617956293377,0.0,0.0,801.0193135503912,0.3651087988405707,173.42667944927106,1.0,0.05417112768223012,25.731285649059306,1.0,0.007997367202903942,3.798749421379372,1.0,-0.0020000000000000013,-0.9500000000000007,1.0,-0.0011427395553847677,-0.5428012888077647,1.0,-0.0005090771431436665,-0.2418116429932416,1.0,-2.5521029699555432e-05,-0.01212248910728883,1.0,-0.0004014011545479843,-0.19066554841029254,1.0,0.0,0.0,0.0,0.0,0.0,0.0,1.263157894736842,600.0,0.002105263157894737,0.0,0.0,0.0,0.0,0.0,0.0,0.0,0.0,0.0,0.0,0.0,0.0
61440,15,train,,0,1,short_2.5D_no_current,0,,808.9734887163526,579,1,0,0,0,goal,41.25475630218864,-13.168964526336552,-8.662342876447,9.95878142876351,5.0,46.83103547366345,1.2386853715848745,1.2386853715848745,9.807364503550147,9.701423907406602,9.813613245541264,40.01607093060384,40.03460622955157,0.9704240145378743,0.9995370180777718,1.382887952661541,1.5628155593417214,1.3828495187858028,0.00306046081588287,0.012513723618601702,0.012818188279992777,0.0457975125608403,0.01420331554498732,0.04839626926535301,0.22326046438533048,0.35163285627223523,0.970226780410342,,,0,0.5713562897160418,0.5193380364964817,0.37418394054516196,0.561924837259431,24.533112424990925,24.533112424990925,0.9995103282688791,0.1501777051151721,0.0,0.0,808.9734887163522,0.30154654686909216,174.59545063720435,1.0,0.0552899080215596,32.01285674448301,1.0,0.007996082626151035,4.629731840541449,1.0,-0.0020000000000000013,-1.1580000000000008,1.0,-0.001142712579432085,-0.6616305834911772,1.0,-0.0005193380364964818,-0.30069672313146295,1.0,-1.8362764915278888e-05,-0.010632040885946476,1.0,-0.00023072738923650155,-0.1335911583679344,1.0,0.0,0.0,0.0,0.0,0.0,0.0,1.0362694300518134,600.0,0.0017271157167530224,0.0,0.0,0.0,0.0,0.0,0.0,0.0,0.0,0.0,0.0,0.0,0.0
61440,15,train,,1,1,short_2.5D_no_current,0,,801.3514661546385,481,1,0,0,0,goal,33.63844821049879,-9.117948221163857,-26.676248344414894,10.567201692509718,5.0,33.323751655585106,1.220327011491635,1.220327011491635,10.334858488214062,9.945814454338484,10.061182870736832,32.418121199007146,32.45112982203152,0.9647035326648422,0.9989828205302745,1.3493193273193955,1.543814020367106,1.3492693954073984,0.002657819371979006,0.008338828248595664,0.019489630661634474,0.07503127814298116,0.022432122191658764,0.05349258400478529,0.24183387224548195,0.34625148975634196,0.9644530786784175,,,0,0.5460622033758743,0.48498878053732203,0.3672235483408222,0.5423975822955308,24.040302489505034,24.040302489505034,0.9989517258016395,0.5060188217728838,0.0,0.0,801.3514661546382,0.3606445032986856,173.47000608666775,1.0,0.053917873096061796,25.934496959205724,1.0,0.007991613806413117,3.8439662408847095,1.0,-0.0020000000000000013,-0.9620000000000007,1.0,-0.001092124406751749,-0.5253118396475912,1.0,-0.0004849887805373217,-0.23327960343845172,1.0,-1.5946916252780176e-05,-0.0076704667175872656,1.0,-0.00035081335200899455,-0.16874122231632638,1.0,0.0,0.0,0.0,0.0,0.0,0.0,1.2474012474012475,600.0,0.002079002079002079,0.0,0.0,0.0,0.0,0.0,0.0,0.0,0.0,0.0,0.0,0.0,0.0
61440,15,train,,2,1,short_2.5D_no_current,0,,795.4322667279589,409,1,0,0,0,goal,28.296981432181568,-11.992013229854876,-43.98049978897785,9.346198281929825,5.0,16.019500211022148,1.2272593158064917,1.2272593158064917,9.305595767749578,9.305595767749578,9.568609003887422,27.06972211637504,27.083720811381095,0.9571240266843213,0.9994831325022322,1.3243873257399095,1.5596669878870824,1.3243439690274015,0.004270640594717727,0.02058926288016716,0.025707035135405128,0.059810421969215266,0.02553523154834043,0.058640528909465583,0.14919718466698106,0.26051902460834203,0.9568394246323936,,,0,0.5651574474451995,0.5050959866553714,0.35389818267527884,0.5327090714263449,23.676209310692474,23.676209310692474,0.9993367240295182,0.23249758259892075,0.0,0.0,795.4322667279589,0.4210104588485262,172.19327766904723,1.0,0.05294811171907101,21.655777693100042,1.0,0.007994693792236152,3.269829761024586,1.0,-0.0020000000000000013,-0.8180000000000006,1.0,-0.0011303148948903986,-0.46229879201017304,1.0,-0.0005050959866553713,-0.20658425854204687,1.0,-2.5623843550384538e-05,-0.010480152012107277,1.0,-0.00046272663239258773,-0.18925519264856838,1.0,0.0,0.0,0.0,0.0,0.0,0.0,1.466992665036675,600.0,0.0024449877750611247,0.0,0.0,0.0,0.0,0.0,0.0,0.0,0.0,0.0,0.0,0.0,0.0
61440,15,train,,3,1,short_2.5D_no_current,0,,799.3078016779075,460,1,0,0,0,goal,32.1658290642897,-12.490478515115726,-23.41063856581006,11.630912098062318,5.0,36.58936143418994,1.2494455288775275,1.2494455288775275,11.281479247103961,9.99318010026241,10.525592246604342,30.916383535412155,30.965840370605026,0.9626936805736838,0.9984028582915581,1.3463408856784775,1.5431352398554106,1.3462639886842853,0.0025461450568012903,0.005340129579459507,0.04916025432713025,0.11855497872834153,0.020340122199285847,0.05784496858917487,0.31264361594520895,0.4505731006167616,0.962350203356368,,,0,0.5762511590171767,0.5291004851541441,0.36819647471218003,0.5477383180642905,23.998032313046483,23.998032313046483,0.998425104246345,1.1053198514579778,0.0,0.0,799.3078016779073,0.376104569612864,173.00810202191744,1.0,0.0537676235398473,24.733106828329756,1.0,0.007987400833970761,3.67420438362655,1.0,-0.0020000000000000013,-0.9200000000000007,1.0,-0.001152502318034353,-0.5301510662958024,1.0,-0.0005291004851541443,-0.24338622317090639,1.0,-1.5276870354302996e-05,-0.007027360362979379,1.0,-0.0008848845785581152,-0.407046906136733,1.0,0.0,0.0,0.0,0.0,0.0,0.0,1.3043478260869565,600.0,0.002173913043478261,0.0,0.0,0.0,0.0,0.0,0.0,0.0,0.0,0.0,0.0,0.0,0.0
61440,15,train,,4,1,short_2.5D_no_current,0,,799.046219735888,464,1,0,0,0,goal,32.50578951369229,-8.339722786851539,-33.85952497396808,14.06789443689713,5.0,26.140475026031922,1.2467942517706083,1.2467942517706083,13.504715654821661,9.985655939876752,11.57580094822509,31.258995261921683,31.358779249398154,0.9647136623520254,0.9968179887781063,1.3516715193706117,1.5608210615832487,1.3514660175090043,0.003196696040779396,0.011152177131416696,0.12546104615022066,0.22367513623370794,0.01870466839946861,0.04926236894295766,0.47244968835069284,0.6762809837579307,0.963918457264336,,,0,0.579137464768478,0.5077243450113798,0.37695577284642334,0.5580308767485207,24.101741872507105,24.101741872507105,0.9970068888424577,2.492093488672059,0.0,0.0,799.0462197358881,0.37305152559795574,173.09590787745145,1.0,0.05389481941710635,25.007196209537348,1.0,0.00797605511073966,3.700889571383202,1.0,-0.0020000000000000013,-0.9280000000000007,1.0,-0.0011582749295369565,-0.5374395673051477,1.0,-0.0005077243450113801,-0.23558409608528036,1.0,-1.9180176239478573e-05,-0.008899601775118058,1.0,-0.0022582988304272696,-1.047850657318253,1.0,0.0,0.0,0.0,0.0,0.0,0.0,1.293103448275862,600.0,0.0021551724137931034,0.0,0.0,0.0,0.0,0.0,0.0,0.0,0.0,0.0,0.0,0.0,0.0
61440,15,train,,5,1,short_2.5D_no_current,0,,807.3883208946909,563,1,0,0,0,goal,39.782383384561825,-0.2438929465601234,-41.01985636175322,11.024632965056423,5.0,18.98014363824678,1.2316273036233885,1.2316273036233885,10.824186205165871,9.984969113809369,10.269772993698545,38.55075608093845,38.57777307958574,0.9697200066338018,0.9992996744889455,1.3704359886176105,1.5465035162719865,1.3703956785418572,0.003969647743784271,0.02090129863993262,0.0268743972323287,0.06205433005695227,0.01863637288801354,0.0468720849742299,0.28628838717239097,0.4387303355316315,0.9694440628685117,,,0,0.5692384293795849,0.5820805549548796,0.37448587091259167,0.5535768448353661,24.349582153774936,24.349582153774936,0.9992861478367108,0.754859971357875,0.0,0.0,807.388320894691,0.30981769032934947,174.42735965542374,1.0,0.0547790494933406,30.84060486475076,1.0,0.007994289182693699,4.500784809856552,1.0,-0.0020000000000000013,-1.1260000000000008,1.0,-0.0011384768587591708,-0.6409624714814132,1.0,-0.0005820805549548801,-0.32771135243959754,1.0,-2.3817886391928663e-05,-0.013409470038655837,1.0,-0.00048373914987634973,-0.2723451413803849,1.0,0.0,0.0,0.0,0.0,0.0,0.0,1.0657193605683837,600.0,0.0017761989342806395,0.0,0.0,0.0,0.0,0.0,0.0,0.0,0.0,0.0,0.0,0.0,0.0
61440,15,train,,6,1,short_2.5D_no_current,0,,792.4866680284274,377,1,0,0,0,goal,25.99152983952638,-31.892918854672622,-15.35059061807695,8.50284408813526,5.0,28.107081145327378,1.2300665637321333,1.2300665637321333,8.495868909866083,8.495868909866083,9.256934561444185,24.761463275794267,24.7755092794992,0.9532147369725837,0.9994330690220533,1.31435062490712,1.5597571101531622,1.3142971398067271,0.0038988842554656556,0.01685008791096676,0.06176401409444771,0.08914477839801327,0.02299754277735328,0.05957027254249425,0.14169160019027474,0.2004330684381801,0.9529562833435041,,,0,0.5915708203283719,0.5034472084399164,0.3481970883965176,0.531357722648417,23.5407811596659,23.5407811596659,0.9993076515657874,0.7542134937831774,0.0,0.0,792.4866680284275,0.4548577702963411,171.4813794017206,1.0,0.05254421915287905,19.809170620635403,1.0,0.007994461212526286,3.01391187712241,1.0,-0.0020000000000000013,-0.7540000000000006,1.0,-0.0011831416406567438,-0.44604439852759237,1.0,-0.0005034472084399164,-0.1897995975818485,1.0,-2.3393305559319615e-05,-0.008819276195863495,1.0,-0.0011117522513145884,-0.4191305987455998,1.0,0.0,0.0,0.0,0.0,0.0,0.0,1.5915119363395225,600.0,0.002652519893899204,0.0,0.0,0.0,0.0,0.0,0.0,0.0,0.0,0.0,0.0,0.0,0.0
61440,15,train,,7,1,short_2.5D_no_current,0,,799.9444532709767,463,1,0,0,0,goal,32.455417415081875,-9.229633643960689,-50.3183545902402,10.265014060745335,5.0,9.681645409759803,1.2422353419388577,1.2422353419388577,10.06097325992021,9.89516254222635,9.962001101000633,31.21318207314303,31.240689212331397,0.9625724054873501,0.999119509207962,1.3494898147875407,1.5534644124104129,1.3494371572275772,0.0036290221398496097,0.016299479107815706,0.016109248789957065,0.05780453377929495,0.02255284275840733,0.06566632349000923,0.22938321004602005,0.3744727075247106,0.9621306509532781,,,0,0.5776507182782978,0.5007680854558961,0.3643563299824043,0.5472922244835363,24.041685092198566,24.041685092198566,0.9990624248235751,0.30297976568096907,0.0,0.0,799.9444532709767,0.3738887181049173,173.1104764825767,1.0,0.053932064057266596,24.970545658514435,1.0,0.007992499398588596,3.7005272215465204,1.0,-0.0020000000000000013,-0.9260000000000007,1.0,-0.0011553014365565958,-0.5349045651257038,1.0,-0.0005007680854558961,-0.2318556235660799,1.0,-2.177413285184541e-05,-0.010081423510404424,1.0,-0.0002899664783126707,-0.13425447945876653,1.0,0.0,0.0,0.0,0.0,0.0,0.0,1.2958963282937366,600.0,0.0021598272138228943,0.0,0.0,0.0,0.0,0.0,0.0,0.0,0.0,0.0,0.0,0.0,0.0
65536,16,train,,0,1,short_2.5D_no_current,0,,803.2425454216814,509,1,0,0,0,goal,35.806636902644,-29.926935071632826,-5.667390586461863,8.614164481578449,5.0,30.073064928367174,1.2316892035875484,1.2316892035875484,8.535207382270789,8.535004620297327,9.166132085579031,34.57494769905649,34.60288660701953,0.9663819224660111,0.9991925844719148,1.359641909902536,1.5541518668498706,1.359589833202276,0.0032126741234206136,0.014517759699756105,0.04196745188499332,0.0831059028930543,0.026255768352497735,0.08080592127637853,0.2459761926558921,0.335321566813692,0.9660848808535264,,,0,0.5805651588614276,0.570709483694351,0.3704459941515988,0.5500824228807376,24.188008127160295,24.188008127160295,0.9990456525407303,0.571988453553203,0.0,0.0,803.2425454216811,0.3414701318766901,173.80829712523527,1.0,0.054341764556473826,27.65995815924518,1.0,0.00799236522032585,4.068113897145858,1.0,-0.0020000000000000013,-1.0180000000000007,1.0,-0.0011611303177228543,-0.5910153317209329,1.0,-0.0005707094836943503,-0.2904911272004243,1.0,-1.9276044691479365e-05,-0.009811506747962996,1.0,-0.0007554141341371015,-0.3845057942757847,1.0,0.0,0.0,0.0,0.0,0.0,0.0,1.1787819253438114,600.0,0.0019646365422396855,0.0,0.0,0.0,0.0,0.0,0.0,0.0,0.0,0.0,0.0,0.0,0.0
65536,16,train,,1,1,short_2.5D_no_current,0,,797.5205519362115,435,1,0,0,0,goal,30.42786875909264,-9.640968862859864,-39.02172700503417,8.203501299181578,5.0,20.978272994965828,1.2193229170160684,1.2193229170160684,8.207784063497527,8.207784063497527,9.078419250244034,29.208545842076557,29.2218656286701,0.9603651790412644,0.9995441842501507,1.3435340518928773,1.5677395649875898,1.3434843514046941,0.002609087443679633,0.007596917265005221,0.061751996826894716,0.09260063651073214,0.021144936906615487,0.05578816784236684,0.1744929447778887,0.30950988503118215,0.9600638090821081,,,0,0.5970815953038547,0.5327026051244346,0.3577554319610541,0.5455310799695294,23.96659723777905,23.96659723777905,0.9995093203618618,0.8749179510624577,0.0,0.0,797.5205519362114,0.39721135012429676,172.78693730406908,1.0,0.05371686591646268,23.366836673661265,1.0,0.0079960745628949,3.478292434859281,1.0,-0.0020000000000000013,-0.8700000000000007,1.0,-0.0011941631906077096,-0.5194609879143537,1.0,-0.0005327026051244343,-0.23172563322912892,1.0,-1.565452465046888e-05,-0.006809718222953962,1.0,-0.001111535947153281,-0.4835181370116773,1.0,0.0,0.0,0.0,0.0,0.0,0.0,1.3793103448275863,600.0,0.0022988505747126436,0.0,0.0,0.0,0.0,0.0,0.0,0.0,0.0,0.0,0.0,0.0,0.0
65536,16,train,,2,1,short_2.5D_no_current,0,,794.1029576752342,404,1,0,0,0,goal,27.72052537948746,-15.66347445824966,-27.095711724792018,13.104898707022723,5.0,32.90428827520798,1.2294868277581985,1.2294868277581985,12.573800286483673,9.992571633580786,11.179804564974347,26.491038551729293,26.58698006064759,0.9591080867580286,0.9963914100548661,1.3161871317152276,1.5408038116210003,1.3160016448214997,0.0032979922134423892,0.012568096256552419,0.10888537493527795,0.1906530275838123,0.026604775225466077,0.07318078689708418,0.41559277664314515,0.612748766835757,0.9582645901847188,,,0,0.5987070141277174,0.5839400289607313,0.3694171921746566,0.5422145089706277,23.56127945015597,23.56127945015597,0.9966373883151857,1.9250941420483654,0.0,0.0,794.1029576752342,0.42578334310092597,172.0164706127741,1.0,0.05245750208263225,21.19283084138343,1.0,0.007973099106521487,3.2211320390346807,1.0,-0.0020000000000000013,-0.8080000000000006,1.0,-0.001197414028255434,-0.4837552674151953,1.0,-0.0005839400289607313,-0.23591177170013544,1.0,-1.9787953354072517e-05,-0.007994333155045297,1.0,-0.0019599367467517115,-0.7918144456876914,1.0,0.0,0.0,0.0,0.0,0.0,0.0,1.4851485148514851,600.0,0.0024752475247524753,0.0,0.0,0.0,0.0,0.0,0.0,0.0,0.0,0.0,0.0,0.0,0.0
65536,16,train,,3,1,short_2.5D_no_current,0,,809.0229070438381,597,1,0,0,0,goal,42.39557945750766,-21.841859446018496,-1.9740021083108132,14.657313979210226,5.0,38.158140553981504,1.2386139919604884,1.2386139919604884,14.061578377958886,9.988949110155524,11.787592458511922,41.15696546554717,41.27889786804199,0.9736604239462064,0.9970461323147578,1.382877650520668,1.5586798137235407,1.3827314317128683,0.00368157996622749,0.01874322663700534,0.11009496150028858,0.21750697284492437,0.015324891389353557,0.07023455042989735,0.5482733606612264,0.7362614409394156,0.9730603636726947,,,0,0.5818261404005401,0.5368993810800776,0.3905029886931031,0.5702374732773907,24.553467747215226,24.553467747215226,0.9969947885704203,2.869721520698314,0.0,0.0,809.0229070438381,0.2926988019749282,174.74118477903212,1.0,0.05515171251664615,32.92557237243775,1.0,0.007975958308563366,4.761647110212329,1.0,-0.0020000000000000013,-1.1940000000000008,1.0,-0.0011636522808010825,-0.6947004116382463,1.0,-0.0005368993810800778,-0.32052893050480646,1.0,-2.208947979574506e-05,-0.0131874194380598,1.0,-0.0019817093069730628,-1.1830804562629185,1.0,0.0,0.0,0.0,0.0,0.0,0.0,1.0050251256281406,600.0,0.0016750418760469012,0.0,0.0,0.0,0.0,0.0,0.0,0.0,0.0,0.0,0.0,0.0,0.0
65536,16,train,,4,1,short_2.5D_no_current,0,,805.8582244142913,545,1,0,0,0,goal,38.469267404101075,-3.0700746128827205,-29.3749320481102,8.21868685293455,5.0,30.6250679518898,1.2396785509936759,1.2396785509936759,8.202598582666562,8.202598582666562,9.076322488335132,37.22958885310739,37.24397078590412,0.9681486885277588,0.9996138453421256,1.3667512215010693,1.5606482732443963,1.366707838310877,0.003146020457572251,0.012802779173950007,0.049186056059901714,0.07349663305961096,0.01934849826093922,0.059695077803913144,0.1884999657749163,0.3250140984949714,0.9679023854650278,,,0,0.5516048682033332,0.5484889028867314,0.37089044249385866,0.5506051921926507,24.290140298865442,24.290140298865442,0.9995554527124754,0.8581792306706845,0.0,0.0,805.858224414291,0.31963205506860587,174.1994700123902,1.0,0.05464893776602917,29.7836710824859,1.0,0.007996443621699803,4.3580617738263925,1.0,-0.0020000000000000013,-1.0900000000000007,1.0,-0.0011032097364066659,-0.6012493063416329,1.0,-0.0005484889028867315,-0.2989264520732687,1.0,-1.88761227793026e-05,-0.010287486914719918,1.0,-0.0008853490074895701,-0.48251520908181567,1.0,0.0,0.0,0.0,0.0,0.0,0.0,1.1009174311926606,600.0,0.001834862385321101,0.0,0.0,0.0,0.0,0.0,0.0,0.0,0.0,0.0,0.0,0.0,0.0
65536,16,train,,5,1,short_2.5D_no_current,0,,798.640729084491,453,1,0,0,0,goal,31.55914822597236,-10.118616826531898,-30.00158951657893,11.76481279298612,5.0,29.99841048342107,1.2488411956711107,1.2488411956711107,11.418358995755725,9.999110233213889,10.596285500033547,30.310307030301257,30.360439313748262,0.9620170701806967,0.9983487629105449,1.340416746743853,1.5685173239071228,1.3403434999226878,0.0025215110144892875,0.0058658912876135005,0.05395958683498666,0.11978547281119667,0.023722089231455225,0.05854628720005861,0.3435654458220464,0.46534014096194476,0.9615921095758919,,,0,0.569118162072274,0.5178468374496379,0.3651683128893244,0.54209574538943,23.90655949246116,23.90655949246116,0.9984519108379059,1.1685272929525643,0.0,0.0,798.6407290844909,0.3816272391710167,172.87713934447058,1.0,0.053528136035852124,24.24824562424101,1.0,0.007987615286703253,3.6183897248765735,1.0,-0.0020000000000000013,-0.9060000000000007,1.0,-0.001138236324144548,-0.5156210548374802,1.0,-0.0005178468374496375,-0.2345846173646858,1.0,-1.5129066095497118e-05,-0.006853466941260195,1.0,-0.0009712725606043856,-0.4399864699537867,1.0,0.0,0.0,0.0,0.0,0.0,0.0,1.3245033112582782,600.0,0.002207505518763797,0.0,0.0,0.0,0.0,0.0,0.0,0.0,0.0,0.0,0.0,0.0,0.0
65536,16,train,,6,1,short_2.5D_no_current,0,,801.3461356829375,492,1,0,0,0,goal,34.25107163039031,-6.14323394733389,-35.70175857065447,12.894895663097566,5.0,24.29824142934553,1.228314789638006,1.228314789638006,12.390343768361548,9.999154013530978,11.049603655805106,33.022756840752294,33.115213988986405,0.9668373108537697,0.9972080159812691,1.3461469101213963,1.5467789502035167,1.3460414526560118,0.0028273464837029975,0.01011725948192499,0.08124066590324328,0.1680175575026408,0.024253259820552004,0.06113161865434513,0.4388226030496861,0.5990015132871658,0.966306009499057,,,0,0.5662141242007748,0.5543623475179954,0.37851724273911336,0.5488874385269676,23.982862165676462,23.982862165676462,0.9971595203891668,1.8452920072924668,0.0,0.0,801.3461356829372,0.3527333840974951,173.5448249759676,1.0,0.053695539578459,26.41820547260183,1.0,0.007977276163113325,3.924819872251756,1.0,-0.0020000000000000013,-0.9840000000000008,1.0,-0.001132428248401549,-0.5571546982135621,1.0,-0.0005543623475179948,-0.27274627497885345,1.0,-1.696407889797719e-05,-0.008346326817804778,1.0,-0.0014623319875483028,-0.7194673378737649,1.0,0.0,0.0,0.0,0.0,0.0,0.0,1.2195121951219512,600.0,0.0020325203252032522,0.0,0.0,0.0,0.0,0.0,0.0,0.0,0.0,0.0,0.0,0.0,0.0
65536,16,train,,7,1,short_2.5D_no_current,0,,810.6806682837603,618,1,0,0,0,goal,43.93274556396579,-37.5894293146316,3.6907682323283453,13.923270705414915,5.0,22.4105706853684,1.2476563954070181,1.2476563954070181,13.457308348542677,10.000011241669478,11.554377064495247,42.68508916855873,42.762754412060005,0.9733685856213498,0.9981838110157064,1.3839079097754021,1.5459587221717712,1.3838075183246092,0.004296504835179262,0.02455571587663874,0.08982598730800587,0.17456871080915093,0.021988883039653885,0.06881781848223634,0.44723653694574395,0.6729661097685739,0.972910581922434,,,0,0.5663941615565551,0.5496950215180811,0.38497742224472625,0.5678658665890254,24.549246361088915,24.549246361088915,0.9982584550776021,2.3688936409196737,0.0,0.0,810.68066828376,0.2829905138791709,174.88813757732763,1.0,0.05525577885897576,34.14807133484702,1.0,0.007986067640620835,4.935389801903677,1.0,-0.0020000000000000013,-1.2360000000000009,1.0,-0.00113278832311311,-0.7000631836839021,1.0,-0.0005496950215180812,-0.33971152329817417,1.0,-2.5779029075609045e-05,-0.01593143996872639,1.0,-0.0016168677724391518,-0.9992242833673958,1.0,0.0,0.0,0.0,0.0,0.0,0.0,0.970873786407767,600.0,0.0016181229773462784,0.0,0.0,0.0,0.0,0.0,0.0,0.0,0.0,0.0,0.0,0.0,0.0
69632,17,train,,0,1,short_2.5D_no_current,0,,805.845243293581,542,1,0,0,0,goal,38.450069637369,-27.22401448719917,-3.7994708649823536,12.16881065101757,5.0,32.77598551280083,1.2189808575569256,1.2189808575569256,11.848693860580552,10.000003205997677,10.814136712790896,37.23108877981203,37.289772794908174,0.9698232837182393,0.9984262705107144,1.3760063761958723,1.5546071055963395,1.3759243933862981,0.0045133239940448565,0.025478959788699296,0.05674409702399794,0.12731163009217195,0.030333052170586683,0.08334299997777173,0.3970040461896562,0.5580181153062037,0.9692391144579666,,,0,0.5817578419599668,0.5161996436686809,0.3774182193283665,0.5593443535598221,24.457535386959712,24.457535386959712,0.9985200087321601,1.3546739382266728,0.0,0.0,805.845243293581,0.3215746641311922,174.29346795910615,1.0,0.05495363657536832,29.784871023849632,1.0,0.007988160069857277,4.329582757862644,1.0,-0.0020000000000000013,-1.0840000000000007,1.0,-0.0011635156839199332,-0.6306255006846038,1.0,-0.0005161996436686809,-0.2797802068684251,1.0,-2.7079943980184225e-05,-0.01467732963725985,1.0,-0.0010213937454743535,-0.5535954100470996,1.0,0.0,0.0,0.0,0.0,0.0,0.0,1.1070110701107012,600.0,0.0018450184501845018,0.0,0.0,0.0,0.0,0.0,0.0,0.0,0.0,0.0,0.0,0.0,0.0
69632,17,train,,1,1,short_2.5D_no_current,0,,811.4472851038017,616,1,0,0,0,goal,43.944173472162376,-17.088214773230902,-2.52979106279939,11.457368202080794,5.0,42.9117852267691,1.2195931488267835,1.2195931488267835,11.190516037418815,9.989625346770833,10.446600605039318,42.72458032333563,42.78208777017395,0.9735554088251409,0.9986558055056292,1.3890288237069468,1.5525728695588188,1.388963352600694,0.0038778081446416562,0.021984029311756803,0.03385110174628102,0.0938130174606977,0.029274754285854663,0.07336582554520366,0.44836189867271026,0.7026280267864283,0.9728695447159772,,,0,0.5819380584493424,0.5193561338245046,0.38230672246449954,0.5638824283544507,24.640150371758732,24.640150371758732,0.9987313974022594,1.010767597041484,0.0,0.0,811.4472851038018,0.28409807951434085,175.00441698083398,1.0,0.05548646795238391,34.17966425866849,1.0,0.007989851179218082,4.921748326398339,1.0,-0.0020000000000000013,-1.2320000000000009,1.0,-0.0011638761168986853,-0.7169476880095901,1.0,-0.0005193561338245049,-0.31992337843589497,1.0,-2.3266848839892948e-05,-0.014332378885374055,1.0,-0.0006093198324157989,-0.37534101676813214,1.0,0.0,0.0,0.0,0.0,0.0,0.0,0.974025974025974,600.0,0.0016233766233766235,0.0,0.0,0.0,0.0,0.0,0.0,0.0,0.0,0.0,0.0,0.0,0.0
69632,17,train,,2,1,short_2.5D_no_current,0,,803.1783244754691,505,1,0,0,0,goal,35.520146406357526,-4.752529548837188,-44.32256927691572,10.782318585834538,5.0,15.677430723084278,1.2226990360812988,1.2226990360812988,10.617233311072631,10.000006490073673,10.19577769905805,34.297447370276224,34.33289117507016,0.9665751594122127,0.9989676428759465,1.3597184623790175,1.5583359880191818,1.3596699363511175,0.0026051143943446498,0.007143769690175272,0.02362240051107541,0.06335476189666567,0.029994264319668597,0.06500735771147159,0.32862962642100685,0.5050545931188826,0.9660089518793978,,,0,0.5817250321471676,0.5533317559555468,0.3701281975253974,0.5512275847172973,24.194853964307253,24.194853964307253,0.999021523927603,0.5865408867764932,0.0,0.0,803.1783244754689,0.34416616942353023,173.80391555888278,1.0,0.054332589893506915,27.437957896220993,1.0,0.007992172191420831,4.03604695666752,1.0,-0.0020000000000000013,-1.0100000000000007,1.0,-0.0011634500642943354,-0.5875422824686394,1.0,-0.000553331755955547,-0.2794325367575512,1.0,-1.563068640030492e-05,-0.007893496632153984,1.0,-0.0004252032087999686,-0.21472762044398414,1.0,0.0,0.0,0.0,0.0,0.0,0.0,1.188118811881188,600.0,0.0019801980198019802,0.0,0.0,0.0,0.0,0.0,0.0,0.0,0.0,0.0,0.0,0.0,0.0
69632,17,train,,3,1,short_2.5D_no_current,0,,792.3765252847642,391,1,0,0,0,goal,26.567201455567783,-17.337717763770435,-27.014750804997732,14.860088514614713,5.0,32.98524919500227,1.2205970954865106,1.2205970954865106,14.114565937492687,9.985562893232224,11.90842492875124,25.346604360081248,25.525811618929385,0.9608016735078376,0.9929793707826623,1.3056681135002246,1.5608373272205445,1.3052086898759379,0.0038400082382500345,0.015567822800410358,0.18319822471374977,0.31751256392162697,0.03282412926925515,0.08377639707601414,0.5584190868419534,0.7594278471115636,0.9594576941301785,,,0,0.5876578617378917,0.5088006777205335,0.38271407329517865,0.5588432507175009,23.43024795346236,23.43024795346236,0.9935951584587516,2.951663585863469,0.0,0.0,792.3765252847642,0.43920747677036653,171.73012341721332,1.0,0.05186006007177756,20.277283488065027,1.0,0.007948761267670017,3.1079656556589765,1.0,-0.0020000000000000013,-0.7820000000000006,1.0,-0.0011753157234757835,-0.4595484478790314,1.0,-0.0005088006777205337,-0.19894106498872868,1.0,-2.3040049465281534e-05,-0.00900865934092508,1.0,-0.003297568040829668,-1.2893491039644003,1.0,0.0,0.0,0.0,0.0,0.0,0.0,1.5345268542199488,600.0,0.0025575447570332483,0.0,0.0,0.0,0.0,0.0,0.0,0.0,0.0,0.0,0.0,0.0,0.0
69632,17,train,,4,1,short_2.5D_no_current,0,,803.6852986494474,513,1,0,0,0,goal,35.999314183386616,-27.247952790024122,-6.336124209175779,10.28174521945532,5.0,32.75204720997588,1.233734506770624,1.233734506770624,10.094039067747145,9.84220296941074,9.938193027497908,34.76557967661602,34.81474981534124,0.9670948073618567,0.9985876635912639,1.3573001877325985,1.5456634905472033,1.3572532991867052,0.0033198898524926155,0.014511579357080251,0.016701027972964768,0.06337627494650011,0.03746876665906709,0.08138524869301866,0.3610707737728268,0.543367777325479,0.9666009308068325,,,0,0.5750570953578541,0.538456999609196,0.3730241548102966,0.5471663200977253,24.148843723184626,24.148843723184626,0.998610597991083,0.34355219195741477,0.0,0.0,803.6852986494473,0.33885226110691913,173.83120994784952,1.0,0.05421532893039531,27.812463741292795,1.0,0.007988884783928653,4.098297894155399,1.0,-0.0020000000000000013,-1.0260000000000007,1.0,-0.0011501141907157076,-0.590008579837158,1.0,-0.000538456999609196,-0.2762284407995175,1.0,-1.991933912184493e-05,-0.01021862096950645,1.0,-0.0003006185033999938,-0.1542172922441968,1.0,0.0,0.0,0.0,0.0,0.0,0.0,1.1695906432748537,600.0,0.001949317738791423,0.0,0.0,0.0,0.0,0.0,0.0,0.0,0.0,0.0,0.0,0.0,0.0
69632,17,train,,5,1,short_2.5D_no_current,0,,803.3242141073249,511,1,0,0,0,goal,36.056474234200024,-5.4276849029287675,-50.030067036953824,12.05477937126182,5.0,9.969932963046176,1.242489092846385,1.242489092846385,10.465423840301725,9.989923559591478,10.623980795708635,34.81398514135367,34.88086859920605,0.9673954356336124,0.9980825174217727,1.3652003365638368,1.5709935637560786,1.365126046122668,0.002678905716391442,0.007434376870961046,0.05629775682671659,0.1242104851978123,0.034141715874123,0.06229661726836255,0.43053600047538954,0.6111446500586675,0.9668388410522797,,,0,0.5801668384653714,0.5160573251607395,0.37554130159362187,0.5548735868382594,24.274659550870393,24.274659550870393,0.9981451016698027,1.341337496038045,0.0,0.0,803.3242141073248,0.34011210354817023,173.797284913115,1.0,0.05450330354810743,27.851188113082898,1.0,0.007985160813358422,4.080417175626153,1.0,-0.0020000000000000013,-1.0220000000000007,1.0,-0.0011603336769307425,-0.5929305089116095,1.0,-0.0005160573251607397,-0.263705293157138,1.0,-1.6073434260647658e-05,-0.008213524907190952,1.0,-0.0010133596233333957,-0.5178267675233652,1.0,0.0,0.0,0.0,0.0,0.0,0.0,1.1741682974559686,600.0,0.0019569471624266144,0.0,0.0,0.0,0.0,0.0,0.0,0.0,0.0,0.0,0.0,0.0,0.0
69632,17,train,,6,1,short_2.5D_no_current,0,,792.5627023704579,381,1,0,0,0,goal,26.03023908083557,-18.25552059347182,-25.738920997150053,11.17157484566879,5.0,34.26107900284995,1.2446639065788612,1.2446639065788612,10.874273186561926,9.979004220649779,10.294203896974516,24.7855751742567,24.843715765549042,0.9544175022134126,0.9976597465596126,1.3041320611836773,1.5412823065562915,1.3040651963094403,0.004693670246917968,0.022003987577634554,0.044492511686148636,0.09939291292932495,0.03950067749024965,0.07925568377859804,0.36109832556531446,0.5675111373325649,0.9536792589168301,,,0,0.5683369112599475,0.4955517646802829,0.35814580929482703,0.5241274312334111,23.340772127295814,23.340772127295814,0.9976618595348842,0.8773709486942737,0.0,0.0,792.562702370458,0.4498506724584053,171.39310620665242,1.0,0.05204320246563085,19.828460139405355,1.0,0.00798129487627908,3.0408733478623295,1.0,-0.0020000000000000013,-0.7620000000000006,1.0,-0.0011366738225198963,-0.4330727263800805,1.0,-0.0004955517646802826,-0.1888052223431877,1.0,-2.81620213594235e-05,-0.010729730137940353,1.0,-0.0008008652089262653,-0.3051296446009071,1.0,0.0,0.0,0.0,0.0,0.0,0.0,1.5748031496062993,600.0,0.0026246719160104987,0.0,0.0,0.0,0.0,0.0,0.0,0.0,0.0,0.0,0.0,0.0,0.0
69632,17,train,,7,1,short_2.5D_no_current,0,,804.9893281709107,538,1,0,0,0,goal,37.89594617465433,-3.4051423238996676,-30.65245880569522,13.089110188878598,5.0,29.34754119430478,1.22490336053301,1.22490336053301,12.673072683381635,9.999305936199033,11.151382583080798,36.67104281412134,36.742033349174996,0.9695504943942765,0.998067865913162,1.3658748456942382,1.559683458154542,1.3657734177961283,0.0042369426449730555,0.021970440592427476,0.08218269828884742,0.15446387424963648,0.022374457157237435,0.058699756756858346,0.44929502394778026,0.6541585865574387,0.9688699241427865,,,0,0.588826651709175,0.5700501369617076,0.37694158590637616,0.5596563691848051,24.288813157891123,24.288813157891123,0.9982336808211538,1.9377276057978157,0.0,0.0,804.9893281709108,0.32375816860655465,174.18189471032642,1.0,0.05452943169386069,29.33683425129705,1.0,0.007985869446569222,4.296397762254242,1.0,-0.0020000000000000013,-1.0760000000000007,1.0,-0.001177653303418352,-0.6335774772390733,1.0,-0.0005700501369617078,-0.3066869736853988,1.0,-2.5421655922481666e-05,-0.013676850886295137,1.0,-0.0014792885709221596,-0.7958572511561219,1.0,0.0,0.0,0.0,0.0,0.0,0.0,1.1152416356877324,600.0,0.0018587360594795538,0.0,0.0,0.0,0.0,0.0,0.0,0.0,0.0,0.0,0.0,0.0,0.0
73728,18,train,,0,1,short_2.5D_no_current,0,,808.433863558022,580,1,0,0,0,goal,40.86633892873283,0.7933367711824175,-42.165619646771546,11.127574412833983,5.0,17.834380353228454,1.2436942407581815,1.2436942407581815,10.911373541709713,10.000005796923238,10.304277392073828,39.62264468797463,39.68139785356824,0.9710044719877888,0.9985193776234799,1.368324063916143,1.5553218751263416,1.3682708325014628,0.002552829116960458,0.00483975395927283,0.02866423090118561,0.07304182402181025,0.039174401345722844,0.07512423305086946,0.4826077928769311,0.7155865623815776,0.9702832147822386,,,0,0.5663789133669744,0.5080001390619396,0.3791639748189984,0.5512603494756181,24.302366350781313,24.302366350781313,0.9986002709292818,0.8232970207601572,0.0,0.0,808.4338635580219,0.30090003549481964,174.52202058699538,1.0,0.05465192370755125,31.698115750379728,1.0,0.007988802167434236,4.633505257111857,1.0,-0.0020000000000000013,-1.1600000000000008,1.0,-0.0011327578267339487,-0.6569995395056902,1.0,-0.0005080001390619399,-0.2946400806559251,1.0,-1.531697465989996e-05,-0.008883845302741977,1.0,-0.0005159561568977522,-0.29925457100069625,1.0,0.0,0.0,0.0,0.0,0.0,0.0,1.0344827586206897,600.0,0.0017241379310344827,0.0,0.0,0.0,0.0,0.0,0.0,0.0,0.0,0.0,0.0,0.0,0.0
73728,18,train,,1,1,short_2.5D_no_current,0,,801.2906667122976,497,1,0,0,0,goal,34.57499898439282,-10.796434354762567,-22.024782910170387,14.412921815370188,5.0,37.97521708982961,1.2254844706923753,1.2254844706923753,13.874436663888105,9.99965534325203,11.73059203691121,33.34951451370044,33.45470267837837,0.9675980813037722,0.9968558033323697,1.346265701343192,1.5470425504927767,1.3460902121722231,0.003288516843931575,0.010995583338874848,0.12838868175063164,0.2170045121913753,0.028617266468802156,0.08164092778786625,0.5340492026758245,0.7879009714906776,0.9666198755246167,,,0,0.5658203353974182,0.5210057230435792,0.3793015814043387,0.5512982670150293,24.000047945022466,24.000047945022466,0.997171677710776,2.682329778458988,0.0,0.0,801.2906667122977,0.34933609109731906,173.62003727536757,1.0,0.053681311088451394,26.679611610960343,1.0,0.007977373421686196,3.9647545905780395,1.0,-0.0020000000000000013,-0.9940000000000008,1.0,-0.0011316406707948359,-0.5624254133850334,1.0,-0.000521005723043579,-0.25893984435265877,1.0,-1.973110103245199e-05,-0.00980635721312864,1.0,-0.002310996276976716,-1.1485651496574278,1.0,0.0,0.0,0.0,0.0,0.0,0.0,1.2072434607645874,600.0,0.002012072434607646,0.0,0.0,0.0,0.0,0.0,0.0,0.0,0.0,0.0,0.0,0.0,0.0
73728,18,train,,2,1,short_2.5D_no_current,0,,811.533760410487,630,1,0,0,0,goal,44.92304433044125,-16.30699653096299,-2.095505850540647,14.468872542889507,5.0,43.69300346903701,1.2378455165710018,1.2378455165710018,14.025980906097788,9.99527355095866,11.863737333426402,43.6851988138703,43.773545851153735,0.9744118303552153,0.9979817253648152,1.3896363762271058,1.5664224862465448,1.3895104087743468,0.0026084104931807734,0.005561489653588492,0.10102782738737455,0.18375081810186256,0.03284482711427093,0.08297647376643091,0.49338022721428804,0.7308289726635255,0.973689352691398,,,0,0.573807085181276,0.5506689028476276,0.386431929409977,0.5681672725176055,24.644402392211543,24.644402392211543,0.9981942676901815,2.605135209463106,0.0,0.0,811.5337604104872,0.27784148562108196,175.04013594128162,1.0,0.05547326833507333,34.9481590510962,1.0,0.007985554141521457,5.030899109158518,1.0,-0.0020000000000000013,-1.260000000000001,1.0,-0.0011476141703625506,-0.7229969273284069,1.0,-0.0005506689028476277,-0.3469214087940055,1.0,-1.5650462931444068e-05,-0.009859791646809762,1.0,-0.0018185008940952163,-1.1456555632799863,1.0,0.0,0.0,0.0,0.0,0.0,0.0,0.9523809523809523,600.0,0.0015873015873015873,0.0,0.0,0.0,0.0,0.0,0.0,0.0,0.0,0.0,0.0,0.0,0.0
73728,18,train,,3,1,short_2.5D_no_current,0,,804.7907940121602,540,1,0,0,0,goal,37.79069919817756,-37.496226411335,-2.4944082429661165,13.898544684693745,5.0,22.503773588665,1.2232384620516548,1.2232384620516548,13.433443638853133,9.994878261562404,11.607917303764566,36.56746073612589,36.65041945765347,0.9698264450058367,0.9977364864371221,1.357422942876057,1.5542474539174727,1.3572809763668119,0.0035814298810803247,0.01659876083678924,0.10328946300338333,0.1848981997369772,0.030753112954455184,0.0682691757313485,0.45764762944493853,0.6831229534411867,0.9690690079605457,,,0,0.537479682155902,0.5029607221535924,0.37995125019439946,0.5508472464702747,24.14729276202693,24.14729276202693,0.9978838748259654,2.290627380929168,0.0,0.0,804.7907940121601,0.3225437432313096,174.17362134490716,1.0,0.05417401590537165,29.25396858890069,1.0,0.007983070998607728,4.310858339248173,1.0,-0.0020000000000000013,-1.0800000000000007,1.0,-0.0010749593643118033,-0.5804780567283737,1.0,-0.0005029607221535925,-0.2715987899629399,1.0,-2.148857932691801e-05,-0.011603832836535726,1.0,-0.001859210335866859,-1.0039735813681039,1.0,0.0,0.0,0.0,0.0,0.0,0.0,1.1111111111111112,600.0,0.001851851851851852,0.0,0.0,0.0,0.0,0.0,0.0,0.0,0.0,0.0,0.0,0.0,0.0
73728,18,train,,4,1,short_2.5D_no_current,0,,808.3775829760348,580,1,0,0,0,goal,40.975408384786235,-31.635175750921857,0.0728229727987113,11.784002963220633,5.0,28.364824249078143,1.2360481254396922,1.2360481254396922,11.478075365650357,9.993338520698922,10.631134592107086,39.73936025934653,39.805985210794276,0.9714603656170965,0.9983262579460119,1.3726201796825597,1.5636086835318592,1.3725407812427068,0.0025658218118936923,0.005243427767036124,0.044069187440759376,0.11504693694997625,0.03557511133542513,0.07624409889691064,0.4573816150518656,0.6481718189287639,0.9707865133075353,,,0,0.5795212946414691,0.5442922771266051,0.38028613458676586,0.5586222003888467,24.385391129479128,24.385391129479128,0.9984590279096928,1.1528683711135466,0.0,0.0,808.377582976035,0.3009830870325662,174.5701904788884,1.0,0.05481291070254696,31.791488207477236,1.0,0.00798767222327755,4.63284988950098,1.0,-0.0020000000000000013,-1.1600000000000008,1.0,-0.001159042589282938,-0.6722447017841041,1.0,-0.000544292277126605,-0.31568952073343093,1.0,-1.5394930875205815e-05,-0.008929059907619373,1.0,-0.0007932453748388699,-0.46008231740654454,1.0,0.0,0.0,0.0,0.0,0.0,0.0,1.0344827586206897,600.0,0.0017241379310344827,0.0,0.0,0.0,0.0,0.0,0.0,0.0,0.0,0.0,0.0,0.0,0.0
73728,18,train,,5,1,short_2.5D_no_current,0,,808.4704082139855,575,1,0,0,0,goal,40.75342966038009,-10.646309685500846,-11.739708102441355,9.252473499595148,5.0,48.260291897558645,1.2238821419998704,1.2238821419998704,9.14687714909794,9.12915485232136,9.498041003886176,39.529547518380255,39.5615361940049,0.9707535420624014,0.9991914197803692,1.3760534328349527,1.5544297155880968,1.3760147778360539,0.0026123601466582066,0.006950374191887487,0.0235017620484789,0.04957445025516316,0.029032096686958858,0.07210522521173379,0.3287076535579443,0.5296892903087679,0.97034411747209,,,0,0.5679965062844364,0.501609373504053,0.37671039731606193,0.5564725543752961,24.44787841415544,24.44787841415544,0.9991951434593757,0.29920917044235656,0.0,0.0,808.4704082139856,0.30364234746265695,174.59434979102775,1.0,0.05499763132992029,31.623638014704166,1.0,0.007993561147674999,4.596297659913124,1.0,-0.0020000000000000013,-1.1500000000000008,1.0,-0.0011359930125688735,-0.6531959822271023,1.0,-0.0005016093735040523,-0.28842538976483006,1.0,-1.5674160868562143e-05,-0.009012642499423233,1.0,-0.0004230317168140212,-0.2432432371680622,1.0,0.0,0.0,0.0,0.0,0.0,0.0,1.0434782608695652,600.0,0.0017391304347826088,0.0,0.0,0.0,0.0,0.0,0.0,0.0,0.0,0.0,0.0,0.0,0.0
73728,18,train,,6,1,short_2.5D_no_current,0,,801.2271350850293,481,1,0,0,0,goal,33.62525657211469,-9.0021957334463,-27.008196963554198,11.003525811907735,5.0,32.9918030364458,1.2210471922766473,1.2210471922766473,10.795319727541493,10.000004639651463,10.359139694542055,32.40420937983803,32.43998718503646,0.9647506217674137,0.9988971079120856,1.348856016009831,1.5604882642063505,1.3488050128464597,0.002658856332344034,0.007980552538292773,0.027521100835264444,0.05680241780576356,0.02893183100109614,0.07475819666709471,0.28311568684097227,0.477589321419873,0.9642481061426644,,,0,0.5697560118232503,0.514716828247753,0.3670446724783854,0.5450792430963932,24.027888009209413,24.027888009209413,0.9989120946371008,0.6443861173656876,0.0,0.0,801.2271350850297,0.36063116230597553,173.46358906917422,1.0,0.05389473493528158,25.92336750387044,1.0,0.007991296757096812,3.843813740163567,1.0,-0.0020000000000000013,-0.9620000000000007,1.0,-0.0011395120236465009,-0.5481052833739669,1.0,-0.0005147168282477526,-0.24757879438716904,1.0,-1.5953137998453676e-05,-0.007673459377256217,1.0,-0.0004953798150523661,-0.23827769104018812,1.0,0.0,0.0,0.0,0.0,0.0,0.0,1.2474012474012475,600.0,0.002079002079002079,0.0,0.0,0.0,0.0,0.0,0.0,0.0,0.0,0.0,0.0,0.0,0.0
77824,19,train,,0,1,short_2.5D_no_current,0,,803.1654678338659,504,1,0,0,0,goal,35.50889234994673,-13.499935735347805,-16.383861632397647,9.048139457867393,5.0,43.61613836760235,1.220742236093838,1.220742236093838,9.094709360378447,9.094709360378447,9.505216104822052,34.28815011385294,34.31211402245713,0.966296376814711,0.9993015904357114,1.3615918262879787,1.5602240105682912,1.3615530888632115,0.0026670238136930675,0.007680315877103272,0.027532007777541546,0.05047449305536089,0.03049366710622723,0.06879182771581993,0.30043738274034704,0.4810085732247769,0.96580509465694,,,0,0.5769552460775548,0.5134297294774562,0.36761760747148875,0.5499219522619295,24.22776776895125,24.22776776895125,0.9993183423696309,0.45707664695466155,0.0,0.0,803.1654678338662,0.34486482363685983,173.81187111297734,1.0,0.05442563510135374,27.430520091082283,1.0,0.007994546738957053,4.029251556434355,1.0,-0.0020000000000000013,-1.0080000000000007,1.0,-0.0011539104921551087,-0.5815708880461748,1.0,-0.0005134297294774561,-0.2587685836566379,1.0,-1.6002142894389413e-05,-0.008065080018772264,1.0,-0.0004955761406870029,-0.24977037490624948,1.0,0.0,0.0,0.0,0.0,0.0,0.0,1.1904761904761905,600.0,0.001984126984126984,0.0,0.0,0.0,0.0,0.0,0.0,0.0,0.0,0.0,0.0,0.0,0.0
77824,19,train,,1,1,short_2.5D_no_current,0,,802.5282873030825,502,1,0,0,0,goal,35.362872656187946,-6.947244653312701,-27.75418215832042,12.8439535647056,5.0,32.24581784167958,1.2216343276825041,1.2216343276825041,12.470124487220922,10.000006289239138,11.120038872506509,34.141238328505466,34.20883107957754,0.967365728801773,0.9980241139805431,1.362901636636558,1.5610946164944233,1.3628276291057575,0.0025311865012639656,0.004742394621787938,0.07959990690378077,0.1280853696732005,0.03621008172379705,0.07717447384467668,0.4449068123682934,0.6689954290527437,0.9666607058222598,,,0,0.5831816851502781,0.5145919794175937,0.3748057046793847,0.5536413815807536,24.24903845810725,24.24903845810725,0.9980693550426619,1.7239146921990771,0.0,0.0,802.5282873030824,0.3461788414120629,173.78177838885557,1.0,0.05440834793387319,27.312990662804342,1.0,0.007984554840341296,4.008246529851331,1.0,-0.0020000000000000013,-1.0040000000000007,1.0,-0.0011663633703005562,-0.5855144118908792,1.0,-0.0005145919794175938,-0.2583251736676321,1.0,-1.5187118995788177e-05,-0.007623933735885665,1.0,-0.001432798324969125,-0.7192647591345008,1.0,0.0,0.0,0.0,0.0,0.0,0.0,1.1952191235059761,600.0,0.00199203187250996,0.0,0.0,0.0,0.0,0.0,0.0,0.0,0.0,0.0,0.0,0.0,0.0
77824,19,train,,2,1,short_2.5D_no_current,0,,810.0547274595488,592,1,0,0,0,goal,42.46227321359868,-0.14052906878147553,-25.380887622966277,9.259205252917695,5.0,34.61911237703372,1.2429076301038362,1.2429076301038362,9.216628688571259,9.211407419035673,9.54270165529066,41.21936558349483,41.244283985343124,0.9713159674205692,0.9993958338116105,1.3933879724778073,1.5747984542272366,1.3933448318193506,0.004137404182453198,0.02323902769713282,0.019630976743885947,0.05177737514506564,0.02595156695975615,0.06676181349076682,0.2924464361775126,0.4078784854243465,0.9709498111348154,,,0,0.5828977850221752,0.4850892159534064,0.3767515605667958,0.5647100703287367,24.71850737203466,24.71850737203466,0.9994085569904664,0.2974482675124,0.0,0.0,810.0547274595489,0.2951541277159899,174.73124360786602,1.0,0.055701845383101085,32.97549246679584,1.0,0.007995268455923731,4.733198925906849,1.0,-0.0020000000000000013,-1.1840000000000008,1.0,-0.0011657955700443514,-0.690150977466256,1.0,-0.000485089215953406,-0.28717281584441634,1.0,-2.482442507837153e-05,-0.014696059646395946,1.0,-0.0003533575811871446,-0.2091876880627896,1.0,0.0,0.0,0.0,0.0,0.0,0.0,1.0135135135135136,600.0,0.0016891891891891893,0.0,0.0,0.0,0.0,0.0,0.0,0.0,0.0,0.0,0.0,0.0,0.0
77824,19,train,,3,1,short_2.5D_no_current,0,,811.3735539917059,628,1,0,0,0,goal,44.82738635900217,-4.126978799168022,-13.512848428277557,14.588215265276299,5.0,46.48715157172244,1.2419469093931206,1.2419469093931206,14.080850367326555,9.989416454820114,11.851133693478275,43.58543944960905,43.69424523818416,0.9747221238431525,0.9975098370968077,1.3915364725536339,1.5772114290717962,1.3913771521891192,0.0029717764384908814,0.011658324072703952,0.10461027102575728,0.2154621668026495,0.031518638374050376,0.07699985710919321,0.5504302679433429,0.8463718972083735,0.9739180127588166,,,0,0.586394417540105,0.5326144900758732,0.388455221571835,0.5724372709300488,24.694495360308213,24.694495360308213,0.9977756014482111,2.737081571798041,0.0,0.0,811.3735539917061,0.2786832535899664,175.0130832544989,1.0,0.055522852802049744,34.86835155968724,1.0,0.007982204811585672,5.012824621675802,1.0,-0.0020000000000000013,-1.256000000000001,1.0,-0.0011727888350802104,-0.7365113884303721,1.0,-0.0005326144900758726,-0.33448189976764797,1.0,-1.7830658619783844e-05,-0.011197653613224253,1.0,-0.0018829848763449871,-1.182514502344652,1.0,0.0,0.0,0.0,0.0,0.0,0.0,0.9554140127388535,600.0,0.0015923566878980893,0.0,0.0,0.0,0.0,0.0,0.0,0.0,0.0,0.0,0.0,0.0,0.0
77824,19,train,,4,1,short_2.5D_no_current,0,,807.0404711826918,554,1,0,0,0,goal,39.434083982533274,-11.049048674238946,-13.23945768205612,9.126631965070565,5.0,46.76054231794388,1.247458197331012,1.247458197331012,9.189326352045272,9.189326352045272,9.588961332640228,38.186625785202274,38.22452603993467,0.969327094217927,0.9990084833310211,1.3799467884452963,1.5592573626050386,1.3799139975104946,0.003304680840014376,0.01442295278956962,0.022420138636662583,0.04836281742165438,0.03984321833147712,0.08597851638443021,0.35431061791679463,0.5836461810927356,0.968916149096263,,,0,0.5702748773047963,0.48299714577693614,0.37613075689180664,0.5566131930583113,24.510570600371267,24.510570600371267,0.9989385547659819,0.4623293675696553,0.0,0.0,807.0404711826916,0.31463154917750386,174.30587824433712,1.0,0.055143141928089896,30.549300628161802,1.0,0.007991508438127858,4.427295674722833,1.0,-0.0020000000000000013,-1.1080000000000008,1.0,-0.0011405497546095936,-0.6318645640537148,1.0,-0.0004829971457769366,-0.2675804187604229,1.0,-1.982808499610409e-05,-0.010984759087841665,1.0,-0.0004035624957186193,-0.2235736226281151,1.0,0.0,0.0,0.0,0.0,0.0,0.0,1.0830324909747293,600.0,0.0018050541516245488,0.0,0.0,0.0,0.0,0.0,0.0,0.0,0.0,0.0,0.0,0.0,0.0
77824,19,train,,5,1,short_2.5D_no_current,0,,810.1774185631466,591,1,0,0,0,goal,42.463847851435524,-3.0741440506358373,-19.037601337114744,9.512784385575198,5.0,40.962398662885256,1.222726927712399,1.222726927712399,9.44916160670753,9.44916160670753,9.63119212308547,41.24112092372312,41.28352851650216,0.9722041361144934,0.9989727720884594,1.397073723062684,1.5710134295212483,1.3970324036268276,0.002578198558476999,0.0036707433480165363,0.01474003079629694,0.04608405152070505,0.03649550722548659,0.0807660038140936,0.4369819431214224,0.7126271721107974,0.9715253179653571,,,0,0.6011745993634166,0.5031319337774087,0.3792931878980243,0.5671794492682023,24.77416683822022,24.77416683822022,0.9990323504573227,0.15530677423298356,0.0,0.0,810.1774185631466,0.29579861752999825,174.81698296022898,1.0,0.05582554439759476,32.9928967389785,1.0,0.007992258803658583,4.7234249529622225,1.0,-0.0020000000000000013,-1.1820000000000008,1.0,-0.0012023491987268335,-0.7105883764475586,1.0,-0.0005031319337774087,-0.29735097286244855,1.0,-1.5469191318169854e-05,-0.009142292069038384,1.0,-0.00026532055438935125,-0.1568044476441066,1.0,0.0,0.0,0.0,0.0,0.0,0.0,1.015228426395939,600.0,0.001692047377326565,0.0,0.0,0.0,0.0,0.0,0.0,0.0,0.0,0.0,0.0,0.0,0.0
77824,19,train,,6,1,short_2.5D_no_current,0,,807.1249663603614,552,1,0,0,0,goal,39.462484823210566,-1.6369892080057298,-30.756389492072778,9.649605688983236,5.0,29.243610507927222,1.2498836287395656,1.2498836287395656,9.600858911709217,9.597826772372123,9.736777758815688,38.21260119447096,38.23904198585777,0.9689973187741789,0.9993085393876617,1.3854725357194848,1.5586218751397403,1.3854239614912414,0.004886375540617479,0.027311497925912143,0.012271065233408972,0.04752625154675183,0.030144657518920797,0.06026807721815519,0.3457554877438732,0.5537261846546752,0.9684578584900663,,,0,0.5832206824241017,0.49102564332112536,0.37437387948612805,0.5604097255222176,24.602658441953114,24.602658441953114,0.9993213360952261,0.10986370322085977,0.0,0.0,807.1249663603616,0.3157589006396041,174.29891315306148,1.0,0.05538058144126234,30.57008095557681,1.0,0.007994570688761811,4.41300302019652,1.0,-0.0020000000000000013,-1.1040000000000008,1.0,-0.0011664413648482042,-0.6438756333962087,1.0,-0.0004910256433211253,-0.2710461551132612,1.0,-2.931825316939357e-05,-0.01618367574950525,1.0,-0.0002208791743012268,-0.12192530421427719,1.0,0.0,0.0,0.0,0.0,0.0,0.0,1.0869565217391304,600.0,0.0018115942028985507,0.0,0.0,0.0,0.0,0.0,0.0,0.0,0.0,0.0,0.0,0.0,0.0
81920,20,train,,0,1,short_2.5D_no_current,0,,792.6482651803057,381,1,0,0,0,goal,26.225602843937384,-23.13586396412242,-20.06335534528796,12.431740159452449,5.0,36.86413603587758,1.2148974150784833,1.2148974150784833,12.097083629630134,9.986736410367465,10.95082573941769,25.010705428858888,25.059105300494952,0.9555206585570599,0.9980685714411721,1.3154385984511752,1.5523597685953778,1.315305625420962,0.004443458064404815,0.01858536791139409,0.09322792122835802,0.14160209910747312,0.03538462404206459,0.08362417205176431,0.28941254771781344,0.405273177073024,0.9549151708494409,,,0,0.5861247624038398,0.5390386530772595,0.3583234356926495,0.5373921002654891,23.564339668316467,23.564339668316467,0.9979302824660021,1.4809144200347548,0.0,0.0,792.6482651803057,0.45055518362294805,171.6615249603432,1.0,0.05251591691098982,20.008564343087123,1.0,0.007983442259728028,3.0416915009563787,1.0,-0.0020000000000000013,-0.7620000000000006,1.0,-0.0011722495248076793,-0.4466270689517258,1.0,-0.0005390386530772596,-0.2053737268224359,1.0,-2.6660748436581606e-05,-0.010157745154337592,1.0,-0.0016781025804527923,-0.6393570831525138,1.0,0.0,0.0,0.0,0.0,0.0,0.0,1.5748031496062993,600.0,0.0026246719160104987,0.0,0.0,0.0,0.0,0.0,0.0,0.0,0.0,0.0,0.0,0.0,0.0
81920,20,train,,1,1,short_2.5D_no_current,0,,812.1568806454083,617,1,0,0,0,goal,44.576636477503826,-31.806534569631616,3.8134611941531347,9.430559856244379,5.0,28.193465430368384,1.227935495265698,1.227935495265698,9.419414060328164,9.419414060328164,9.704883191749834,43.3487009822381,43.37820446796191,0.973115243673741,0.9993198546116502,1.4061006310522486,1.571873857196861,1.4060659121893713,0.0032751731361655603,0.014820653944766615,0.01570010360937178,0.03908864131072143,0.03068860532178804,0.08202000305600254,0.31848260814793405,0.4804481101316148,0.9727673897133502,,,0,0.6060318212195434,0.5309375228698127,0.37963211473614894,0.5743530472345059,24.913504316412848,24.913504316412848,0.9992367364770759,0.27481144196578816,0.0,0.0,812.1568806454084,0.2836979077619389,175.0416090891163,1.0,0.05620577112769935,34.6789607857905,1.0,0.007993893891816607,4.932232531250846,1.0,-0.0020000000000000013,-1.2340000000000009,1.0,-0.0012120636424390872,-0.7478432673849168,1.0,-0.0005309375228698134,-0.3275884516106749,1.0,-1.9651038746360425e-05,-0.012124690906504382,1.0,-0.00028260186523031334,-0.17436535084710333,1.0,0.0,0.0,0.0,0.0,0.0,0.0,0.9724473257698542,600.0,0.0016207455429497568,0.0,0.0,0.0,0.0,0.0,0.0,0.0,0.0,0.0,0.0,0.0,0.0
81920,20,train,,2,1,short_2.5D_no_current,0,,810.8986420110426,608,1,0,0,0,goal,43.4623555512763,-25.048407994279025,0.7853733987606475,11.406969539004464,5.0,34.951592005720975,1.2431027695932249,1.2431027695932249,11.262221055157857,9.997793429824972,10.608792257100328,42.219252781683075,42.242684064334284,0.9719372898345773,0.9994453173805075,1.3895619758004698,1.559548407277167,1.3895183364221728,0.002694720930067937,0.007805211246752375,0.03283245359152578,0.05905571556243583,0.02414820483411453,0.05720970464937025,0.2863975046110829,0.4265935183869419,0.9716247128478098,,,0,0.5670439355155011,0.5183688712924394,0.37717366939116465,0.5634825360091207,24.64404264083426,24.64404264083426,0.9994677301806788,0.7981772819041397,0.0,0.0,810.8986420110427,0.28758498546098765,174.8516711602805,1.0,0.05555164839695144,33.775402225346475,1.0,0.007995741841445428,4.861411039598821,1.0,-0.0020000000000000013,-1.2160000000000009,1.0,-0.0011340878710310027,-0.6895254255868497,1.0,-0.0005183688712924392,-0.31516827374580303,1.0,-1.6168325609062084e-05,-0.009830341970309747,1.0,-0.0005909841659212315,-0.35931837288010876,1.0,0.0,0.0,0.0,0.0,0.0,0.0,0.9868421052631579,600.0,0.001644736842105263,0.0,0.0,0.0,0.0,0.0,0.0,0.0,0.0,0.0,0.0,0.0,0.0
81920,20,train,,3,1,short_2.5D_no_current,0,,804.4972588690899,522,1,0,0,0,goal,37.26212191309163,-7.813901469425254,-21.347279871928485,12.144020212142092,5.0,38.652720128071515,1.2442684336372805,1.2442684336372805,11.929369751509958,10.000012066079899,10.969393300048875,36.01785347945435,36.05714356842596,0.9676621114740565,0.99891033828298,1.3814997535795401,1.5723719003110905,1.3814429295302748,0.0048633066392720315,0.026704365261720486,0.05825647790591394,0.08302001213838262,0.035905359729501554,0.08035955045800147,0.3373649845523389,0.5215807865721372,0.9672098624776305,,,0,0.5904232704712228,0.4880279426501307,0.3743706306449755,0.5610149594815983,24.554832850741136,24.554832850741136,0.9988876025662584,1.1746269120932131,0.0,0.0,804.4972588690902,0.33331299555730115,173.9893836809112,1.0,0.05519977544743959,28.814282783563467,1.0,0.007991100820530072,4.171354628316697,1.0,-0.0020000000000000013,-1.0440000000000007,1.0,-0.0011808465409424449,-0.6164018943719562,1.0,-0.00048802794265013095,-0.25475058606336837,1.0,-2.9179839764326273e-05,-0.015231876356978315,1.0,-0.0010486166032737706,-0.5473778669089082,1.0,0.0,0.0,0.0,0.0,0.0,0.0,1.1494252873563218,600.0,0.0019157088122605363,0.0,0.0,0.0,0.0,0.0,0.0,0.0,0.0,0.0,0.0,0.0,0.0
81920,20,train,,4,1,short_2.5D_no_current,0,,795.8265367266514,427,1,0,0,0,goal,29.754829070841357,-12.245932047567038,-30.50583882012919,14.992240841280962,5.0,29.49416117987081,1.2433966229699194,1.2433966229699194,14.38560812004514,9.986534034607836,12.076484734113912,28.511432447871435,28.621355102328433,0.9619062181196099,0.9961594182363486,1.3405786933174906,1.5709078224283721,1.3402884656531286,0.0041204541350751325,0.01672613824775926,0.16810411036492687,0.24884673435515525,0.03371149568672632,0.07970855474626326,0.43276897790076585,0.5567411208966415,0.9611220470649439,,,0,0.5864271722909552,0.48411680218835623,0.3765804837403309,0.5565808560585808,23.962655311409183,23.962655311409183,0.9963036565459213,2.9157561071670446,0.0,0.0,795.8265367266512,0.40393009122995827,172.47814895519218,1.0,0.05341720364940782,22.80914595829714,1.0,0.00797042925236736,3.403373290760863,1.0,-0.0020000000000000013,-0.8540000000000006,1.0,-0.0011728543445819095,-0.5008088051364754,1.0,-0.00048411680218835647,-0.20671787453442822,1.0,-2.472272480929539e-05,-0.010556603493569131,1.0,-0.0030258739916500053,-1.2920481944345523,1.0,0.0,0.0,0.0,0.0,0.0,0.0,1.405152224824356,600.0,0.00234192037470726,0.0,0.0,0.0,0.0,0.0,0.0,0.0,0.0,0.0,0.0,0.0,0.0
81920,20,train,,5,1,short_2.5D_no_current,0,,810.9565025875711,602,1,0,0,0,goal,43.19114442604808,0.3812604278655556,-24.681243019819966,10.40552148010835,5.0,35.318756980180034,1.2188871534742467,1.2188871534742467,10.326195703639065,9.985653226044525,10.123178236539985,41.9722572725738,41.994984695440834,0.9723054402354326,0.9994588062590849,1.3951822157953775,1.568440073070611,1.3951382763423823,0.0025829872189353864,0.005100127324579429,0.012251924329547798,0.037444135044981675,0.025726479026336246,0.06361976763876998,0.28384800692445866,0.44375551088199106,0.9718769308356966,,,0,0.5869046163055242,0.5022170825279705,0.3768482896997485,0.5666922733707483,24.743419216463234,24.743419216463234,0.9994796473914636,0.2823432435683635,0.0,0.0,810.956502587571,0.29056521965289955,174.92026223104554,1.0,0.055777086076509996,33.57780581805902,1.0,0.007995837179131694,4.81349398183728,1.0,-0.0020000000000000013,-1.2040000000000008,1.0,-0.001173809232611049,-0.7066331580318514,1.0,-0.00050221708252797,-0.30233468368183797,1.0,-1.549792331624125e-05,-0.009329749836377233,1.0,-0.00022053463757600744,-0.13276185182075648,1.0,0.0,0.0,0.0,0.0,0.0,0.0,0.9966777408637874,600.0,0.0016611295681063123,0.0,0.0,0.0,0.0,0.0,0.0,0.0,0.0,0.0,0.0,0.0,0.0
81920,20,train,,6,1,short_2.5D_no_current,0,,799.9285531714027,472,1,0,0,0,goal,33.166662946062196,-25.143559868532307,-10.532322037476376,13.312049681815004,5.0,34.85644013146769,1.2494779528890352,1.2494779528890352,12.964469278278367,9.997164135768406,11.376874851824349,31.91718499317314,31.965686365597293,0.9637896467782119,0.9984827051148093,1.3544782358303962,1.5609703787329476,1.3543811301110869,0.003051701581606243,0.011107740660740273,0.09985171234767698,0.1369726651008154,0.02995151954718266,0.06979559812939762,0.38164627862269235,0.5520406603396129,0.9631331166706932,,,0,0.5850622128809692,0.5115707524247088,0.3679893187294572,0.5524868012989982,24.121909180728927,24.121909180728927,0.9985791858668084,1.935174829990662,0.0,0.0,799.9285531714027,0.36698922216486424,173.2189128618159,1.0,0.05409692371724265,25.533747994538533,1.0,0.007988633486934469,3.770635005833069,1.0,-0.0020000000000000013,-0.9440000000000007,1.0,-0.0011701244257619377,-0.5522987289596346,1.0,-0.0005115707524247086,-0.2414613951444625,1.0,-1.831020951937517e-05,-0.00864241889314508,1.0,-0.0017973308215841202,-0.8483401477877047,1.0,0.0,0.0,0.0,0.0,0.0,0.0,1.271186440677966,600.0,0.00211864406779661,0.0,0.0,0.0,0.0,0.0,0.0,0.0,0.0,0.0,0.0,0.0,0.0
86016,21,train,,0,2,medium_3D_current,0,,812.7443903915846,797,1,0,0,0,goal,50.2079171491346,4.016162828760983,-24.809005650453017,28.778872302627644,5.0,35.19099434954698,1.2453896638181847,1.2453896638181847,27.89107895078766,9.984264276009648,18.753160492757573,48.962527485316414,49.59290206805957,0.9877506354376696,0.9872890160394716,1.2444893869023723,1.431432267218795,1.2389353054287884,0.006075274510249016,0.026647290523004852,0.3726659329601478,0.4538231170497675,0.04556736867731514,0.14449257412136252,1.731852681267894,2.3600476567775726,0.9815712303827479,,,0,0.5646661014823123,0.5327524393212654,0.41733406944062507,0.5948384776711464,24.534939976210293,24.534939976210293,0.9931183011913842,10.025711809870064,0.18116225448052586,0.19293229281902313,812.7443903915845,0.22024487268714113,175.53516353165148,1.0,0.04914818504136012,39.17110347796402,0.9949811794228356,0.00794494640953107,6.3321222883962625,1.0,-0.0020000000000000013,-1.5940000000000012,1.0,-0.0011293322029646263,-0.9000777657628072,1.0,-0.0005327524393212656,-0.4246036941390487,1.0,-3.645164703152462e-05,-0.02905196268412512,1.0,-0.006707986805321585,-5.346265483841303,1.0,0.0,0.0,0.0,0.0,0.0,0.0,0.7528230865746549,600.0,0.0012547051442910915,0.0,0.0,0.0,0.0,0.0,0.0,0.0,0.0,0.0,0.0,0.0,0.0
86016,21,train,,1,2,medium_3D_current,0,,816.3794451737846,663,1,0,0,0,goal,49.92678334258907,-11.286636585190394,0.7313029766068198,13.031074755720025,5.0,48.713363414809606,1.2284216949192983,1.2284216949192983,12.365410127013632,9.995208180557198,10.93818303028125,48.69836164766979,49.04937689998376,0.9824261371579921,0.9928436348329206,1.4796192126691938,1.6571028626992086,1.4774805732670238,0.00317987571811365,0.014632721088176925,0.08175866812752713,0.23808439445239582,0.04848100751177915,0.1603289449111447,0.7689381844528118,1.2743429980989398,0.9811251097080047,,,0,0.5772220385113386,0.5353224034172512,0.4018592375525882,0.5795669432274356,24.776720169745108,24.776720169745108,0.9962729766035192,2.0928917254387738,0.10348144075854332,0.12022445350885391,816.3794451737845,0.2648132679558751,175.5711966547452,1.0,0.058761220691004354,38.95868931813589,1.0,0.007970183812828152,5.284231867905065,1.0,-0.0020000000000000013,-1.326000000000001,1.0,-0.0011544440770226772,-0.7653964230660351,1.0,-0.0005353224034172516,-0.35491875346563784,1.0,-1.907925431726765e-05,-0.012649545612348451,1.0,-0.0014716560254263281,-0.9757079448576556,1.0,0.0,0.0,0.0,0.0,0.0,0.0,0.9049773755656109,600.0,0.0015082956259426848,0.0,0.0,0.0,0.0,0.0,0.0,0.0,0.0,0.0,0.0,0.0,0.0
86016,21,train,,2,2,medium_3D_current,0,,834.5947147550213,1035,1,0,0,0,goal,68.84788105262092,12.175909341721791,4.828417668667143,12.849241850703246,5.0,47.82409065827821,1.2389440760633985,1.2389440760633985,12.753548912994724,10.000001004623023,11.249566688946144,67.6089369765575,68.74563655011853,0.9985149215787158,0.9834651385803619,1.3284180975868294,1.5363906347888137,1.3047761130982432,0.002603122790488527,0.004970930655490147,0.04041724655120726,0.07109459412858454,0.03931553275696108,0.11911359250857423,2.5987402832563347,3.8622346501528697,0.9911722482432287,,,0,0.5641482642208393,0.5003659378719215,0.38817460229575346,0.5753697169143797,24.898068874820755,24.898068874820755,0.9986123634233316,1.599675161757111,0.26104393591339464,0.323035329580307,834.5947147550216,0.1707834114304299,176.76083083049497,1.0,0.05226104145406441,54.09017790495667,0.9951690821256038,0.007988898907386664,8.268510369145197,1.0,-0.001999999999999994,-2.0699999999999936,1.0,-0.0011282965284416789,-1.1677869069371376,1.0,-0.0005003659378719213,-0.5178787456974385,1.0,-1.561873675044794e-05,-0.01616539253671362,1.0,-0.0007275104390376284,-0.7529733044039454,1.0,0.0,0.0,0.0,0.0,0.0,0.0,0.5797101449275363,600.0,0.000966183574879227,0.0,0.0,0.0,0.0,0.0,0.0,0.0,0.0,0.0,0.0,0.0,0.0
86016,21,train,,3,2,medium_3D_current,0,,840.5346722176449,987,1,0,0,0,goal,79.36948797937629,25.962200950445762,1.5766793651108202,24.828465896785787,5.0,34.03779904955424,1.2181944982996395,1.2181944982996395,24.040830745035052,9.992786319967752,16.491168614380385,78.15129348107656,78.43670262888607,0.9882475574148519,0.9963612806474056,1.5893962032195719,1.7575903168024627,1.5886786240523798,0.0036809689132530866,0.01697575642459981,0.19361716652041058,0.32843644220103707,0.038662105549730263,0.17914387250222275,1.1469172897148838,1.9142569088856696,0.9868878950572214,,,0,0.5660798951243677,0.5479665499783509,0.416522912673554,0.5993954364999208,25.375758549260365,25.375758549260365,0.9967369644308186,8.337297282405386,0.1601868583061171,0.2224317491054535,840.5346722176455,0.17957172071170832,177.2372883424561,1.0,0.0633445134598393,62.521034784861385,1.0,0.00797389571544654,7.870235071145736,1.0,-0.0020000000000000013,-1.9740000000000015,1.0,-0.0011321597902487338,-1.1174417129755003,1.0,-0.0005479665499783507,-0.5408429848286321,1.0,-2.2085813482515622e-05,-0.02179869790724292,1.0,-0.003485109002134087,-3.4398025851063436,1.0,0.0,0.0,0.0,0.0,0.0,0.0,0.60790273556231,600.0,0.0010131712259371835,0.0,0.0,0.0,0.0,0.0,0.0,0.0,0.0,0.0,0.0,0.0,0.0
90112,22,train,,0,2,medium_3D_current,0,,814.1146201977517,755,1,0,0,0,goal,52.58418719181153,6.571922784418206,-28.78606215084366,31.688714777527103,5.0,31.21393784915634,1.2317055452250567,1.2317055452250567,29.47604046066314,9.983405079679116,19.766270639416973,51.352481646586426,52.35903900253875,0.9957183290016159,0.9807758626757174,1.386994410663279,1.5642198052553968,1.3798462008978987,0.00502195345662466,0.017141019850994255,0.4357697549039435,0.6403666329829738,0.052854063323324166,0.2963794573923826,2.056739600137497,3.3691250170508713,0.9862788914889817,,,0,0.5801978316910515,0.5137998967844336,0.44942856620479105,0.6288583738519656,24.791370183650802,24.791370183650802,0.9880327512834485,11.89800373578342,0.12264268723939428,0.17932666838169098,814.1146201977512,0.23282618617158288,175.78377055954508,1.0,0.05441325812646025,41.08200988547749,0.9986754966887417,0.007904262010267586,5.967717817752027,1.0,-0.0020000000000000013,-1.5100000000000011,1.0,-0.0011603956633821021,-0.876098725853487,1.0,-0.0005137998967844336,-0.3879189220722474,1.0,-3.0131720726737517e-05,-0.022749449148686825,1.0,-0.007843855586687458,-5.92211096794903,1.0,0.0,0.0,0.0,0.0,0.0,0.0,0.7947019867549668,600.0,0.0013245033112582781,0.0,0.0,0.0,0.0,0.0,0.0,0.0,0.0,0.0,0.0,0.0,0.0
90112,22,train,,1,2,medium_3D_current,0,,815.9535576314429,776,1,0,0,0,goal,49.22373406470767,8.46790676668077,-47.42004046518545,5.666293915779091,5.0,12.579959534814549,1.2335358003456596,1.2335358003456596,5.799658045754138,5.799658045754138,7.883080362262002,47.990198264362036,48.41411553618682,0.983552273229484,0.9912439323298604,1.2477864828914136,1.4350136874658048,1.2416520434924383,0.003251682523541326,0.01724168066895171,0.08983072804014337,0.1289396604635371,0.03813570249544725,0.1984781126650419,1.5066546444863824,2.1309325720907326,0.9774835525749325,,,0,0.5729433774657682,0.5419464318157347,0.3850578865343609,0.5664149784223781,24.597148800310514,24.597148800310514,0.9982718308759269,2.2167864464829035,0.18085837674317592,0.2661057114601135,815.9535576314429,0.22614592800803324,175.4892401342338,1.0,0.049482860781868684,38.3986999667301,0.9922680412371134,0.007986174647007403,6.197271526077745,1.0,-0.0020000000000000013,-1.5520000000000012,1.0,-0.0011458867549315355,-0.8892081218268716,1.0,-0.0005419464318157347,-0.42055043108901013,1.0,-1.9510095151350684e-05,-0.01513983383744813,1.0,-0.001616953104182348,-1.254755608845502,1.0,0.0,0.0,0.0,0.0,0.0,0.0,0.7731958762886598,600.0,0.001288659793814433,0.0,0.0,0.0,0.0,0.0,0.0,0.0,0.0,0.0,0.0,0.0,0.0
90112,22,train,,2,2,medium_3D_current,0,,814.2826749340406,557,1,0,0,0,goal,47.178800904731105,7.036239355341948,-43.572016805986294,9.180159739345896,5.0,16.427983194013706,1.2201421704675757,1.2201421704675757,9.109483676369354,9.109483676369354,9.538890888179766,45.95865873426357,46.32538285475744,0.981910984730261,0.9920837325480139,1.6633889714455077,1.8389400661185902,1.6514305179349,0.003306403294330804,0.014463665321600594,0.02169285732777282,0.04954073817298843,0.04047670649927494,0.2546221730176308,1.1805712941797675,1.6726593453330403,0.9791939108710438,,,0,0.569853304338573,0.5460525124920682,0.38989247918075465,0.579895528498201,24.837554018822175,24.837554018822175,0.9984673253555578,0.3733434753465206,0.3294076872471205,0.3377578556537628,814.2826749340408,0.3148021986660623,175.3448246569967,1.0,0.06601470429667566,36.77019029324835,0.9910233393177738,0.007987738602844456,4.449170401784362,1.0,-0.0020000000000000013,-1.1140000000000008,1.0,-0.0011397066086771478,-0.6348165810331713,1.0,-0.0005460525124920682,-0.304151249458082,1.0,-1.983841972703056e-05,-0.011049999787956021,1.0,-0.0003904714321533327,-0.2174925877094063,1.0,0.0,0.0,0.0,0.0,0.0,0.0,1.0771992818671454,600.0,0.0017953321364452424,0.0,0.0,0.0,0.0,0.0,0.0,0.0,0.0,0.0,0.0,0.0,0.0
90112,22,train,,3,2,medium_3D_current,0,,836.041440332983,1044,1,0,0,0,goal,70.08040313069185,-36.311374744652554,29.97552842671628,11.040369207406435,5.0,23.688625255347446,1.2264323156128938,1.2264323156128938,10.836970478483899,9.882197921747824,10.162624428159681,68.8539708150789,69.33525465157722,0.9893672346929139,0.9930585985597542,1.3282615833635485,1.4731128435607828,1.3241548212876781,0.0031853084637586478,0.01780032669095455,0.0230204981583688,0.06784161234814245,0.038691516550070276,0.13924811624856925,1.7705184404690946,2.242557300324958,0.9847370298147643,,,0,0.5632916346934563,0.49193341652590644,0.3991109543904605,0.5804988521283271,25.191852160800998,25.191852160800998,0.9983458070123391,0.8777447792467585,0.14001830304005822,0.17659050226211548,836.041440332983,0.16939648957673864,176.84993511811513,1.0,0.05276207512326136,55.08360642868486,0.9971264367816092,0.007986766456098728,8.338184180167072,1.0,-0.001999999999999992,-2.0879999999999916,1.0,-0.0011265832693869134,-1.1761529332399376,1.0,-0.0004919334165259064,-0.5135784868530463,1.0,-1.9111850803010282e-05,-0.019952772238342735,1.0,-0.00041436896710033084,-0.4326012016527454,1.0,0.0,0.0,0.0,0.0,0.0,0.0,0.5747126436781609,600.0,0.0009578544061302681,0.0,0.0,0.0,0.0,0.0,0.0,0.0,0.0,0.0,0.0,0.0,0.0
90112,22,train,,4,2,medium_3D_current,0,,826.1282660741756,903,1,0,0,0,goal,63.805046740178405,-12.892584116273873,15.589246363302891,25.687819554771778,5.0,44.41075363669711,1.2405870529870933,1.2405870529870933,24.76832548518315,9.984164237196405,16.8589842617692,62.564459687191366,63.26712026504683,0.9915692174425939,0.9888937480493526,1.4012651221494306,1.5541361152483746,1.3966494375207659,0.005223080854733572,0.028172267041928212,0.2626895275816928,0.4407689573271609,0.04229556484361341,0.1274249736838149,1.8920653175080953,2.864906299069299,0.986668874843695,,,0,0.5755981084202744,0.5201228039028744,0.4170634293245979,0.6001580596003158,25.158189850195356,25.158189850195356,0.9952597260052802,8.828835293002573,0.09982875532832652,0.13638298213481903,826.1282660741758,0.1954597873529245,176.50018797969082,1.0,0.0554281031541422,50.051577148190404,0.9988925802879292,0.007962077808042254,7.189756260662156,1.0,-0.0020000000000000013,-1.8060000000000014,1.0,-0.0011511962168405487,-1.0395301838070155,1.0,-0.0005201228039028744,-0.4696708919242956,1.0,-3.1338485101671496e-05,-0.028298652046809362,1.0,-0.0047284115023139015,-4.269755586589453,1.0,0.0,0.0,0.0,0.0,0.0,0.0,0.6644518272425249,600.0,0.0011074197120708748,0.0,0.0,0.0,0.0,0.0,0.0,0.0,0.0,0.0,0.0,0.0,0.0
94208,23,train,,0,2,medium_3D_current,0,,844.1008294026627,1144,1,0,0,0,goal,79.69054002666925,38.64431612342722,-52.57492771755025,12.743155868522017,5.0,7.425072282449747,1.2198438149913555,1.2198438149913555,7.922631895397224,7.922631895397224,10.327232808413441,78.47069621167786,78.72885198227057,0.9879322182522938,0.9967209509081778,1.3763785311585717,1.4949969621810977,1.375188981747577,0.0028869176229370415,0.012141997389693682,0.04396137529883892,0.16959923178267422,0.028540240617631808,0.14002413016101922,1.4193154996901225,2.0227636613714126,0.9861567709056974,,,0,0.5534630052686728,0.5063806054765648,0.4042368336105263,0.588139084486903,25.39982910516287,25.39982910516287,0.9984840360086943,1.8874300537248443,0.08224443268760309,0.12991125881671906,844.1008294026633,0.15493417237907822,177.24469320166548,1.0,0.054874739087132404,62.77670151567947,0.9982517482517482,0.007987872288069544,9.138125897551559,1.0,-0.0019999999999999736,-2.2879999999999696,1.0,-0.001106926010537346,-1.2663233560547238,1.0,-0.0005063806054765648,-0.5792994126651901,1.0,-1.732150575141297e-05,-0.01981580257961644,1.0,-0.0007913047560609527,-0.9052526409337299,1.0,0.0,0.0,0.0,0.0,0.0,0.0,0.5244755244755245,600.0,0.0008741258741258741,0.0,0.0,0.0,0.0,0.0,0.0,0.0,0.0,0.0,0.0,0.0,0.0
94208,23,train,,1,2,medium_3D_current,0,,813.1462727809246,794,1,0,0,0,goal,48.97723061715972,6.47319076652451,-33.155343988378654,23.862263270737724,5.0,26.844656011621346,1.2455483695839713,1.2455483695839713,23.215289135605197,9.983752916574007,16.42200802854858,47.731682247575804,47.87905826824989,0.9775779002799503,0.9969219106222088,1.206021618847606,1.3894415168657526,1.2053601958263482,0.004610217235142674,0.014111705820234466,0.2703275438727621,0.3328757545541907,0.037968292865487197,0.08669732616550307,0.7238777734668744,0.9732261074716693,0.9759814057323024,,,0,0.5663728168625994,0.521636323775933,0.4006806584051634,0.5765295752725313,24.602281648899474,24.602281648899474,0.9957805738704353,7.440255242189155,0.19111100276486398,0.2094518393278122,813.1462727809246,0.2209349988202069,175.42238906324428,1.0,0.04809288302256477,38.18574911991643,0.9962216624685138,0.007966244590963489,6.32519820522501,1.0,-0.0020000000000000013,-1.5880000000000012,1.0,-0.001132745633725198,-0.8994000331778073,1.0,-0.0005216363237759323,-0.41417924107809023,1.0,-2.7661303451049775e-05,-0.021963074940133522,1.0,-0.004865895791265869,-3.8635212582651,1.0,0.0,0.0,0.0,0.0,0.0,0.0,0.7556675062972292,600.0,0.0012594458438287153,0.0,0.0,0.0,0.0,0.0,0.0,0.0,0.0,0.0,0.0,0.0,0.0
94208,23,train,,2,2,medium_3D_current,0,,837.5875209075344,1167,1,0,0,0,goal,71.0861288690265,-7.308092578801379,23.119798350673435,10.606599470774853,5.0,36.880201649326565,1.2389526553565071,1.2389526553565071,10.69392338038637,9.98283285307973,10.303804645845673,69.84717621367007,72.39907831813643,1.0184698403190444,0.9647522846457677,1.2407725504393587,1.4724243088021158,1.205735414827426,0.002671174322753404,0.008960175981969076,0.010459378561510349,0.044335972632850496,0.029896807616828714,0.2072313484486532,4.56771407985734,6.883568967217696,0.9925657806609015,,,0,0.5606965682363168,0.5356757772045774,0.3881458738928895,0.5691306910572547,24.807591771055773,24.807591771055773,0.9986991244865793,0.3183719092273869,0.3485069096905611,0.35391858220100403,837.5875209075339,0.15155338384945105,176.86279895230936,1.0,0.04790666634087947,55.907079619806346,0.9922879177377892,0.007989592995892629,9.323855026206699,1.0,-0.0019999999999999697,-2.3339999999999645,1.0,-0.0011213931364726334,-1.3086657902635632,1.0,-0.0005356757772045774,-0.6251336319977417,1.0,-1.6027045942799035e-05,-0.018703562615246475,1.0,-0.0001882688139776445,-0.2197097059119111,1.0,0.0,0.0,0.0,0.0,0.0,0.0,0.5141388174807198,600.0,0.000856898029134533,0.0,0.0,0.0,0.0,0.0,0.0,0.0,0.0,0.0,0.0,0.0,0.0
94208,23,train,,3,2,medium_3D_current,0,,837.1002374964532,986,1,0,0,0,goal,71.81215884402206,24.691334967438905,-8.86813877912909,8.319358784836744,5.0,35.308665032561095,1.248955130708157,1.248955130708157,8.006381651833854,7.830166035483023,8.653813954984091,70.56320371331391,71.75796712590682,0.9992453684865128,0.9833500939275973,1.4555368585376636,1.6333504422405127,1.4420857226112045,0.0031601610809486,0.016519283463752643,0.02702169168262395,0.10392283017185555,0.04344720918598573,0.20093191387723008,2.7898028498260876,4.071468126892384,0.9911590211065949,,,0,0.565995956980765,0.5132030086836478,0.39948733808363185,0.577671142276112,25.025347035280678,25.025347035280678,0.9978653283952166,0.6086730037129416,0.19624342742181453,0.2190508097410202,837.1002374964529,0.17938077571240096,176.86944485242736,1.0,0.057253620308768016,56.452069624445265,0.9959432048681541,0.00798292262716172,7.871161710381457,1.0,-0.0020000000000000013,-1.9720000000000015,1.0,-0.0011319919139615307,-1.1161440271660694,1.0,-0.0005132030086836474,-0.5060181665620763,1.0,-1.8960966486255686e-05,-0.018695512955448107,1.0,-0.00048639045042346243,-0.47958098411753397,1.0,0.0,0.0,0.0,0.0,0.0,0.0,0.6085192697768763,600.0,0.0010141987829614604,0.0,0.0,0.0,0.0,0.0,0.0,0.0,0.0,0.0,0.0,0.0,0.0
98304,24,train,,0,2,medium_3D_current,0,,838.3394479415422,1152,1,0,0,0,goal,76.14815564527015,34.39575276940825,-45.782718197575576,25.17806800277304,5.0,14.217281802424424,1.225209023296385,1.225209023296385,14.308180091826323,9.997526812441897,14.054417965122669,74.9229466219738,75.10463306511275,0.9862961542362423,0.9975808890114479,1.3038998796026537,1.4373502102817746,1.3004878017151795,0.0030773086490448695,0.009249067141368084,0.1785258533692929,0.23083809730200322,0.04421956726610522,0.14994393169023157,0.7741776644327298,1.4558119917423058,0.9841192210287121,,,0,0.5540021941544384,0.5108242266499777,0.4102545483684581,0.5890564207737852,25.269287390352808,25.269287390352808,0.997002475417527,7.992585054686708,0.16323105382940006,0.20278213918209076,838.3394479415429,0.1537359678705569,177.10383498688157,1.0,0.052030652046895755,59.93931115802391,0.9965277777777778,0.007976019803340213,9.188374813447926,1.0,-0.0019999999999999723,-2.303999999999968,1.0,-0.0011080043883088767,-1.276421055331826,1.0,-0.0005108242266499776,-0.5884695091007742,1.0,-1.846385190751518e-05,-0.021270357397457487,1.0,-0.003213465360226111,-3.70191209498048,1.0,0.0,0.0,0.0,0.0,0.0,0.0,0.5208333333333334,600.0,0.0008680555555555555,0.0,0.0,0.0,0.0,0.0,0.0,0.0,0.0,0.0,0.0,0.0,0.0
98304,24,train,,1,2,medium_3D_current,0,,821.3553357932585,865,1,0,0,0,goal,56.699660035869016,15.40362396425148,-40.780226884030924,22.02834759309757,5.0,19.219773115969076,1.230467152698157,1.230467152698157,18.936467605704074,9.998812663652668,15.32494662563131,55.46919288317077,55.56737971497269,0.980030209701786,0.9982330131039926,1.2847949067045723,1.4287984308747979,1.2819982580936928,0.0031790396640866943,0.011841525952295928,0.18216431165618321,0.22741369859799,0.030053678032627432,0.07201288334264211,0.4268541389776363,0.5505133637467297,0.9790378392942344,,,0,0.5785036392396886,0.5022069405785875,0.3965426640531231,0.5807861497205806,25.026679814277028,25.026679814277028,0.9976730220596001,6.321495897107166,0.16087836766174074,0.18726661801338196,821.3553357932587,0.20357656838085486,176.09373164943946,1.0,0.05130141581222728,44.3757246775766,0.9965317919075144,0.007981384176476812,6.903897312652441,1.0,-0.0020000000000000013,-1.7300000000000013,1.0,-0.0011570072784793765,-1.0008112958846607,1.0,-0.000502206940578587,-0.4344090036004777,1.0,-1.9074238003043845e-05,-0.016499215872632925,1.0,-0.0032789576081526757,-2.8362983310520646,1.0,0.0,0.0,0.0,0.0,0.0,0.0,0.6936416184971098,600.0,0.0011560693641618498,0.0,0.0,0.0,0.0,0.0,0.0,0.0,0.0,0.0,0.0,0.0,0.0
98304,24,train,,2,2,medium_3D_current,0,,831.5708499675437,926,1,0,0,0,goal,68.30285344993105,19.748936439725867,-8.822567469480795,21.104597450123077,5.0,40.25106356027413,1.2338688423463355,1.2338688423463355,20.54805187331352,9.992300834471441,14.884527446936069,67.06898460758467,68.64769732390266,1.0050487476957957,0.9770026850446409,1.4826716484644185,1.7037709095091094,1.4666261287976643,0.004030278354890357,0.017494861065562084,0.16653473540613054,0.2774089572469114,0.06355282439264422,0.34151695249471725,2.6463609510487456,3.6938527065644124,0.9959977282440402,,,0,0.5904277002662179,0.5013883316061675,0.41742872076660203,0.5948477807991834,25.087080795655258,25.087080795655258,0.9947746363598663,6.220070003187029,0.20303942335540223,0.27105024456977844,831.5708499675437,0.19087295736276277,176.74835851791832,1.0,0.05794940803361355,53.66115183912615,0.9935205183585313,0.007958197090878931,7.36929050615389,1.0,-0.0020000000000000013,-1.8520000000000014,1.0,-0.0011808554005324353,-1.093472100893035,1.0,-0.0005013883316061668,-0.46428559506731043,1.0,-2.4181670146360927e-05,-0.02239222655553022,1.0,-0.002997625240970592,-2.775800973138768,1.0,0.0,0.0,0.0,0.0,0.0,0.0,0.6479481641468683,600.0,0.0010799136069114472,0.0,0.0,0.0,0.0,0.0,0.0,0.0,0.0,0.0,0.0,0.0,0.0
98304,24,train,,3,2,medium_3D_current,0,,809.7430254335195,801,1,0,0,0,goal,48.12850627657151,-32.83760071447002,1.3530263231107256,33.55802128381613,5.0,27.16239928552998,1.2479471190930365,1.2479471190930365,26.76292495732553,9.972971850447886,19.794738937421215,46.88055915747843,47.216186935534566,0.9810440960749066,0.9928916797429167,1.1789310096263308,1.3789291782530462,1.1755329468284106,0.00442170565741317,0.01901470205321587,0.4507687332759177,0.5174483646318553,0.03420304436411644,0.14045402757544112,1.2894886558700522,1.8722441750685068,0.9754402239276003,,,0,0.5685841524961884,0.5038874792004848,0.43388494486442664,0.5984380705730894,24.48375641736122,24.48375641736122,0.9896914675768683,12.186912669125705,0.2317650235361523,0.24992288649082184,809.7430254335196,0.2188922517873451,175.33269368166341,1.0,0.04682310714766994,37.50530882528362,0.9950062421972534,0.007917531740614953,6.341942924232578,1.0,-0.0020000000000000013,-1.6020000000000012,1.0,-0.0011371683049923777,-0.9108718122988946,1.0,-0.0005038874792004851,-0.40361387083958855,1.0,-2.6530233967029783e-05,-0.021250717407590856,1.0,-0.008113837199892547,-6.49918359711393,1.0,0.0,0.0,0.0,0.0,0.0,0.0,0.7490636704119851,600.0,0.0012484394506866417,0.0,0.0,0.0,0.0,0.0,0.0,0.0,0.0,0.0,0.0,0.0,0.0
102400,25,train,,0,2,medium_3D_current,0,,812.8401318692652,613,1,0,0,0,goal,45.60705644217404,5.589002044173924,-41.20413508620042,10.443338054012266,5.0,18.795864913799583,1.2413397416341245,1.2413397416341245,9.969260208053736,9.542214400229254,9.734358399063812,44.36571670053991,44.93355358063891,0.9852324856266688,0.9873627426533285,1.4660213240012672,1.6591818794437112,1.4572222694083188,0.0033289568434731187,0.016307470815643654,0.03332337287132855,0.13867226454974801,0.03945959595460382,0.16162835862422265,1.6017333690172224,2.3700573262321782,0.9796571587233338,,,0,0.5877452891610174,0.5179802410078173,0.3939568885825392,0.5747054642822964,24.750810758310777,24.750810758310777,0.9973156120322691,0.708979654948451,0.16586309396714993,0.18480543792247772,812.840131869265,0.2856455674530355,175.10073284871075,1.0,0.05789982850000621,35.49259487050381,0.99836867862969,0.007978524896258164,4.8908357614062545,1.0,-0.0020000000000000013,-1.2260000000000009,1.0,-0.001175490578322035,-0.7205757245114074,1.0,-0.0005179802410078175,-0.3175218877377921,1.0,-1.9973741056691844e-05,-0.0122439032677521,1.0,-0.0005998207109933375,-0.3676900958389159,1.0,0.0,0.0,0.0,0.0,0.0,0.0,0.9787928221859706,600.0,0.0016313213703099511,0.0,0.0,0.0,0.0,0.0,0.0,0.0,0.0,0.0,0.0,0.0,0.0
102400,25,train,,1,2,medium_3D_current,0,,816.4117671963062,618,1,0,0,0,goal,49.53761751429422,8.742724779005442,-31.309510419924415,8.38825530271214,5.0,28.690489580075585,1.2326725497950646,1.2326725497950646,8.393237497159614,8.393237497159614,9.133032896407608,48.30494496449916,48.323077565881015,0.9754824715164643,0.9996247631091555,1.5638536429087708,1.7516295714849675,1.5636035233698093,0.003509549332987055,0.015300163671033484,0.03745422196187984,0.06901064168333093,0.029318026302180163,0.07000710158399714,0.14652693665304486,0.2673659650112689,0.9752476235042654,,,0,0.585120095237321,0.49232471652003457,0.3891788002911316,0.5790963956851114,25.068889336991248,25.068889336991248,0.9991853357540889,0.7447775936954695,0.15687483428558485,0.20400196313858032,816.4117671963058,0.28401449548741114,175.5209582112201,1.0,0.06253067309320279,38.643955971599325,1.0,0.007993482686032711,4.939972299968216,1.0,-0.0020000000000000013,-1.2360000000000009,1.0,-0.0011702401904746414,-0.7232084377133284,1.0,-0.0004923247165200349,-0.3042566748093815,1.0,-2.1057295974298643e-05,-0.013013408912116562,1.0,-0.0006741759952215164,-0.4166407650468971,1.0,0.0,0.0,0.0,0.0,0.0,0.0,0.970873786407767,600.0,0.0016181229773462784,0.0,0.0,0.0,0.0,0.0,0.0,0.0,0.0,0.0,0.0,0.0,0.0
102400,25,train,,2,2,medium_3D_current,0,,819.1726558536693,992,1,0,0,0,goal,58.62604798529595,4.975119763634481,-3.740137746740338,19.97369008920939,5.0,55.02488023636552,1.2477323742746205,1.2477323742746205,20.33544188739971,9.991195973274174,15.66941495527415,57.378315611021286,68.10913418685038,1.1617555084718127,0.8424467040442746,1.3731680279606944,1.92502459045564,1.3464726646753535,0.00393183753609356,0.024608158308542016,0.27371514635955974,0.6863282316718888,0.40933360922373824,2.392409887614041,1.9026533283926257,3.936049643784165,1.0,,,0,0.5644845447376053,0.5065091181520163,0.5885869883030893,0.726578340384989,21.67543932825618,21.67543932825618,0.8092527553447205,4.56740778794648,0.35253621061002055,0.3922160565853119,819.1726558536692,0.17758979619266593,176.1690778231246,1.0,0.048363499673224265,47.97659167583847,0.8568548387096774,0.0065970168194827376,6.5442406849268755,0.9092741935483871,-0.0020000000000000013,-1.9840000000000015,1.0,-0.0011289690894752125,-1.1199373367594108,1.0,-0.0005065091181520161,-0.5024570452068,1.0,-2.3591025205183635e-05,-0.023402297003542166,1.0,-0.004926872632309479,-4.887457651251003,1.0,0.0,0.0,0.0,-0.0030241935483870967,-3.0,0.0030241935483870967,0.6048387096774194,600.0,0.0010080645161290322,0.0,0.0,0.0,0.0,0.0,0.0,0.0,0.0,0.0,0.0,0.0,0.0
102400,25,train,,3,2,medium_3D_current,0,,796.6317298115148,1009,1,0,0,0,goal,50.804139498214745,1.474731336791912,-17.216388893136212,28.488220996791114,5.0,42.78361110686379,1.2420086452530559,1.2420086452530559,29.038191270940075,9.976275706983005,21.284915832872557,49.562130852961666,61.75838544800857,1.2156171929686705,0.802516621725574,1.2241503557583475,1.6708521280272073,1.2161366018533704,0.005033711964526991,0.02163788467433969,0.4381767836886969,0.7586167454943067,0.5924680431110408,3.1407159877744935,2.164640285912733,3.873710542544234,0.9881280045883294,,,0,0.557380163969197,0.5072846732253651,0.6523710287243453,0.8081744776667641,21.370571772524617,21.370571772524617,0.7159648616137535,7.614022809884416,0.11538638453653711,0.15069881081581116,796.6317298115147,0.174033241369964,175.59954054229368,1.0,0.041206892399206205,41.57775443079906,0.8315163528245788,0.006043329122515594,6.097719084618235,0.8622398414271556,-0.001999999999999999,-2.0179999999999993,1.0,-0.0011147603279383959,-1.1247931708898413,1.0,-0.0005072846732253653,-0.5118502352843936,1.0,-3.0202271754515683e-05,-0.030474092200306325,1.0,-0.007887182108842145,-7.958166747821725,1.0,0.0,0.0,0.0,-0.014866204162537165,-15.0,0.014866204162537165,0.5946481665014867,600.0,0.0009910802775024777,0.0,0.0,0.0,0.0,0.0,0.0,0.0,0.0,0.0,0.0,0.0,0.0
102400,25,train,,4,2,medium_3D_current,0,,802.4324765306487,635,1,0,0,0,goal,41.10861540100878,-7.455158628670318,-29.69305143111911,32.902366067755715,5.0,30.30694856888089,1.2458385219509032,1.2458385219509032,28.136060040935238,9.973200604576954,20.49667135216448,39.86277687905784,41.73326995243363,1.0151952223477108,0.9551798103645439,1.3144336992892465,1.5779805880262499,1.284178685954447,0.005967885578103806,0.020226675071203015,0.5802493629835856,0.7096220727315989,0.07966956806441933,0.3352681389899157,2.7321981078248485,4.018783663621029,0.9906727981923302,,,0,0.5708974150750111,0.5463531947570054,0.46949656474308704,0.631328569129696,23.85943968348696,23.85943968348696,0.9816927337918582,12.103359411440461,0.2700884309809978,0.27603644132614136,802.4324765306487,0.2748738840845887,174.5449163937138,1.0,0.05023231950110979,31.897522883204715,0.988976377952756,0.007853541870334864,4.986999087662638,1.0,-0.0020000000000000013,-1.270000000000001,1.0,-0.0011417948301500232,-0.7250397171452647,1.0,-0.0005463531947570051,-0.3469342786706982,1.0,-3.5807313487015295e-05,-0.022737644064254714,1.0,-0.010444488494570445,-6.632250194052233,1.0,0.0,0.0,0.0,0.0,0.0,0.0,0.9448818897637795,600.0,0.0015748031496062992,0.0,0.0,0.0,0.0,0.0,0.0,0.0,0.0,0.0,0.0,0.0,0.0
106496,26,train,,0,2,medium_3D_current,0,,813.2866714898432,754,1,0,0,0,goal,53.092479646317784,-7.0389503462880185,-6.2311966866676585,34.33204725265993,5.0,52.96104965371198,1.2418037770743948,1.2418037770743948,26.765485664525883,9.979396642380953,20.388217295786735,51.850675869243396,53.71214933639725,1.0116715153296187,0.9653435304646716,1.4247254465887873,1.6467238375221276,1.4045375066940557,0.0075351029662583165,0.02993474870554147,0.5223280263782184,0.7674949530306785,0.09341829846442463,1.1287389981411078,2.4661390896765676,3.6240099576001406,0.9996694090016934,,,0,0.5684939683624975,0.5063566207985791,0.505697107599648,0.6761009641169553,24.26554900836276,24.26554900836276,0.9757343633638901,13.253488470865985,0.22172315669707973,0.2402525097131729,813.2866714898433,0.23314310266603586,175.78989941019103,1.0,0.055015051689168384,41.48134897363296,0.9946949602122016,0.007805874906911115,5.885629679810981,1.0,-0.0020000000000000013,-1.5080000000000011,1.0,-0.001136987936724995,-0.8572889042906463,1.0,-0.0005063566207985785,-0.3817928920821282,1.0,-4.521061774926664e-05,-0.03408880578294705,1.0,-0.009401904471665713,-7.089035971635947,1.0,0.0,0.0,0.0,0.0,0.0,0.0,0.7957559681697612,600.0,0.001326259946949602,0.0,0.0,0.0,0.0,0.0,0.0,0.0,0.0,0.0,0.0,0.0,0.0
106496,26,train,,1,2,medium_3D_current,0,,833.4171052396483,1013,1,0,0,0,goal,73.1111296629383,28.931833797560643,-24.470420490141926,28.77423048072673,5.0,31.068166202439357,1.2474244418864269,1.2474244418864269,27.595968696072884,9.988998858383694,17.963311630048658,71.86370522105203,73.05281651982936,0.9992024040200477,0.9837225810663341,1.442306347874226,1.5834542003953338,1.4371277140908352,0.003976568355190689,0.013275090605202156,0.2890573578056277,0.5852356293200476,0.044834232018293035,0.5634936010554386,2.5260511606476688,3.6132075678275015,0.9932377655896755,,,0,0.5822712403477555,0.5232199546692549,0.44144228680347997,0.6151687137466311,25.19266429623323,25.19266429623323,0.9905914891863682,10.810918850678085,0.10228924522395196,0.1440252661705017,833.4171052396484,0.1746582766241378,176.9288342202516,1.0,0.05675326987606256,57.49106238445137,0.998025666337611,0.007924731913490949,8.027753428366331,1.0,-0.0019999999999999983,-2.0259999999999985,1.0,-0.001164542480695512,-1.1796815329445536,1.0,-0.0005232199546692555,-0.5300218140799559,1.0,-2.3859410172935655e-05,-0.02416958250518382,1.0,-0.005203032442143318,-5.270671863891182,1.0,0.0,0.0,0.0,0.0,0.0,0.0,0.5923000987166831,600.0,0.0009871668311944718,0.0,0.0,0.0,0.0,0.0,0.0,0.0,0.0,0.0,0.0,0.0,0.0
106496,26,train,,2,2,medium_3D_current,0,,824.606716611246,747,1,0,0,0,goal,59.38594239423698,17.416025184946974,-53.62170586891136,16.673779681262605,5.0,6.378294131088637,1.234754031221759,1.234754031221759,5.6805370826904635,5.6805370826904635,9.272833654128448,58.151188363015265,58.89816640837101,0.9917863392210258,0.9873174651961724,1.576925472781018,1.7346951483172817,1.557065955861774,0.004309380842862944,0.026774547797483006,0.10404740536041897,0.15240924931045896,0.037866758386925554,0.24808606253347154,1.9743363444601558,2.8366910415535838,0.9865861131913022,,,0,0.5717500868182345,0.5025511438848633,0.3999917212040868,0.5888194132900462,25.117711341576754,25.117711341576754,0.9977797333857692,3.7876864961505174,0.28163973721794017,0.3004874289035797,824.6067166112459,0.23595372878455315,176.2574354020612,1.0,0.06228712974043994,46.528485916108636,0.9906291834002677,0.00798223786708615,5.962731686713354,1.0,-0.0020000000000000013,-1.494000000000001,1.0,-0.0011435001736364698,-0.8541946297064429,1.0,-0.0005025511438848635,-0.375405704481993,1.0,-2.585628505583371e-05,-0.01931464493670778,1.0,-0.0018728532992129446,-1.3990214145120696,1.0,0.0,0.0,0.0,0.0,0.0,0.0,0.8032128514056225,600.0,0.0013386880856760374,0.0,0.0,0.0,0.0,0.0,0.0,0.0,0.0,0.0,0.0,0.0,0.0
106496,26,train,,3,2,medium_3D_current,0,,824.0251278640583,944,1,0,0,0,goal,59.568572071715764,17.30658421467909,-28.431652801423738,21.42556464260219,5.0,31.568347198576262,1.2417606069459128,1.2417606069459128,20.99840743693546,9.988670582396011,15.318430812602045,58.326811464769946,59.82869179962586,1.0043667276025507,0.9748969885571626,1.2675570296530891,1.5103029261836114,1.2285583218619942,0.004031777921033415,0.02205246553213769,0.17785612585764068,0.21682113435767114,0.06058787477007072,0.14958610201591238,2.988943666141387,4.666182541152252,0.9847631061347115,,,0,0.5628360159718826,0.49700477436161206,0.4041475465016092,0.5777491336388482,24.761007489423193,24.761007489423193,0.9958478301211181,6.1071338300001585,0.3406774088172084,0.4194643497467041,824.0251278640584,0.18670311193475952,176.247737666413,1.0,0.04949313725580884,46.72152156948354,0.9883474576271186,0.007966782640968947,7.520642813074686,1.0,-0.0020000000000000013,-1.8880000000000015,1.0,-0.0011256720319437641,-1.0626343981549133,1.0,-0.0004970047743616123,-0.469172506997362,1.0,-2.4190667517912565e-05,-0.02283599013690946,1.0,-0.003201410264431866,-3.022131289623682,1.0,0.0,0.0,0.0,0.0,0.0,0.0,0.635593220338983,600.0,0.001059322033898305,0.0,0.0,0.0,0.0,0.0,0.0,0.0,0.0,0.0,0.0,0.0,0.0
110592,27,train,,0,2,medium_3D_current,0,,836.6954177301095,969,1,0,0,0,goal,73.47297601632411,32.979082612701205,-44.28829233732484,17.344539096057098,5.0,15.71170766267516,1.2434264948809153,1.2434264948809153,15.420823702200252,9.987429237632306,12.478552831765235,72.22954952144316,72.65307633575587,0.9888407993656596,0.9941705591053652,1.4995474991900042,1.6884038472063707,1.49665637026553,0.0032301573801169717,0.015151209756539163,0.12449804118768053,0.3064848313726669,0.0444353725678144,0.25033142921045304,1.3010775287878074,2.0366974694143916,0.9866284436553672,,,0,0.5928051904972231,0.4992432799132015,0.4171842856734407,0.6049124047052503,25.41537580428941,25.41537580428941,0.9957330253119433,4.810234826057773,0.10573858073436808,0.18125960230827332,836.6954177301097,0.18261481307211552,176.95375386687994,1.0,0.059632239026991316,57.783639617154584,1.0,0.007965864202495551,7.7189224122181885,1.0,-0.0020000000000000013,-1.9380000000000015,1.0,-0.0011856103809944451,-1.1488564591836172,1.0,-0.0004992432799132017,-0.4837667382358924,1.0,-1.938094431068681e-05,-0.018780135037055518,1.0,-0.002240964740646488,-2.171494833686447,1.0,0.0,0.0,0.0,0.0,0.0,0.0,0.6191950464396285,600.0,0.0010319917440660474,0.0,0.0,0.0,0.0,0.0,0.0,0.0,0.0,0.0,0.0,0.0,0.0
110592,27,train,,1,2,medium_3D_current,0,,834.6247568644771,882,1,0,0,0,goal,69.86033520816267,-1.843068106699711,18.353699076244624,14.400089545223334,5.0,41.646300923755376,1.2158699148065901,1.2158699148065901,14.06594823165757,9.98818039183308,11.84849635463416,68.64446529335609,68.98518695546258,0.9874728878684534,0.9950609445716734,1.564289953638609,1.7323319941472235,1.5619926078027113,0.0038095552077779004,0.024363198767468397,0.05475390047616108,0.1286441138752621,0.041816579934990945,0.15690044705194062,1.5151983710705248,2.3375911278911414,0.9849181245285069,,,0,0.6043747535499147,0.5446142354716659,0.404549268486143,0.5907829066489289,25.347523118552164,25.347523118552164,0.9979957089938704,2.551593190589176,0.15253030944640944,0.19256579875946045,834.6247568644774,0.2005297356206738,176.8672268174343,1.0,0.06226255355406447,54.915572234684866,1.0,0.00798396567195095,7.041857722660739,1.0,-0.0020000000000000013,-1.7640000000000013,1.0,-0.0012087495070998292,-1.0661170652620493,1.0,-0.0005446142354716657,-0.48034975568600913,1.0,-2.2857331238495195e-05,-0.020160166152352763,1.0,-0.000985570207712175,-0.8692729232021383,1.0,0.0,0.0,0.0,0.0,0.0,0.0,0.6802721088435374,600.0,0.0011337868480725624,0.0,0.0,0.0,0.0,0.0,0.0,0.0,0.0,0.0,0.0,0.0,0.0
110592,27,train,,2,2,medium_3D_current,0,,814.9619356697057,655,1,0,0,0,goal,47.64179457620802,-5.601590511380927,-7.039445477485984,9.696914759076147,5.0,52.960554522514016,1.240485621336494,1.240485621336494,9.726164401077483,9.679900302962183,9.788213229473309,46.40130895487155,47.60653699661318,0.9992599443428093,0.974683559910535,1.4536347174538375,1.7074335206856992,1.4370328238712013,0.002619473272507624,0.007002107537586344,0.02209297379201512,0.05598752546258767,0.07273226944577862,0.423511304915698,1.9548662101846772,2.561147501898154,0.9921226455832441,,,0,0.5983376386682041,0.490345977660169,0.40646666595499026,0.5810004249101377,24.516558487695473,24.516558487695473,0.9939813692905873,0.09417595637065772,0.2155244352708336,0.2672348618507385,814.9619356697059,0.267653745296259,175.31320316904964,1.0,0.05668097669971183,37.12603973831125,0.9908396946564886,0.0079518509543247,5.2084623750826795,1.0,-0.0020000000000000013,-1.310000000000001,1.0,-0.001196675277336408,-0.7838223066553472,1.0,-0.0004903459776601686,-0.3211766153674105,1.0,-1.5716839614103198e-05,-0.010294529947237594,1.0,-0.0003976735278896505,-0.26047616076772107,1.0,0.0,0.0,0.0,0.0,0.0,0.0,0.916030534351145,600.0,0.0015267175572519084,0.0,0.0,0.0,0.0,0.0,0.0,0.0,0.0,0.0,0.0,0.0,0.0
110592,27,train,,3,2,medium_3D_current,0,,808.9397710898148,826,1,0,0,0,goal,46.803448286232786,-4.035170674284949,-19.71910316056163,32.04039578687988,5.0,40.28089683943837,1.2486655217505616,1.2486655217505616,28.54339037603882,9.979877912889066,20.783664372501658,45.554782764482226,45.894488347674304,0.9805792100402599,0.992598118087326,1.111246691226982,1.3139111368291476,1.1059019637128995,0.004553778571394805,0.024733753119320134,0.41263810409648294,0.46952578328209205,0.04829100141562704,0.14292281002144636,1.2099497740551075,1.5809686521519632,0.9743252757491373,,,0,0.6029912638286304,0.5518173448297198,0.41536117760018054,0.5912849752561665,24.42474288823057,24.42474288823057,0.9923360610258042,11.028640412114864,0.2984937930583377,0.33620625734329224,808.9397710898145,0.2121038669901616,175.1977941338735,1.0,0.0441237709639649,36.446234816235005,0.9927360774818402,0.007938688488206442,6.55735669125852,1.0,-0.0020000000000000013,-1.6520000000000012,1.0,-0.0012059825276572605,-0.9961415678448972,1.0,-0.0005518173448297193,-0.45580112682934815,1.0,-2.732267143920796e-05,-0.022568526608785777,1.0,-0.007427485871996918,-6.135103330269454,1.0,0.0,0.0,0.0,0.0,0.0,0.0,0.7263922518159807,600.0,0.0012106537530266344,0.0,0.0,0.0,0.0,0.0,0.0,0.0,0.0,0.0,0.0,0.0,0.0
114688,28,train,,0,2,medium_3D_current,0,,812.997330246689,720,1,0,0,0,goal,47.276539154169825,-9.663895829768975,-4.585660504003634,17.78565965291032,5.0,50.336104170231025,1.247133561249137,1.247133561249137,17.002764284443813,9.985961695378764,13.212019165306472,46.02940559292074,46.2436872119088,0.9781529705697604,0.9953662514408469,1.2845468669974685,1.455639619725807,1.2834079530510025,0.004835393898755646,0.028917128828622296,0.16416335925192832,0.33272324749667703,0.035211575612914575,0.07851366053457554,0.7396395107553029,1.0464329281392586,0.9771177930168823,,,0,0.6006151286264261,0.4913340564881865,0.40721840270691445,0.5839574945676658,24.747170198351643,24.747170198351643,0.9946362347183335,4.573640487603844,0.12418095245957375,0.1355353742837906,812.9973302466892,0.24340511391293806,175.2516820173154,1.0,0.05114393869523081,36.823635860566185,0.9972222222222222,0.007957089877746681,5.729104711977611,1.0,-0.0020000000000000013,-1.440000000000001,1.0,-0.0012012302572528524,-0.8648857852220537,1.0,-0.0004913340564881867,-0.35376052067149444,1.0,-2.901236336364453e-05,-0.020888901621824062,1.0,-0.002954940466186964,-2.127557135654614,1.0,0.0,0.0,0.0,0.0,0.0,0.0,0.8333333333333334,600.0,0.001388888888888889,0.0,0.0,0.0,0.0,0.0,0.0,0.0,0.0,0.0,0.0,0.0,0.0
114688,28,train,,1,2,medium_3D_current,0,,839.5549923150818,1169,1,0,0,0,goal,74.03183452779157,32.594204889673264,-25.51821097941766,8.964757637172688,5.0,27.405795110326736,1.2309809151898399,1.2309809151898399,8.986790876548165,8.91832476280157,9.40270391016983,72.80085361260176,72.92080057008829,0.9849924837768784,0.9983551064092985,1.2475757154848293,1.4112002058308442,1.2469324222912477,0.003651774027432138,0.026840018063913007,0.033750848995663746,0.05887846486987014,0.03642880794665517,0.12355636349494237,1.0643141915350134,1.781093754561837,0.9835364192211332,,,0,0.5886994478706242,0.49975591021573207,0.3993732183916738,0.5839906081595515,25.423069127881227,25.423069127881227,0.9987500083427725,0.44358839716741727,0.2027145462529694,0.27271199226379395,839.5549923150818,0.15141745908607035,177.00700967161623,1.0,0.04982212612641379,58.24206544177772,0.9965782720273738,0.007990000066742204,9.340310078021636,1.0,-0.0019999999999999693,-2.337999999999964,1.0,-0.0011773988957412495,-1.3763793091215206,1.0,-0.0004997559102157315,-0.5842146590421902,1.0,-2.1910644133829796e-05,-0.025613542992447034,1.0,-0.0006075152824445595,-0.71018536517769,1.0,0.0,0.0,0.0,0.0,0.0,0.0,0.5132591958939264,600.0,0.000855431993156544,0.0,0.0,0.0,0.0,0.0,0.0,0.0,0.0,0.0,0.0,0.0,0.0
114688,28,train,,2,2,medium_3D_current,0,,842.3076853535256,1255,1,0,0,0,goal,76.72422328731263,10.474414796645846,17.70111265863264,13.085690835668617,5.0,42.29888734136736,1.2402029402402417,1.2402029402402417,13.014249168594356,10.000100070864471,11.295641972720944,75.48402034707242,75.60952082497646,0.9854713099126218,0.9983401498047504,1.2049326027884701,1.3516207683262877,1.201084641335858,0.002762332090008162,0.009858333343561121,0.022456027379039553,0.0525001022681888,0.042346770136024614,0.11634127654520388,0.8597580237143453,1.137146919745962,0.9839544024676535,,,0,0.6038880054709089,0.5133281083495553,0.4007771400044639,0.5881792431214891,25.397067560557666,25.397067560557666,0.9982325550890259,1.7900488629476852,0.25809114119446136,0.29868391156196594,842.3076853535255,0.1411078912589332,177.09040352996115,1.0,0.04812198777652854,60.39309465954332,0.9952191235059761,0.007985860440712209,10.022254853093822,1.0,-0.0019999999999999562,-2.509999999999945,1.0,-0.0012077760109418178,-1.5157588937319812,1.0,-0.000513328108349555,-0.6442267759786915,1.0,-1.657399254084181e-05,-0.02080036063875647,1.0,-0.000404208493006715,-0.5072816587234273,1.0,0.0,0.0,0.0,0.0,0.0,0.0,0.47808764940239046,600.0,0.0007968127490039841,0.0,0.0,0.0,0.0,0.0,0.0,0.0,0.0,0.0,0.0,0.0,0.0
118784,29,train,,0,2,medium_3D_current,0,,832.4290947899568,843,1,0,0,0,goal,69.958460662878,7.395644833038858,9.995084444248675,22.179105081750844,5.0,50.004915555751325,1.2292095370357585,1.2292095370357585,21.11803312520177,9.991887671395508,14.977641939193218,68.72925112584227,69.35470851493112,0.9913698480180075,0.9909817602512997,1.645426062038692,1.805527624464761,1.6387552511736068,0.0049637675407877375,0.023559302058090204,0.19012854317357417,0.45956052926024826,0.04740596840983538,0.21844522260838994,1.5072928274686808,2.1284588130079762,0.9892851057961624,,,0,0.6271441957641565,0.5180233702591641,0.43267600010298324,0.6209271784478518,25.519825578564618,25.519825578564618,0.9931752013531695,7.201463142557631,0.24632939689241412,0.27847233414649963,832.4290947899568,0.20977141004603891,176.8372986688108,1.0,0.06522419765505542,54.98399862321172,0.99644128113879,0.007945401610825343,6.697973557925764,1.0,-0.0020000000000000013,-1.6860000000000013,1.0,-0.0012542883915283133,-1.0573651140583682,1.0,-0.000518023370259164,-0.4366937011284752,1.0,-2.978260524045236e-05,-0.02510673621770134,1.0,-0.0034223137705657646,-2.8850105085869395,1.0,0.0,0.0,0.0,0.0,0.0,0.0,0.7117437722419929,600.0,0.0011862396204033216,0.0,0.0,0.0,0.0,0.0,0.0,0.0,0.0,0.0,0.0,0.0,0.0
118784,29,train,,1,2,medium_3D_current,0,,817.3960249364541,835,1,0,0,0,goal,52.93291015453354,8.081442827200476,-21.857131180306588,22.68479972541813,5.0,38.14286881969341,1.2388521642927768,1.2388521642927768,22.20859421346213,9.992916485161675,16.047204024589934,51.694057990240836,53.23819165309008,1.0057673288255886,0.9709957529566147,1.275166267139881,1.485802468364346,1.2317720953434066,0.0029461838424640193,0.008659409960181996,0.21771529003105952,0.285393044979096,0.048505011370644134,0.14449495403574453,2.7842524935865165,4.094305669479491,0.9902091996789784,,,0,0.6122060739067188,0.5306141536317565,0.39812900195578615,0.5777022854296747,24.587512356649754,24.587512356649754,0.9954489540906172,6.637595700828199,0.35215473735403874,0.35753580927848816,817.3960249364537,0.21052364653340078,175.78724485538964,1.0,0.049558861344425637,41.38164922259541,0.9892215568862276,0.00796359163272494,6.649599013325324,1.0,-0.0020000000000000013,-1.6700000000000013,1.0,-0.001224412147813437,-1.02238414342422,1.0,-0.000530614153631756,-0.4430628182825162,1.0,-1.7677103084933686e-05,-0.01476038107591963,1.0,-0.003918875224040652,-3.2722608120739443,1.0,0.0,0.0,0.0,0.0,0.0,0.0,0.718562874251497,600.0,0.0011976047904191617,0.0,0.0,0.0,0.0,0.0,0.0,0.0,0.0,0.0,0.0,0.0,0.0
118784,29,train,,2,2,medium_3D_current,0,,832.3650486550798,939,1,0,0,0,goal,69.10550769686195,4.4417358459403715,11.893092769549838,20.373535166547526,5.0,48.10690723045016,1.241584257757105,1.241584257757105,19.603148574498967,9.986476667826487,14.226969912803785,67.86392343910484,68.14902957101934,0.9861591621605865,0.9958164315220749,1.4515235265392838,1.6082877421842783,1.4485702802926845,0.0038803155162691503,0.02114645412396765,0.15955109941851675,0.3169256761264023,0.04509163239878501,0.0913461586602824,1.1843023492428721,1.6284743617568849,0.9844688900951103,,,0,0.5993037516324602,0.48283742576702654,0.41537266134961853,0.6010387311268031,25.475693878765497,25.475693878765497,0.9961832876579872,6.146565253743727,0.08463050448459686,0.14797022938728333,832.3650486550799,0.18824923280042566,176.7660295995997,1.0,0.0578180632199801,54.291161363561315,0.9989350372736954,0.007969466301263904,7.483328856886805,1.0,-0.0020000000000000013,-1.8780000000000014,1.0,-0.0011986075032649195,-1.1254924455657593,1.0,-0.00048283742576702636,-0.45338434279523776,1.0,-2.328189311386185e-05,-0.021861697633916276,1.0,-0.0028719197859137396,-2.6967326789730013,1.0,0.0,0.0,0.0,0.0,0.0,0.0,0.6389776357827476,600.0,0.0010649627263045794,0.0,0.0,0.0,0.0,0.0,0.0,0.0,0.0,0.0,0.0,0.0,0.0
118784,29,train,,3,2,medium_3D_current,0,,841.6165751714796,1335,1,0,0,0,goal,76.31394482324116,7.402403413508168,19.60947092435778,5.148062116445628,5.0,40.39052907564222,1.2325634430375743,1.2325634430375743,5.0496212199094,5.022844799054894,6.986896334897916,75.08138138020357,75.5666465044612,0.9902075784378483,0.993578316007063,1.1320845918271343,1.3124584011894886,1.1296357011125886,0.003074416732022297,0.016033155812333,0.04984248476584782,0.08958857589645275,0.04941415730138376,0.1285593630746913,2.006045873918543,3.688880163947664,0.9850896326945001,,,0,0.6129165471402391,0.5044743267878583,0.4035606009125263,0.591959618249636,25.490673970463437,25.490673970463437,0.9979016066594096,1.8639388682834663,0.32920598226986575,0.4186761677265167,841.6165751714796,0.13265376785820787,177.09278009070752,1.0,0.0449951365656875,60.06850731519282,0.9955056179775281,0.007983212853275266,10.65758915912248,1.0,-0.001999999999999946,-2.6699999999999275,1.0,-0.0012258330942804794,-1.6364871808644401,1.0,-0.0005044743267878584,-0.6734732262617908,1.0,-1.8446500376690948e-05,-0.024626078002882416,1.0,-0.0008971647254039282,-1.1977149084142442,1.0,0.0,0.0,0.0,0.0,0.0,0.0,0.449438202247191,600.0,0.000749063670411985,0.0,0.0,0.0,0.0,0.0,0.0,0.0,0.0,0.0,0.0,0.0,0.0
122880,30,train,,0,2,medium_3D_current,0,,822.6067986923417,935,1,0,0,0,goal,59.249736516025024,-22.913501583889236,14.511013082947755,25.72044216189011,5.0,37.086498416110764,1.2347402362156985,1.2347402362156985,25.366520709626975,9.981322129752758,17.628412087582234,58.014996279809324,59.83333653063165,1.00984983307814,0.969609913866471,1.2798574658958628,1.5122846382429944,1.2524652380392844,0.0037731604737515773,0.027309949306907555,0.2412205799659234,0.29785507924651,0.04652054694613717,0.1987355315109438,3.4166287752094924,5.169899650021202,0.9878923935327403,,,0,0.5841582330581259,0.5094454832944053,0.4007829929896217,0.582230582936881,24.776335223292676,24.776335223292676,0.9960957484671106,8.09203007430787,0.2969183706026026,0.31365105509757996,822.6067986923417,0.1885014692410842,176.24887374041373,1.0,0.04965427376247187,46.426745967911195,0.9914438502673797,0.007968765987736878,7.450796198533981,1.0,-0.0020000000000000013,-1.8700000000000014,1.0,-0.001168316466116251,-1.0923758958186947,1.0,-0.0005094454832944051,-0.4763315268802688,1.0,-2.2638962812513035e-05,-0.021167430229699687,1.0,-0.0043419704402016,-4.059742361588496,1.0,0.0,0.0,0.0,0.0,0.0,0.0,0.6417112299465241,600.0,0.0010695187165775401,0.0,0.0,0.0,0.0,0.0,0.0,0.0,0.0,0.0,0.0,0.0,0.0
122880,30,train,,1,2,medium_3D_current,0,,811.3374158809482,719,1,0,0,0,goal,47.454796767041245,4.141197289508796,-30.838730930633687,24.818353049125324,5.0,29.161269069366313,1.2458279268433539,1.2458279268433539,24.033626519556506,9.982446847403923,16.781689052661555,46.20896884019792,46.55869043052166,0.9811166331420903,0.9924885861889597,1.2950957004317578,1.5134667345426154,1.293275004118054,0.005119044341766595,0.02820811480483254,0.30579625308410496,0.39290498422810316,0.04443865510533195,0.12148959782812119,1.291241685255743,1.822303040560532,0.9771352413054092,,,0,0.5837085391297646,0.5057434677988322,0.41182501311511094,0.5899992167265756,24.595704260162478,24.595704260162478,0.9937169149073807,8.036663996463776,0.1173510098044912,0.17788483202457428,811.337415880948,0.24377534189215536,175.2744708204597,1.0,0.051415558356239975,36.967786458136544,0.9944367176634215,0.007949735319259042,5.715859694547251,1.0,-0.0020000000000000013,-1.438000000000001,1.0,-0.0011674170782595287,-0.839372879268601,1.0,-0.0005057434677988322,-0.36362955334736036,1.0,-3.0714266029683143e-05,-0.02208355727534218,1.0,-0.00550433254840632,-3.957615102304144,1.0,0.0,0.0,0.0,0.0,0.0,0.0,0.8344923504867872,600.0,0.0013908205841446453,0.0,0.0,0.0,0.0,0.0,0.0,0.0,0.0,0.0,0.0,0.0,0.0
122880,30,train,,2,2,medium_3D_current,0,,815.1805690481567,726,1,0,0,0,goal,48.50100968609962,4.461517141802702,-21.034468737947456,6.021299462334228,5.0,38.965531262052544,1.2298772593192913,1.2298772593192913,6.171210460992801,6.171210460992801,8.083092842627128,47.27113242678026,47.65119683238311,0.9824784502587361,0.9920240323251548,1.312705146897607,1.4852493806393088,1.3079594582302831,0.0037629531821815544,0.019749418189389356,0.09036183237191212,0.12480429723175002,0.04761072950739032,0.09764016897622385,1.4665153565082916,2.592745266358699,0.9759818451614625,,,0,0.5897476016338555,0.5016703805437225,0.3861925389217444,0.5724381776860101,24.765691505442184,24.765691505442184,0.9982458421585069,2.0617933802928947,0.13833713840395623,0.18268902599811554,815.180569048157,0.24164683485080338,175.43560210168326,1.0,0.05208942308169297,37.816921157309096,0.9986225895316805,0.007985966737268051,5.797811851256605,1.0,-0.0020000000000000013,-1.452000000000001,1.0,-0.0011794952032677104,-0.8563135175723577,1.0,-0.0005016703805437228,-0.3642126962747428,1.0,-2.2577719074570552e-05,-0.01639142404813822,1.0,-0.001626512980987202,-1.1808484241967085,1.0,0.0,0.0,0.0,0.0,0.0,0.0,0.8264462809917356,600.0,0.0013774104683195593,0.0,0.0,0.0,0.0,0.0,0.0,0.0,0.0,0.0,0.0,0.0,0.0
122880,30,train,,3,2,medium_3D_current,0,,827.0659811671485,772,1,0,0,0,goal,61.179389408845786,-3.818535006899012,9.302995154180792,11.741823245632242,5.0,50.69700484581921,1.2142145950983927,1.2142145950983927,11.310581667743623,9.882115926929318,10.245677269045128,59.96517481374736,60.17927228912037,0.9836527116502929,0.9964423385788984,1.559048504899493,1.743156620661336,1.5574878624716437,0.0034025323727254774,0.016808511811001736,0.042953993479033704,0.15455458315446968,0.053716859462414265,0.1570530186352137,0.8194214006483703,1.4028962111226018,0.9812632886288307,,,0,0.606363887661571,0.518008798625021,0.4069774957479899,0.598445493361184,25.360902907492072,25.360902907492072,0.9972541566206382,1.4961459765871112,0.14587533671814235,0.1816001832485199,827.0659811671485,0.22853313147970555,176.4275775023327,1.0,0.062140077527199314,47.97213985099787,1.0,0.00797803325296511,6.1590416712890645,1.0,-0.0020000000000000013,-1.5440000000000011,1.0,-0.001212727775323141,-0.9362258425494648,1.0,-0.0005180087986250212,-0.39990279253851635,1.0,-2.0415194287852994e-05,-0.01576052999022251,1.0,-0.0007731718813379464,-0.5968886923928947,1.0,0.0,0.0,0.0,0.0,0.0,0.0,0.7772020725388601,600.0,0.0012953367875647669,0.0,0.0,0.0,0.0,0.0,0.0,0.0,0.0,0.0,0.0,0.0,0.0
122880,30,train,,4,2,medium_3D_current,0,,784.629194666282,719,1,0,0,0,goal,40.09558422523851,-16.663737431437937,-16.329761131511916,32.423079975842754,5.0,43.33626256856206,1.2366083143875501,1.2366083143875501,27.329898743128787,9.968396886306472,21.462399137367775,38.858975910850965,43.17219460641927,1.0767319005478952,0.9000926699490283,1.2008955384261248,1.6283850616587734,1.1836579505195053,0.0074481178447348894,0.028673045403184272,0.6333953609084215,0.8726646259971648,0.42400508139998183,2.242158791889379,1.9857522519629063,2.7655498189016603,1.0,,,0,0.5856121403109463,0.5116386225509233,0.6222619110503349,0.7966996302856689,21.94217002400646,21.94217002400646,0.8444525156731564,10.211496985336268,0.17104366620658004,0.2320183515548706,784.6291946662822,0.24262660419057075,174.44852841302037,1.0,0.043394836931126765,31.200887753480142,0.9221140472878998,0.00675562012538525,4.857290870151995,1.0,-0.0020000000000000013,-1.438000000000001,1.0,-0.0011712242806218925,-0.8421102577671408,1.0,-0.0005116386225509233,-0.36786816961411384,1.0,-4.468870710875859e-05,-0.032131180411197426,1.0,-0.011401116498717464,-8.197402762577857,1.0,0.0,0.0,0.0,-0.02086230876216968,-15.0,0.02086230876216968,0.8344923504867872,600.0,0.0013908205841446453,0.0,0.0,0.0,0.0,0.0,0.0,0.0,0.0,0.0,0.0,0.0,0.0
126976,31,train,,0,2,medium_3D_current,0,,807.8506631935945,548,1,0,0,0,goal,41.506850603392415,-29.38476799032603,-0.2147484095787675,15.22199696285005,5.0,30.61523200967397,1.2253057334835245,1.2253057334835245,14.61658842973305,9.996343693650564,12.088096365780679,40.281544869908856,40.41264130411216,0.973637862584765,0.9967560537996826,1.4749139162084746,1.6591654739533495,1.4719040098928704,0.004280678146288601,0.02110850245923146,0.13958548476663762,0.2402545208166469,0.034201376396634266,0.08173079390974003,0.5337054115053135,0.7612797462327071,0.9731082633911394,,,0,0.6148327085882914,0.498428780566833,0.38953720596041125,0.5807556715950261,24.826451967656094,24.826451967656094,0.9975070565954436,3.133900597069368,0.12244576785414324,0.1525045931339264,807.8506631935945,0.3187706169218807,174.6862980731906,1.0,0.058805174992567696,32.2252358959271,1.0,0.007980056452763559,4.37307093611443,1.0,-0.0020000000000000013,-1.0960000000000008,1.0,-0.0012296654171765826,-0.6738566486127673,1.0,-0.0004984287805668332,-0.27313897175062457,1.0,-2.5684068908115454e-05,-0.014074869761647268,1.0,-0.0025125387253878764,-1.3768712215125563,1.0,0.0,0.0,0.0,0.0,0.0,0.0,1.094890510948905,600.0,0.0018248175182481751,0.0,0.0,0.0,0.0,0.0,0.0,0.0,0.0,0.0,0.0,0.0,0.0
126976,31,train,,1,2,medium_3D_current,0,,824.7824957540952,1085,1,0,0,0,goal,75.57361301284766,22.392296957086558,-5.321395635672417,34.81867570151205,5.0,37.60770304291344,1.2433247074673461,1.2433247074673461,24.7322655051943,9.985775971606161,20.800390118713757,74.3302883053803,80.28051935588094,1.0622824046037485,0.9258820060178802,1.4798252415830617,1.8562113372528366,1.4575439891281157,0.005207064797595768,0.022168311757322368,0.407733809581309,0.7923689516014711,0.25366621472714296,1.6815512718360006,2.729299026106397,4.320493638206684,1.0,,,0,0.6077361455436127,0.4976260491788456,0.5502860259350544,0.6994869650920965,23.46629099249655,23.46629099249655,0.9199503646820928,12.228518964503744,0.29172746960743234,0.32840874791145325,824.7824957540952,0.16316928061913608,177.03866947176263,1.0,0.055100744805530136,59.7843081140002,0.9308755760368663,0.007359602917456738,7.985169165440561,1.0,-0.001999999999999984,-2.1699999999999826,1.0,-0.0012154722910872248,-1.318787435829639,1.0,-0.0004976260491788456,-0.5399242633590475,1.0,-3.1242388768670275e-05,-0.033897991814007246,1.0,-0.0073392085770558075,-7.963041306105551,1.0,0.0,0.0,0.0,-0.007373271889400922,-8.0,0.007373271889400922,0.5529953917050692,600.0,0.0009216589861751152,0.0,0.0,0.0,0.0,0.0,0.0,0.0,0.0,0.0,0.0,0.0,0.0
126976,31,train,,2,2,medium_3D_current,0,,827.6041297113719,756,1,0,0,0,goal,61.47061928490099,19.689551946115472,-54.67396057025261,9.314941663873952,5.0,5.326039429747389,1.2359968048688903,1.2359968048688903,5.733054696140989,5.733054696140989,9.095128367070673,60.23462248003207,60.261314120580735,0.9803271029576678,0.9995570683955676,1.5942146592746214,1.7668663941903249,1.5939554222736338,0.0042181343306555985,0.02613319149504445,0.015161041267330774,0.041907030406933554,0.03469286946567597,0.06663221148066256,0.3291307977223515,0.5232227791409951,0.9800774768842209,,,0,0.5892060867562476,0.5013485723059617,0.39587913172703887,0.5858524294284285,25.367221708342182,25.367221708342182,0.9991826123862846,0.24474870729233208,0.1665506316003976,0.2219083458185196,827.6041297113717,0.2333078297859727,176.38071931819536,1.0,0.0637403412487113,48.18769798402574,1.0,0.007993460899090272,6.043056439712246,1.0,-0.0020000000000000013,-1.5120000000000011,1.0,-0.0011784121735124956,-0.8908796031754467,1.0,-0.0005013485723059622,-0.37901952066330735,1.0,-2.530880605607106e-05,-0.019133457378389722,1.0,-0.00027289874251922204,-0.20631144934453186,1.0,0.0,0.0,0.0,0.0,0.0,0.0,0.7936507936507936,600.0,0.0013227513227513227,0.0,0.0,0.0,0.0,0.0,0.0,0.0,0.0,0.0,0.0,0.0,0.0
126976,31,train,,3,2,medium_3D_current,0,,820.5721951141547,825,1,0,0,0,goal,60.16014283170391,2.962508170121403,-5.630925964365737,34.33582600193299,5.0,54.36907403563426,1.2381340471258468,1.2381340471258468,26.802264003863968,9.987646672331193,20.500465482385806,58.92200878457803,60.111359673948854,0.9991891116699719,0.9802142075005128,1.4572450830048218,1.65895769581048,1.4505691628297692,0.005127023256006825,0.01590495660045388,0.4289987715661536,0.6112634444482876,0.06678375162448999,0.6340960548984929,2.1644432017770456,3.2771266220872763,0.9914662831535662,,,0,0.5738251058734728,0.471752194117289,0.4532109163927309,0.62190763816689,24.97494763721529,24.97494763721529,0.9880485175921996,13.243844773854716,0.1327736878936941,0.15719811618328094,820.5721951141546,0.21369149743390314,176.2954853829701,1.0,0.05713649336686359,47.13760702766246,1.0,0.007904388140737597,6.5211202161085176,1.0,-0.0020000000000000013,-1.6500000000000012,1.0,-0.001147650211746946,-0.9468114246912305,1.0,-0.0004717521941172891,-0.38919556014676354,1.0,-3.07621394908843e-05,-0.02537876507997955,1.0,-0.007721977894143625,-6.3706317626684905,1.0,0.0,0.0,0.0,0.0,0.0,0.0,0.7272727272727273,600.0,0.0012121212121212121,0.0,0.0,0.0,0.0,0.0,0.0,0.0,0.0,0.0,0.0,0.0,0.0
131072,32,train,,0,2,medium_3D_current,0,,812.6575645732819,746,1,0,0,0,goal,49.31309538021307,-10.470695022055487,-3.8443240346338072,25.8924075893168,5.0,49.52930497794451,1.2375860762227546,1.2375860762227546,24.989603604962685,9.9836848675815,17.139945156026087,48.07550930399035,49.27576847854978,0.9992430630976317,0.9756419998790694,1.3210661790495908,1.501550746018704,1.3086481617792318,0.004924420617494149,0.02036112096656062,0.3311237130338488,0.4516788036391488,0.0658062500536849,0.32305722242709756,2.3472523327007457,3.3418938407318204,0.9881065247819205,,,0,0.5759072685451934,0.5099266574130675,0.43094051083994295,0.5928724225480658,24.539104058221398,24.539104058221398,0.9908503782895016,8.752462433290715,0.18235933666814108,0.20410104095935822,812.6575645732818,0.23523140761428252,175.48263008025475,1.0,0.05155706339454227,38.461569292328534,0.9946380697050938,0.007926803026316034,5.913395057631762,1.0,-0.0020000000000000013,-1.492000000000001,1.0,-0.0011518145370903864,-0.8592536446694283,1.0,-0.0005099266574130682,-0.3804052864301488,1.0,-2.954652366549307e-05,-0.02204170665445783,1.0,-0.005960226835360899,-4.446329219179231,1.0,0.0,0.0,0.0,0.0,0.0,0.0,0.8042895442359249,600.0,0.0013404825737265416,0.0,0.0,0.0,0.0,0.0,0.0,0.0,0.0,0.0,0.0,0.0,0.0
131072,32,train,,1,2,medium_3D_current,0,,830.8733557446328,974,1,0,0,0,goal,69.5151429069126,27.48272187174325,-33.17818846515391,25.228270733489957,5.0,26.82181153484609,1.2442784065601873,1.2442784065601873,24.46149974530665,9.97537894158606,16.823298673330232,68.27086450035236,71.99004014482215,1.0356022750499654,0.9483376361926195,1.4782349105712937,1.7172515153953034,1.4340328976634336,0.0043150935903062855,0.01774618277208706,0.26560623936298944,0.4396124078123691,0.07963947910191228,0.30727075437155893,4.470406185902381,6.719650357980795,1.0,,,0,0.5933497626233073,0.5051491528331614,0.4301212355953467,0.5987386118612985,24.590749245231763,24.590749245231763,0.9908550228640374,8.40497206015971,0.3491103813143971,0.3616233170032501,830.8733557446326,0.1814970333061446,176.77811044018486,1.0,0.05611107759004368,54.65218957270255,0.9897330595482546,0.007926840182912297,7.720742338156577,1.0,-0.0020000000000000013,-1.9480000000000015,1.0,-0.0011866995252466153,-1.1558453375902034,1.0,-0.0005051491528331609,-0.49201527485949875,1.0,-2.5890561550329204e-05,-0.025217406950020643,1.0,-0.004780912306993532,-4.6566085870117,1.0,0.0,0.0,0.0,0.0,0.0,0.0,0.6160164271047228,600.0,0.001026694045174538,0.0,0.0,0.0,0.0,0.0,0.0,0.0,0.0,0.0,0.0,0.0,0.0
131072,32,train,,2,2,medium_3D_current,0,,827.6410545783997,869,1,0,0,0,goal,64.15256996171034,1.5279818884195322,7.79722139823258,20.315259549598174,5.0,52.20277860176742,1.2379544582610524,1.2379544582610524,19.373590080986446,9.984109781057912,14.00072835081731,62.91461550344937,63.36156652587338,0.9876699649552765,0.9929460231662426,1.4582639016311454,1.6038622300255825,1.4534377995021817,0.0029984589135358458,0.01170186777505311,0.18886467774045537,0.4158044018891389,0.060153995239647866,0.10073360083432004,1.351024529095692,1.9088985211464298,0.9853345598243536,,,0,0.5757598404861533,0.48527843455269065,0.42313748141975754,0.5973884301352281,25.137622663175225,25.137622663175225,0.9943528487889225,6.314531198780882,0.11034985122424137,0.15336772799491882,827.6410545783991,0.20313755293734737,176.52653350255486,1.0,0.05791946247029405,50.33201288668553,0.996547756041427,0.00795482279031138,6.912741004780591,1.0,-0.0020000000000000013,-1.7380000000000013,1.0,-0.001151519680972306,-1.000670602764934,1.0,-0.0004852784345526913,-0.42170695962628874,1.0,-1.7990753474555242e-05,-0.015633964769388504,1.0,-0.003399564198459421,-2.954221288461237,1.0,0.0,0.0,0.0,0.0,0.0,0.0,0.6904487917146145,600.0,0.0011507479861910242,0.0,0.0,0.0,0.0,0.0,0.0,0.0,0.0,0.0,0.0,0.0,0.0
131072,32,train,,3,2,medium_3D_current,0,,810.5285373424299,668,1,0,0,0,goal,44.07424165812951,1.0233087532663419,-24.99555419836272,15.873118665505507,5.0,35.00444580163728,1.2403305306949948,1.2403305306949948,15.388959567046253,9.997612934300374,12.519261979172828,42.83391112743452,43.17158633162943,0.9795196629019348,0.9921782998289428,1.2925624650188468,1.470150466349565,1.2901857609983822,0.002748378045552027,0.009561387410419009,0.1274908617218191,0.18830606999476274,0.0550609859063155,0.1832114565136025,1.143448359424245,1.5576290931112207,0.9766343604226156,,,0,0.5810566029509998,0.5127809953870263,0.39562179520726204,0.5663529314368427,24.576785314445335,24.576785314445335,0.9965143324455406,3.353856686332676,0.12236812043778911,0.16122645139694214,810.52853734243,0.261877945631244,174.934467681671,1.0,0.05129864074229008,34.267492015849776,0.9955089820359282,0.00797211465956433,5.325372592588973,1.0,-0.0020000000000000013,-1.336000000000001,1.0,-0.001162113205902,-0.7762916215425361,1.0,-0.0005127809953870263,-0.3425377049185335,1.0,-1.6490268293247786e-05,-0.011015499219889521,1.0,-0.0022948355119742306,-1.532950121998786,1.0,0.0,0.0,0.0,0.0,0.0,0.0,0.8982035928143712,600.0,0.0014970059880239522,0.0,0.0,0.0,0.0,0.0,0.0,0.0,0.0,0.0,0.0,0.0,0.0
135168,33,train,,0,2,medium_3D_current,0,,838.2903166155602,1023,1,0,0,0,goal,73.62914528315841,10.680415621720002,13.344775801456848,7.338909578674485,5.0,46.65522419854315,1.2446293612460566,1.2446293612460566,7.540383616372222,7.540383616372222,8.901831697700938,72.38451592191237,72.87715260261001,0.9897867525467472,0.9932401766108516,1.4247732669131996,1.6019613530777905,1.4207330570669918,0.003619922506683092,0.024080726394965613,0.05328140800085572,0.09171318681039153,0.04253247277990298,0.12834547557798892,1.8176282311468062,2.814897843520664,0.985578384726003,,,0,0.576915296388973,0.5055901587877936,0.4009335885445277,0.5851232346405848,25.349930470943043,25.349930470943043,0.9985577321878584,1.5629221190264677,0.10291692481275178,0.1461397409439087,838.2903166155604,0.17297876285746858,176.95727440319035,1.0,0.056605841731912264,57.90777609174624,0.9980449657869013,0.007988461857502871,8.172196480225438,1.0,-0.001999999999999996,-2.0459999999999963,1.0,-0.0011538305927779472,-1.18036869641184,1.0,-0.0005055901587877936,-0.5172187324399128,1.0,-2.171953506681123e-05,-0.02221908437334789,1.0,-0.0009590653434765859,-0.9811238463765474,1.0,0.0,0.0,0.0,0.0,0.0,0.0,0.5865102639296188,600.0,0.0009775171065493646,0.0,0.0,0.0,0.0,0.0,0.0,0.0,0.0,0.0,0.0,0.0,0.0
135168,33,train,,1,2,medium_3D_current,0,,828.3663461474428,848,1,0,0,0,goal,63.51917922169003,23.092500539563062,-44.31691122626165,15.948679023698386,5.0,15.683088773738348,1.2296777621851072,1.2296777621851072,15.32298549838703,9.986604953507511,12.27466441492591,62.28950145950488,62.771770626564795,0.9882333398465889,0.9923171011069779,1.4804662883623774,1.682645130215101,1.478112719343469,0.002988485516054421,0.01067791333669943,0.1050083648805511,0.2483090138717401,0.05251990161420588,0.19591198237486962,1.4068750522624351,1.8388395636455228,0.9856854163917512,,,0,0.5855407820627937,0.510406999737859,0.41143849977063685,0.5904058771084923,25.160231374052245,25.160231374052245,0.996366249627286,3.674014608772474,0.08549845863775052,0.144998699426651,828.3663461474431,0.20815489592274794,176.51535174249025,1.0,0.058763680622174484,49.831601167603964,1.0,0.007970929997018298,6.759348637471517,1.0,-0.0020000000000000013,-1.6960000000000013,1.0,-0.0011710815641255872,-0.993077166378498,1.0,-0.0005104069997378595,-0.4328251357777048,1.0,-1.793091311810284e-05,-0.015205414324151208,1.0,-0.0018901505703328824,-1.6028476836422842,1.0,0.0,0.0,0.0,0.0,0.0,0.0,0.7075471698113207,600.0,0.0011792452830188679,0.0,0.0,0.0,0.0,0.0,0.0,0.0,0.0,0.0,0.0,0.0,0.0
135168,33,train,,2,2,medium_3D_current,0,,832.445487509522,1052,1,0,0,0,goal,69.83818249922238,-36.80744169325145,28.11344535691937,25.09098631179094,5.0,23.192558306748552,1.2423308891030775,1.2423308891030775,23.053183564095605,9.99050941062786,16.91048765434862,68.59585161011935,68.82241430431215,0.9854554033544394,0.9967080100795208,1.3084109183329324,1.4834910910851673,1.3068378016259252,0.003292700694612792,0.011008209579624229,0.19913474857610594,0.2428960335127277,0.05484990676541072,0.14516408489073118,0.7014296737878551,1.1482152628841327,0.9827612915390496,,,0,0.5700567032249482,0.4929438913327344,0.41460799248782854,0.5951784586696797,25.269838089542738,25.269838089542738,0.9961018699933588,7.989756258156137,0.1408048962303101,0.2054084986448288,832.4454875095216,0.16805896667101933,176.79803293791232,1.0,0.052165243949425406,54.87783663479553,0.9961977186311787,0.007968814959946884,8.383193337864121,1.0,-0.0019999999999999905,-2.10399999999999,1.0,-0.0011401134064498969,-1.1993993035852915,1.0,-0.0004929438913327343,-0.5185769736820365,1.0,-1.975620415366837e-05,-0.020783526769659128,1.0,-0.003584425472446136,-3.770815597013335,1.0,0.0,0.0,0.0,0.0,0.0,0.0,0.5703422053231939,600.0,0.0009505703422053232,0.0,0.0,0.0,0.0,0.0,0.0,0.0,0.0,0.0,0.0,0.0,0.0
135168,33,train,,3,2,medium_3D_current,0,,817.1695193272375,790,1,0,0,0,goal,53.848511704035204,-30.65001080271445,10.21080007547107,27.0621062747638,5.0,29.34998919728555,1.2349644090739127,1.2349644090739127,26.398615193315134,9.98263326336975,17.99733169593558,52.61354729496124,52.769366803661846,0.9799596151086848,0.9970471597796443,1.335933336801566,1.5012724300533598,1.3334716183608255,0.0047164825508230895,0.015500593370313176,0.29442659184515263,0.34063097911653495,0.044060716687446995,0.11591830294559102,0.7897221391208079,1.2616631779267133,0.9778965024758745,,,0,0.5694820909843414,0.49239523246047334,0.4163985878606386,0.5925165264855458,24.94188398260987,24.94188398260987,0.9944097604929585,9.064774578828224,0.12024942572358288,0.13792464137077332,817.1695193272377,0.22262262173381808,175.8718711697163,1.0,0.05327956287504604,42.09085467128637,0.9987341772151899,0.007955278083943678,6.284669686315506,1.0,-0.0020000000000000013,-1.5800000000000012,1.0,-0.0011389641819686833,-0.8997817037552598,1.0,-0.0004923952324604727,-0.38899223364377344,1.0,-2.8298895300419253e-05,-0.02235612728733121,1.0,-0.0052996786523975825,-4.18674613539409,1.0,0.0,0.0,0.0,0.0,0.0,0.0,0.759493670886076,600.0,0.0012658227848101266,0.0,0.0,0.0,0.0,0.0,0.0,0.0,0.0,0.0,0.0,0.0,0.0
139264,34,train,,0,2,medium_3D_current,0,,827.6760672145622,1143,1,0,0,0,goal,64.43045466906544,17.397543847656777,-15.986586294827362,26.738022922168625,5.0,42.60245615234322,1.2403205923855873,1.2403205923855873,26.594832512457984,9.984751983563296,18.653238638274455,63.190134076679804,64.1759460610273,0.9960498709912048,0.9846389177744259,1.1229386887318855,1.3220221219513455,1.1125294049502803,0.004321446914968917,0.018258278290475882,0.21097515951419743,0.24636718615612452,0.04970240462946518,0.1576170262421286,2.553034651279386,3.924198939830067,0.9837793924366014,,,0,0.5633739151418281,0.5177152951578801,0.39539946029687906,0.5687633537551289,24.540736660127394,24.540736660127394,0.9967028665823223,8.084784283894205,0.31627640985962807,0.36898690462112427,827.6760672145623,0.1544487349641159,176.53490406398447,1.0,0.04423724663843946,50.5631729077363,0.9930008748906387,0.007973622932658572,9.113851012028748,1.0,-0.0019999999999999736,-2.28599999999997,1.0,-0.001126747830283655,-1.2878727700142176,1.0,-0.0005177152951578802,-0.591748582365457,1.0,-2.592868149115732e-05,-0.029636482944392816,1.0,-0.0037975528730211537,-4.340602933863178,1.0,0.0,0.0,0.0,0.0,0.0,0.0,0.5249343832020997,600.0,0.0008748906386701663,0.0,0.0,0.0,0.0,0.0,0.0,0.0,0.0,0.0,0.0,0.0,0.0
139264,34,train,,1,2,medium_3D_current,0,,826.8619277451382,765,1,0,0,0,goal,60.87450605692071,20.809725726976936,-40.26831928536524,12.794771805535577,5.0,19.731680714634763,1.2382669600178107,1.2382669600178107,12.705644841586754,10.000037343987843,11.223225316059285,59.636239096902905,60.03748602764995,0.9862500727564326,0.993316726643713,1.5696074778470575,1.7317785593702024,1.5600135642597162,0.0032969214255782592,0.01524103451432346,0.03660489966110624,0.06485972607962154,0.029365352692237855,0.27092128071509913,0.8389208422211475,1.3806645582565167,0.9854921287051654,,,0,0.5672943187061867,0.49868219415322435,0.39329157052865993,0.5814143385275516,25.044737002585567,25.044737002585567,0.9988572033656015,1.571546489476293,0.22559650820844313,0.28289613127708435,826.8619277451382,0.23050792798177497,176.33856490605785,1.0,0.062364694480421264,47.708991277522266,1.0,0.00799085762692481,6.11300608459748,1.0,-0.0020000000000000013,-1.5300000000000011,1.0,-0.0011345886374123728,-0.8679603076204653,1.0,-0.0004986821941532238,-0.3814918785272163,1.0,-1.9781528557766287e-05,-0.015132869346691209,1.0,-0.0006588881928692852,-0.5040494675450031,1.0,0.0,0.0,0.0,0.0,0.0,0.0,0.7843137254901961,600.0,0.00130718954248366,0.0,0.0,0.0,0.0,0.0,0.0,0.0,0.0,0.0,0.0,0.0,0.0
139264,34,train,,2,2,medium_3D_current,0,,840.1897155581066,1145,1,0,0,0,goal,75.72618345509485,34.19674297145181,-26.622439981531045,17.095003950334295,5.0,25.803257028548188,1.225401513026197,1.225401513026197,17.00518033141484,9.991397725639672,13.478932917565599,74.50078194206868,75.01224205428706,0.9905720667775214,0.9931816447794181,1.3102575031316532,1.445074539077126,1.306593349026261,0.002702904313528353,0.007690558031848926,0.07160009251647352,0.09999798925406145,0.04266923688602669,0.1278437969758084,2.14013975519196,3.028668823988851,0.9857186427741988,,,0,0.5592343745983458,0.5042314932584014,0.4008163197787568,0.5760383971425904,25.11886868111258,25.11886868111258,0.9982422520764558,3.6160710327687084,0.15330019118223648,0.17009128630161285,840.1897155581069,0.15466134412212793,177.0872390198365,1.0,0.05205311453704843,59.60081614492045,0.9982532751091703,0.007985938016611646,9.143899029020334,1.0,-0.001999999999999973,-2.2899999999999694,1.0,-0.0011184687491966924,-1.2806467178302128,1.0,-0.0005042314932584013,-0.5773450597808695,1.0,-1.6217425891738865e-05,-0.018568952646041,1.0,-0.0012888016641164387,-1.4756779054133222,1.0,0.0,0.0,0.0,0.0,0.0,0.0,0.5240174672489083,600.0,0.0008733624454148472,0.0,0.0,0.0,0.0,0.0,0.0,0.0,0.0,0.0,0.0,0.0,0.0
139264,34,train,,3,2,medium_3D_current,0,,834.9676632540176,927,1,0,0,0,goal,74.06820756592457,19.815959885764244,0.18689501332039526,27.122026286683862,5.0,40.184040114235756,1.2357965673239621,1.2357965673239621,26.225709584609344,9.991723924934892,17.361442767039698,72.83241099860064,74.484224163607,1.00561666889687,0.977823315157608,1.606995127585911,1.7887493195480475,1.5742180156002479,0.0039634298326425635,0.013640173273981038,0.2535756386504597,0.4436079868202838,0.042977990771531874,0.46142099329615327,2.8560457823721426,4.662880711687796,0.9965326374198491,,,0,0.5772400174165364,0.5312041815550156,0.4265166206331572,0.6080135035829893,25.15257431914698,25.15257431914698,0.994034685399236,9.760583519644154,0.3475678794270837,0.4145338833332062,834.9676632540173,0.1909350339725218,176.9967764925277,1.0,0.06285756473104787,58.26896250568137,0.9946062567421791,0.007952277483193916,7.37176122692076,1.0,-0.0020000000000000013,-1.8540000000000014,1.0,-0.0011544800348330714,-1.0702029922902572,1.0,-0.0005312041815550169,-0.4924262763015006,1.0,-2.3780579014081177e-05,-0.02204459674605325,1.0,-0.004564361494902559,-4.231163105774672,1.0,0.0,0.0,0.0,0.0,0.0,0.0,0.6472491909385113,600.0,0.0010787486515641855,0.0,0.0,0.0,0.0,0.0,0.0,0.0,0.0,0.0,0.0,0.0,0.0
143360,35,train,,0,2,medium_3D_current,0,,834.8937000127282,1144,1,0,0,0,goal,68.81446966361801,-37.25762132770201,28.62433089021998,5.685859973027304,5.0,22.74237867229799,1.2331799611652612,1.2331799611652612,5.465636444053607,5.455024890375597,7.278812034743495,67.58128970245276,67.75502879252555,0.9846043880557204,0.9974357757177728,1.1845284753938,1.3429428969112103,1.1804712657949623,0.0033563623102077114,0.02119137810681293,0.045287696407205424,0.08361610263508146,0.04046655852134416,0.10188860146594969,0.8833056117134743,1.1766146575732839,0.9832629987426759,,,0,0.5505398334312527,0.5100210832189312,0.3960897949152997,0.5723700794762561,24.982927153729644,24.982927153729644,0.9985529739847625,1.6728183998039745,0.256121490306996,0.283160001039505,834.8937000127286,0.1545230205276106,176.77433548358653,1.0,0.04726163399032877,54.06730928493611,0.9956293706293706,0.007988423791878096,9.138756817908542,1.0,-0.0019999999999999736,-2.2879999999999696,1.0,-0.0011010796668625051,-1.2596351388907059,1.0,-0.0005100210832189317,-0.5834641192024579,1.0,-2.0138173859050823e-05,-0.023038070894754143,1.0,-0.0008151785355897572,-0.9325642447146822,1.0,0.0,0.0,0.0,0.0,0.0,0.0,0.5244755244755245,600.0,0.0008741258741258741,0.0,0.0,0.0,0.0,0.0,0.0,0.0,0.0,0.0,0.0,0.0,0.0
143360,35,train,,1,2,medium_3D_current,0,,815.6261572403639,585,1,0,0,0,goal,49.697663563870016,-6.316535220791337,-3.7416534819380516,5.459705741742305,5.0,53.68346477920866,1.2439261030646844,1.2439261030646844,5.942795252983455,5.942795252983455,8.152607756035945,48.453737460805336,48.71734225027966,0.9802742977578719,0.9945890974897585,1.665550162402725,1.8468514229674002,1.659717756346297,0.004572801032193079,0.022154399238913047,0.11201960342847497,0.18050890568721645,0.038101388793147326,0.2829203506818212,0.6835552637419583,0.8678796889903595,0.9795594745371162,,,0,0.5408671250996682,0.5189803614297038,0.3953275222554166,0.577011418571839,24.78267899493275,24.78267899493275,0.9979262195167866,2.6929020142936384,0.3052633082255339,0.3326479494571686,815.626157240364,0.2999908089536643,175.49462323789362,1.0,0.06626200735175759,38.76327430077819,0.9948717948717949,0.007983409756134291,4.67029470733856,1.0,-0.0020000000000000013,-1.1700000000000008,1.0,-0.0010817342501993365,-0.6328145363666119,1.0,-0.0005189803614297044,-0.30360351143637704,1.0,-2.7436806198012394e-05,-0.01605053162583725,1.0,-0.002016352865329158,-1.1795664262175576,1.0,0.0,0.0,0.0,0.0,0.0,0.0,1.0256410256410255,600.0,0.0017094017094017094,0.0,0.0,0.0,0.0,0.0,0.0,0.0,0.0,0.0,0.0,0.0,0.0
143360,35,train,,2,2,medium_3D_current,0,,843.7266636979036,1184,1,0,0,0,goal,79.81089201398221,-26.3825055468458,38.537645215933935,14.022513246955675,5.0,21.462354784066065,1.249169173189442,1.249169173189442,13.416562249335781,9.999964488094102,11.090945581805272,78.56172284079277,78.78942663762298,0.987201428895441,0.9971099701248304,1.3309024769868747,1.5248349711646974,1.3294947109434063,0.0027663283847607313,0.009347595308693446,0.06858120521136934,0.23104030002833165,0.03659831015484394,0.09186070896140652,1.021224625076105,1.5754539041915652,0.9860709070324116,,,0,0.5489874386356048,0.5129407239211424,0.40866679325699806,0.5814145686784508,25.21931387492011,25.21931387492011,0.997796220459818,2.931567665150421,0.1157282359231062,0.16951195895671844,843.7266636979036,0.14964755887598155,177.18270970916217,1.0,0.053082269345159236,62.849406904668534,0.9991554054054054,0.007982369763678538,9.45112580019539,1.0,-0.001999999999999967,-2.367999999999961,1.0,-0.0010979748772712093,-1.300002254689112,1.0,-0.0005129407239211426,-0.6073218171226328,1.0,-1.6597970326444435e-05,-0.019651996866510212,1.0,-0.0012344616954765484,-1.4616026474442334,1.0,0.0,0.0,0.0,0.0,0.0,0.0,0.5067567567567568,600.0,0.0008445945945945946,0.0,0.0,0.0,0.0,0.0,0.0,0.0,0.0,0.0,0.0,0.0,0.0
143360,35,train,,3,2,medium_3D_current,0,,816.0969086506402,653,1,0,0,0,goal,49.41301526979595,4.268047551937073,-18.442824841982187,14.156229444949455,5.0,41.55717515801781,1.222082017746367,1.222082017746367,13.801373311986314,9.992148512899712,11.687578544109265,48.19093325204964,48.68844432720628,0.985336435377734,0.989781742217656,1.4912234097153518,1.6982803755018387,1.484381293790031,0.003579986691354408,0.019158564443261028,0.07315771932468425,0.11697103054703906,0.0451244817689829,0.12656651104255712,1.7600502910590035,2.784878852785654,0.9788835127212017,,,0,0.5607063813205626,0.4601861756668636,0.3977752899320348,0.5692315555047843,24.77873182021189,24.77873182021189,0.9970570281258214,2.468650900840192,0.16665102041698707,0.21778815984725952,816.09690865064,0.26883344940607584,175.54824246216754,1.0,0.05903942818015264,38.552746601639676,1.0,0.007976456225006577,5.2086259149292955,1.0,-0.0020000000000000013,-1.306000000000001,1.0,-0.0011214127626411267,-0.7322825340046557,1.0,-0.00046018617566686426,-0.30050157271046235,1.0,-2.1479920149036022e-05,-0.014026387857320521,1.0,-0.0013168389487351064,-0.8598958335240244,1.0,0.0,0.0,0.0,0.0,0.0,0.0,0.9188361408882083,600.0,0.0015313935681470138,0.0,0.0,0.0,0.0,0.0,0.0,0.0,0.0,0.0,0.0,0.0,0.0
147456,36,train,,0,2,medium_3D_current,0,,837.9958888507401,1107,1,0,0,0,goal,79.40552935002368,-26.4525301004756,35.07372344509366,32.0372457164807,5.0,24.926276554906337,1.2440789179211136,1.2440789179211136,24.22959313082979,9.974485414082855,19.19168211983257,78.16145043210255,80.87770522350004,1.0185399667444686,0.9664152836199879,1.4612051530894348,1.7023896051299796,1.444807117658826,0.0048233643346916434,0.01821787373144179,0.3224057185693329,0.5993653936572532,0.0970633874534795,0.8977102596215243,3.6490767602316616,5.3559616427318995,1.0,,,0,0.5536665308862158,0.48172652488406126,0.4816872307655503,0.6287093821041414,24.726110989280418,24.726110989280418,0.9840746834922137,12.28878112867579,0.20293825728837284,0.2446218580007553,837.9958888507399,0.16005407981132475,177.1798663511365,1.0,0.056486394948799576,62.53043920832113,0.996386630532972,0.00787259746793773,8.714965397007068,1.0,-0.00199999999999998,-2.2139999999999778,1.0,-0.001107333061772432,-1.2258176993820824,1.0,-0.000481726524884061,-0.5332712630466555,1.0,-2.8940186001637643e-05,-0.03203678590381287,1.0,-0.0058033029425404664,-6.424256357392297,1.0,0.0,0.0,0.0,0.0,0.0,0.0,0.5420054200542005,600.0,0.0009033423667570009,0.0,0.0,0.0,0.0,0.0,0.0,0.0,0.0,0.0,0.0,0.0,0.0
147456,36,train,,1,2,medium_3D_current,0,,798.2004495602357,898,1,0,0,0,goal,48.49765189326041,-22.60351829877142,4.11050958948114,20.180746894750712,5.0,37.39648170122858,1.2441100318440375,1.2441100318440375,20.811618845439686,9.982827561974423,16.23184007884983,47.25354186141638,59.52799248568817,1.2274407143814858,0.793803719700058,1.3257904785231183,1.8676968794627575,1.3019834485333668,0.0039550374976929014,0.017223782121153164,0.3111292901834781,0.6852480870908177,0.48596649297697814,2.753456869365545,1.9263318777122949,4.5716970516232225,1.0,,,0,0.5571951265835757,0.47391420563245773,0.6332915611482145,0.774729936020677,21.21629983015146,21.21629983015146,0.754806272286475,4.4177127700785945,0.32741946811665407,0.35507485270500183,798.2004495602353,0.19530340853197942,175.3824608617175,1.0,0.04500002226142049,40.4100199907556,0.8340757238307349,0.006325912811128371,5.680669704393277,0.876391982182628,-0.0020000000000000013,-1.7960000000000014,1.0,-0.0011143902531671513,-1.0007224473441019,1.0,-0.00047391420563245803,-0.4255749566579473,1.0,-2.373022500001044e-05,-0.021309742050009375,1.0,-0.005600327227816387,-5.029093850579115,1.0,0.0,0.0,0.0,-0.01670378619153675,-15.0,0.01670378619153675,0.6681514476614699,600.0,0.0011135857461024498,0.0,0.0,0.0,0.0,0.0,0.0,0.0,0.0,0.0,0.0,0.0,0.0
147456,36,train,,2,2,medium_3D_current,0,,825.1011730627679,1089,1,0,0,0,goal,60.76097480424686,-34.08470298791952,18.98020293479297,23.350692198977235,5.0,25.91529701208048,1.2432953463247407,1.2432953463247407,23.055827056292067,9.990739610101228,16.666310022955475,59.517679457922156,59.73093231787328,0.9830476306594479,0.996429775131982,1.0969868194283432,1.2572885349929677,1.0948113263969883,0.003248404868250094,0.010292451113332213,0.18157511074186944,0.21845642834276502,0.050862284101039316,0.11419360024473768,0.5848036447803067,1.26044907667016,0.9797554212036018,,,0,0.5479069841556128,0.5197253050623613,0.39822186565897244,0.5664820591581317,24.53404514055224,24.53404514055224,0.9968320215010191,6.684382176021739,0.30528582171412977,0.33533975481987,825.1011730627679,0.16190709579537538,176.3168273211638,1.0,0.04372610453289952,47.617727836327575,0.9944903581267218,0.007974656172008146,8.684400571316871,1.0,-0.001999999999999983,-2.1779999999999817,1.0,-0.0010958139683112263,-1.1933414114909255,1.0,-0.0005197253050623614,-0.5659808572129116,1.0,-1.9490429231375355e-05,-0.02122507743296776,1.0,-0.0032683519925652744,-3.5592353199035838,1.0,0.0,0.0,0.0,0.0,0.0,0.0,0.5509641873278237,600.0,0.0009182736455463728,0.0,0.0,0.0,0.0,0.0,0.0,0.0,0.0,0.0,0.0,0.0,0.0
147456,36,train,,3,2,medium_3D_current,0,,830.4111908392483,796,1,0,0,0,goal,65.04004647157507,-22.563358822527128,22.585986083422426,6.9725364678735,5.0,37.414013916577574,1.2263064554055634,1.2263064554055634,7.098274800656167,7.098274800656167,8.507455684978064,63.813740016169504,63.93933489294001,0.9830764023344277,0.9980357181227987,1.6065159520839187,1.7431565087067185,1.6061857040538046,0.002984491153244211,0.01294317395722322,0.05269599200863957,0.0795484913370248,0.043951471569292376,0.16639850562313674,0.8246945415492175,1.2692228047494498,0.9822795943049452,,,0,0.527085192538985,0.508860695785837,0.39982377915601036,0.5678151159093308,24.96841795327409,24.96841795327409,0.9986633636102774,1.534919217104547,0.20114055305869136,0.2156631201505661,830.4111908392484,0.2218670419236372,176.6061653712152,1.0,0.06413441207655227,51.05099201293561,1.0,0.007989306908882233,6.359488299470257,1.0,-0.0020000000000000013,-1.5920000000000012,1.0,-0.0010541703850779703,-0.8391196265220643,1.0,-0.0005088606957858366,-0.40505311384552595,1.0,-1.7906946926763995e-05,-0.014253929753704141,1.0,-0.0009485278570996459,-0.7550281742513182,1.0,0.0,0.0,0.0,0.0,0.0,0.0,0.7537688442211056,600.0,0.001256281407035176,0.0,0.0,0.0,0.0,0.0,0.0,0.0,0.0,0.0,0.0,0.0,0.0
151552,37,train,,0,2,medium_3D_current,0,,836.5957779644708,1161,1,0,0,0,goal,70.5225988057472,12.038944177810663,7.5766350680686685,8.640210760852888,5.0,47.96105582218934,1.2336648156670382,1.2336648156670382,8.678993309847998,8.647349833752731,9.30546374733672,69.28893399008015,69.8016746830993,0.9897774027778858,0.9926543210410497,1.2024405630163513,1.3857563581881123,1.1886693403517783,0.002579903085981214,0.004401219103665088,0.037504247940079706,0.07009883481733148,0.04274993987167797,0.10219184629541767,2.2163964459544823,3.45712318545083,0.9837568550696846,,,0,0.5380170912274082,0.5092990571712397,0.3946149105801344,0.5662092163029362,24.842337002212787,24.842337002212787,0.9986129863608828,0.665252986483833,0.2859391390019506,0.3240085542201996,836.5957779644705,0.15232663809864416,176.85122683252587,1.0,0.04774654692850796,55.43374098399774,0.9956933677863911,0.00798890389088705,9.275117417319866,1.0,-0.0019999999999999706,-2.321999999999966,1.0,-0.0010760341824548175,-1.2492756858300431,1.0,-0.0005092990571712397,-0.5912962053758093,1.0,-1.5479418533783177e-05,-0.01797160491772227,1.0,-0.0006750764627471687,-0.7837637732494629,1.0,0.0,0.0,0.0,0.0,0.0,0.0,0.5167958656330749,600.0,0.0008613264427217916,0.0,0.0,0.0,0.0,0.0,0.0,0.0,0.0,0.0,0.0,0.0,0.0
151552,37,train,,1,2,medium_3D_current,0,,814.8440679424655,654,1,0,0,0,goal,47.75705143272971,-15.740015908368711,1.110758889918344,8.552713947698209,5.0,44.25998409163129,1.235156906716043,1.235156906716043,8.705583109528341,8.705583109528341,9.327810891701144,46.52189452601369,47.97608322152847,1.0045863758801628,0.9696892993786067,1.467158508303622,1.722429470951086,1.4431935443752664,0.0025359672961672566,0.005583040859310273,0.050551536457903945,0.08498677737468485,0.067929033682228,0.37342905075250155,2.2139244049035107,3.169033533952994,0.9946138295034063,,,0,0.5234371995345465,0.5119900231004696,0.39490313964699386,0.5515530134126863,23.94731821478024,23.94731821478024,0.9954044089839099,0.7750969440029303,0.272051978184178,0.27965232729911804,814.8440679424655,0.2681110070621639,175.3445986186552,1.0,0.05691751469428097,37.22405461005975,0.9908256880733946,0.007963235271871292,5.207955867803825,1.0,-0.0020000000000000013,-1.308000000000001,1.0,-0.001046874399069093,-0.6846558569911868,1.0,-0.0005119900231004692,-0.33484147510770684,1.0,-1.521580375831888e-05,-0.009951135657940547,1.0,-0.0009099276548875233,-0.5950926862964402,1.0,0.0,0.0,0.0,0.0,0.0,0.0,0.9174311926605505,600.0,0.0015290519877675841,0.0,0.0,0.0,0.0,0.0,0.0,0.0,0.0,0.0,0.0,0.0,0.0
151552,37,train,,2,2,medium_3D_current,0,,838.555339407186,1291,1,0,0,0,goal,77.67993512053232,-31.927410659653383,34.75033754235315,29.529276970141602,5.0,25.24966245764685,1.2417411914086662,1.2417411914086662,26.16128190479901,9.977828924000903,18.979270843369996,76.43819392912377,76.78266068550454,0.988449083619399,0.9955137429035992,1.1895067495817904,1.35581243814644,1.1876355230924818,0.004310989134664855,0.014715025763945011,0.2309453045859357,0.34542044683854334,0.036758489286850285,0.09822536267273962,1.1300261986030544,1.9797434188102574,0.986213503970966,,,0,0.5218626334392166,0.5177606527468493,0.42291932888357886,0.5805851596268363,24.87665118733799,24.87665118733799,0.995009605114663,10.467346817758072,0.23276812734989857,0.30494219064712524,838.555339407186,0.13719801428554962,177.12263644264456,1.0,0.047369652974182316,61.154221989669374,0.9953524399690162,0.007960076840917287,10.276459201624219,1.0,-0.0019999999999999515,-2.5819999999999372,1.0,-0.001043725266878435,-1.3474493195400596,1.0,-0.0005177606527468495,-0.6684290026961828,1.0,-2.5865934802999298e-05,-0.03339292183067209,1.0,-0.0041570154784548825,-5.366706982685254,1.0,0.0,0.0,0.0,0.0,0.0,0.0,0.46475600309837334,600.0,0.000774593338497289,0.0,0.0,0.0,0.0,0.0,0.0,0.0,0.0,0.0,0.0,0.0,0.0
151552,37,train,,3,2,medium_3D_current,0,,825.5818074711497,931,1,0,0,0,goal,61.762836362273596,-30.191526303529557,19.652013241436194,22.65223756898968,5.0,29.808473696470443,1.2331295439128542,1.2331295439128542,21.919070834296093,9.993160133578211,15.640328242123436,60.52970681836073,61.07905165090394,0.9889288648053843,0.991006002586894,1.3121171138754868,1.493619463179492,1.3085727765269863,0.004141657583247559,0.024650707991059395,0.19779237818354292,0.3023415195205912,0.04805675841797709,0.21445932635402887,1.9787162279178852,3.0726647306652004,0.9835532311002911,,,0,0.522506932452147,0.5241802468929424,0.41646933504385286,0.5756830524425117,24.66381265466828,24.66381265466828,0.9952333305396086,7.011909326866227,0.12436623035837065,0.19323933124542236,825.5818074711494,0.18948034308017625,176.4061994076441,1.0,0.05201264222263908,48.423769909276984,0.9989258861439313,0.007961866644316867,7.4124978458590025,1.0,-0.0020000000000000013,-1.8620000000000014,1.0,-0.0010450138649042934,-0.9729079082258971,1.0,-0.0005241802468929425,-0.4880118098573294,1.0,-2.484994546971999e-05,-0.023135299232309312,1.0,-0.003560262808072049,-3.3146046743150777,1.0,0.0,0.0,0.0,0.0,0.0,0.0,0.644468313641246,600.0,0.0010741138560687433,0.0,0.0,0.0,0.0,0.0,0.0,0.0,0.0,0.0,0.0,0.0,0.0
155648,38,train,,0,2,medium_3D_current,0,,824.8993225691128,817,1,0,0,0,goal,61.04085149718649,-16.706410275199076,15.579533181695211,19.71131919664182,5.0,43.293589724800924,1.231786915218315,1.231786915218315,18.632423647640838,9.9874856922039,13.56182751365081,59.809064581968194,60.65794267685753,0.9937270072265193,0.9860054914916654,1.484894557573012,1.7137310555072733,1.4815080942931609,0.003747367533251127,0.021452799055303284,0.19428836850850847,0.47982124394888537,0.046671446415711984,0.5273527673280523,1.8039801532591184,2.6799066877146425,0.990383242443932,,,0,0.5258602952399956,0.5276607231423943,0.4325775125473191,0.5897003239706943,24.735779644037414,24.735779644037414,0.9920973485595395,6.1494916829910204,0.12393837415292913,0.19139258563518524,824.8993225691127,0.21587227847051002,176.3676515104067,1.0,0.05856456752212302,47.84725166557451,1.0,0.00793677878847631,6.484348270185145,1.0,-0.0020000000000000013,-1.6340000000000012,1.0,-0.0010517205904799906,-0.8592557224221523,1.0,-0.0005276607231423944,-0.4310988108073362,1.0,-2.2484205172356613e-05,-0.018369595625815353,1.0,-0.0034971906342697564,-2.857204748198391,1.0,0.0,0.0,0.0,0.0,0.0,0.0,0.7343941248470012,600.0,0.0012239902080783353,0.0,0.0,0.0,0.0,0.0,0.0,0.0,0.0,0.0,0.0,0.0,0.0
155648,38,train,,1,2,medium_3D_current,0,,816.6200812389574,743,1,0,0,0,goal,51.63090552197742,-31.483746344420467,9.849331897547202,20.405188035848695,5.0,28.516253655579533,1.2270639366793665,1.2270639366793665,19.70869573145985,9.996910232141031,14.513648051813856,50.40384158529807,51.18123395401465,0.9912906511435993,0.9848109881560286,1.3776913581161405,1.582452006494071,1.3688910590331096,0.0037089465822705264,0.022588780097826167,0.20039017364543407,0.3169018447057703,0.04701836519155005,0.19492307529673836,1.9587238501403916,2.8953391046381385,0.9843300337149579,,,0,0.5203165263840038,0.5178197266391076,0.4076905570232371,0.5647134626356942,24.388231945109254,24.388231945109254,0.9951291139266798,5.891539984034815,0.14999572665983382,0.1533621847629547,816.6200812389575,0.23650350824557323,175.7221066264609,1.0,0.05427107704403091,40.32341024371497,0.9959623149394348,0.007961032911413445,5.91504745318019,1.0,-0.0020000000000000013,-1.486000000000001,1.0,-0.0010406330527680083,-0.7731903582066302,1.0,-0.0005178197266391079,-0.3847400568928572,1.0,-2.225367950185808e-05,-0.016534483869880552,1.0,-0.003607023129783678,-2.680018185429273,1.0,0.0,0.0,0.0,0.0,0.0,0.0,0.8075370121130552,600.0,0.0013458950201884253,0.0,0.0,0.0,0.0,0.0,0.0,0.0,0.0,0.0,0.0,0.0,0.0
155648,38,train,,2,2,medium_3D_current,0,,836.7767952101635,862,1,0,0,0,goal,73.5259875137915,31.69391154040592,-25.11014910829818,16.659296384571153,5.0,28.30608845959408,1.2241558316202272,1.2241558316202272,15.668932873189341,9.983938495741388,12.206337539511821,72.30183168217133,72.98067881843768,0.9925834563561415,0.9906982622351973,1.6932872115646798,1.832894099793114,1.6865127661271713,0.004100161647972139,0.024569449445623892,0.11715276396872729,0.38968917540191983,0.04397310021499782,0.4077979006246184,1.5418601924344988,2.01812509665232,0.9906477696300854,,,0,0.5282555320961919,0.5270070559923211,0.42540232648774806,0.594544907042156,25.054181396915617,25.054181396915617,0.9946288769893802,4.452958845059326,0.3122914826925282,0.34110376238822937,836.7767952101635,0.2053400544783973,177.00312696037847,1.0,0.06710284043495277,57.84264845492928,0.9953596287703016,0.00795703101591505,6.858960735718773,1.0,-0.0020000000000000013,-1.7240000000000013,1.0,-0.001056511064192384,-0.9107125373338351,1.0,-0.000527007055992321,-0.45428008226538075,1.0,-2.460096986516257e-05,-0.021206036023770133,1.0,-0.002108749750858439,-1.8177422852399743,1.0,0.0,0.0,0.0,0.0,0.0,0.0,0.6960556844547564,600.0,0.001160092807424594,0.0,0.0,0.0,0.0,0.0,0.0,0.0,0.0,0.0,0.0,0.0,0.0
155648,38,train,,3,2,medium_3D_current,0,,809.8935220078874,570,1,0,0,0,goal,42.16849038536607,-33.4130558030548,1.6261367804857443,11.434741878991684,5.0,26.586944196945197,1.21189968735012,1.21189968735012,11.192210311764187,10.000012047505644,10.514648090629441,40.956590698016036,41.014630046143495,0.9726369066410069,0.9985849110899636,1.4391098261804758,1.645775374359438,1.437430266719531,0.004345503391431209,0.0237034327214527,0.0220217754236723,0.06233103241331284,0.021972156372790506,0.08848729742480543,0.2811282261229892,0.40117289182836435,0.9724073161361988,,,0,0.5239120122731517,0.4820181137310308,0.38094566307569805,0.5459560765116884,24.276027098300144,24.276027098300144,0.9987209422443103,0.9200937883622471,0.10648013548108569,0.147158682346344,809.8935220078872,0.30671385440239796,174.82689700936683,1.0,0.05748293431300487,32.765272558412775,1.0,0.007989767537954485,4.554167496634056,1.0,-0.0020000000000000013,-1.1400000000000008,1.0,-0.0010478240245463046,-0.5972596939913936,1.0,-0.00048201811373103134,-0.2747503248266879,1.0,-2.6073020309099562e-05,-0.01486162157618675,1.0,-0.0003963919581265433,-0.22594341613212968,1.0,0.0,0.0,0.0,0.0,0.0,0.0,1.0526315789473684,600.0,0.0017543859649122807,0.0,0.0,0.0,0.0,0.0,0.0,0.0,0.0,0.0,0.0,0.0,0.0
159744,39,train,,0,2,medium_3D_current,0,,809.386085317182,751,1,0,0,0,goal,42.86209202466876,-15.249992281583374,-5.674391449148828,16.80798415709258,5.0,44.750007718416626,1.2344963669232627,1.2344963669232627,16.37272166371326,9.980096289301358,12.972287621326483,41.62759565774545,41.97817654755054,0.9793776870104824,0.9916484964655881,1.1179274713062717,1.370345646365358,1.1092994349648253,0.00391370714526662,0.019606140688761542,0.14929153243144158,0.20544461955707494,0.040354033336463445,0.11763348073943458,0.8761709906122688,1.1071767078640375,0.97460324690107,,,0,0.5477677891533153,0.4986618132527035,0.38512495939883984,0.5529671034635542,23.961794449978193,23.961794449978193,0.9962075801238086,3.835696535766093,0.26843232545411383,0.3522157073020935,809.3860853171822,0.23277724892577936,174.8157139432603,1.0,0.044367718469369946,33.32015657049683,0.9880159786950732,0.007969660640990486,5.985215141383855,1.0,-0.0020000000000000013,-1.5020000000000011,1.0,-0.0010955355783066301,-0.8227472193082792,1.0,-0.0004986618132527031,-0.37449502175278004,1.0,-2.3482242881656773e-05,-0.017635164404124236,1.0,-0.002687247579885068,-2.0181229324936862,1.0,0.0,0.0,0.0,0.0,0.0,0.0,0.7989347536617842,600.0,0.0013315579227696406,0.0,0.0,0.0,0.0,0.0,0.0,0.0,0.0,0.0,0.0,0.0,0.0
159744,39,train,,1,2,medium_3D_current,0,,811.1654862785765,665,1,0,0,0,goal,43.40459076079774,-33.72641255533402,2.946963450973783,9.601339709552471,5.0,26.273587444665978,1.2483320264206557,1.2483320264206557,9.663032424975048,9.51935368810568,9.72062407036185,42.156258734377055,42.622489450501895,0.9819811384789688,0.9890613917174816,1.281879381969983,1.4476955801819011,1.2753741157719276,0.004068125876198808,0.023550214826847604,0.02211225165760201,0.04482854516249013,0.049241656233308284,0.15865996326021747,1.4042585389763396,2.001694719783253,0.977253912265288,,,0,0.5562325690837955,0.5135980400950053,0.3840154115754859,0.5544512793197668,24.38480310410947,24.38480310410947,0.9979786613928072,0.14975675868148322,0.15783361729822662,0.16652202606201172,811.1654862785764,0.2628919303211708,174.8231336635786,1.0,0.05071481748084233,33.725353624760146,0.9954887218045113,0.007983829291142448,5.309246478609729,1.0,-0.0020000000000000013,-1.330000000000001,1.0,-0.0011124651381675908,-0.7397893168814479,1.0,-0.000513598040095006,-0.34154269666317894,1.0,-2.4408755253991553e-05,-0.016231822243904383,1.0,-0.00039802053020085416,-0.264683652583568,1.0,0.0,0.0,0.0,0.0,0.0,0.0,0.9022556390977443,600.0,0.0015037593984962407,0.0,0.0,0.0,0.0,0.0,0.0,0.0,0.0,0.0,0.0,0.0,0.0
159744,39,train,,2,2,medium_3D_current,0,,828.2112296085947,894,1,0,0,0,goal,61.53489052008239,21.424243357356374,-36.36564116612343,9.370305501524566,5.0,23.63435883387657,1.2466894152069783,1.2466894152069783,9.110048024829283,8.988973823442944,9.294788097323954,60.28820110487538,62.027459720061216,1.0080047140055945,0.9719598606321245,1.3876389199118844,1.621379468662491,1.3447570921123388,0.0028029130713399498,0.011046000835966296,0.019929853851863306,0.08236803942545956,0.04368892866562414,0.1746035022785284,3.157515998790547,4.625454300289815,0.9933830819584776,,,0,0.5551729727540606,0.4753565133813096,0.39123877342081975,0.569601664532151,24.72588578734903,24.72588578734903,0.9979186628595557,0.30480786505232094,0.3309846363745013,0.34524935483932495,828.211229608595,0.1972631116794772,176.3532218414526,1.0,0.053984628101143135,48.26225752242196,0.9888143176733781,0.00798334930287646,7.137114276771556,1.0,-0.0020000000000000013,-1.7880000000000014,1.0,-0.001110345945508122,-0.9926492752842612,1.0,-0.0004753565133813097,-0.4249687229628909,1.0,-1.6817478389470072e-05,-0.015034825680186244,1.0,-0.0003587373692660047,-0.3207112081238082,1.0,0.0,0.0,0.0,0.0,0.0,0.0,0.6711409395973155,600.0,0.0011185682326621924,0.0,0.0,0.0,0.0,0.0,0.0,0.0,0.0,0.0,0.0,0.0,0.0
159744,39,train,,3,2,medium_3D_current,0,,840.7070747532005,1058,1,0,0,0,goal,75.62013769893005,34.14990944818794,-54.750448162715706,8.38122471302895,5.0,5.249551837284294,1.2399468225572847,1.2399468225572847,6.063627117995594,6.063627117995594,8.69080639838596,74.38019087637275,74.8631847555667,0.989990061293236,0.9935483124212395,1.4151830766647746,1.5646179947650636,1.411216383461998,0.002979569850946572,0.013638448421637417,0.025655471448689866,0.06355170543288624,0.035319369465854025,0.14842759806622308,2.091212465041271,3.091853849368897,0.9861029595383679,,,0,0.5341919795539589,0.5143831443353618,0.40202836116286444,0.576586171445949,25.164238946966506,25.164238946966506,0.9986211096679559,0.5564269422370308,0.10553315545948105,0.13165383040905,840.7070747532006,0.16734265770142254,177.04853184810506,1.0,0.056242229240329525,59.504278536268636,0.998109640831758,0.007988968877343638,8.452329072229569,1.0,-0.001999999999999989,-2.1159999999999886,1.0,-0.0010683839591079177,-1.1303502287361769,1.0,-0.0005143831443353619,-0.5442173667068129,1.0,-1.7877419119636568e-05,-0.01891430942857549,1.0,-0.0004617984863242952,-0.4885827985311043,1.0,0.0,0.0,0.0,0.0,0.0,0.0,0.5671077504725898,600.0,0.000945179584120983,0.0,0.0,0.0,0.0,0.0,0.0,0.0,0.0,0.0,0.0,0.0,0.0
163840,40,train,,0,2,medium_3D_current,0,,827.8495808688494,893,1,0,0,0,goal,63.63519227681302,21.886961150455207,-29.32284901431594,20.26840700877784,5.0,30.67715098568406,1.2485832111334811,1.2485832111334811,19.64967574732095,9.989718800106711,14.559421744838325,62.38660906567951,62.52810482713298,0.9826025912695571,0.9977370853979244,1.40040548325046,1.5867279385253155,1.3996494742216985,0.00349775242254624,0.01946586655549476,0.14959781751632933,0.26774615867942275,0.03415342053282774,0.11048223415699976,0.5619296790526433,0.8218414330910351,0.9818216157350671,,,0,0.551791187301737,0.5110396205933613,0.40767618354664403,0.584473299344403,25.111080136050457,25.111080136050457,0.9970958483103066,5.708985263939525,0.07098052627745961,0.10677166283130646,827.8495808688493,0.19761279752877065,176.46822819319218,1.0,0.05588951137140055,49.90933365466069,0.9977603583426652,0.00797676678648247,7.123252740328844,1.0,-0.0020000000000000013,-1.7860000000000014,1.0,-0.0011035823746034742,-0.9854990605209025,1.0,-0.0005110396205933616,-0.4563583811898719,1.0,-2.0986514548474153e-05,-0.01874095749178742,1.0,-0.002692760716830687,-2.4046353201298034,1.0,0.0,0.0,0.0,0.0,0.0,0.0,0.671892497200448,600.0,0.0011198208286674132,0.0,0.0,0.0,0.0,0.0,0.0,0.0,0.0,0.0,0.0,0.0,0.0
163840,40,train,,1,2,medium_3D_current,0,,838.1472613991465,1071,1,0,0,0,goal,74.0461122926714,-9.631356914786402,27.208854370896645,16.598648117108375,5.0,32.791145629103355,1.2496260928065483,1.2496260928065483,16.057040405719523,9.99252792568461,12.700656750657688,72.7964861998648,73.30678750082575,0.9900153462625637,0.9930388260301932,1.3689409430592998,1.5464729886656532,1.3660153640483768,0.003692886095692113,0.026899816272667465,0.08808492069934834,0.2009398124899029,0.04034074931920686,0.12211625413615135,2.0668886592964952,3.2177330885120483,0.9854484551675785,,,0,0.5541914895474285,0.512567904397274,0.40953643458619726,0.5825343486878162,25.277261204534756,25.277261204534756,0.9976275926853292,3.8979913664506727,0.11681150553711489,0.17342770099639893,838.1472613991468,0.16523087011839543,176.96226189680152,1.0,0.054376467107755136,58.237196272405754,0.9990662931839402,0.007981020741482625,8.547673214127892,1.0,-0.0019999999999999866,-2.1419999999999857,1.0,-0.0011083829790948577,-1.1870781706105926,1.0,-0.0005125679043972737,-0.5489602256094801,1.0,-2.2157316561849435e-05,-0.023730486037740743,1.0,-0.0015855285732311315,-1.6981011019305419,1.0,0.0,0.0,0.0,0.0,0.0,0.0,0.5602240896358543,600.0,0.0009337068160597573,0.0,0.0,0.0,0.0,0.0,0.0,0.0,0.0,0.0,0.0,0.0,0.0
163840,40,train,,2,2,medium_3D_current,0,,831.9605873814098,1003,1,0,0,0,goal,65.81640625898459,21.083248414971834,-15.744566167673995,13.508564596555356,5.0,38.916751585028166,1.2473068211569884,1.2473068211569884,13.374512951671695,9.995881847747022,11.683488249770697,64.56909943782759,65.63206881656049,0.9971992174458943,0.9838041159162016,1.3087152306392935,1.465301495115142,1.2950136216097654,0.0032897134025647538,0.019649411808960515,0.03494048016369372,0.07253747447812131,0.037127695977740224,0.20266378412167452,2.925765618490013,4.195096646733871,0.9855258197405432,,,0,0.5671954006495201,0.5110776491406543,0.3966564467977194,0.5776454966704724,25.03883465741862,25.03883465741862,0.9981824722316066,1.8250763467846636,0.21004525144934535,0.3046236038208008,831.9605873814095,0.17606058326231636,176.5887650121033,1.0,0.05151487935439196,51.66942399245514,0.9920239282153539,0.007985459777852873,8.00941615718643,1.0,-0.0020000000000000005,-2.0060000000000007,1.0,-0.0011343908012990383,-1.1377939737029354,1.0,-0.0005110776491406549,-0.5126108820880769,1.0,-1.9738280431422116e-05,-0.019797495272716382,1.0,-0.0006289286433416395,-0.6308154292716643,1.0,0.0,0.0,0.0,0.0,0.0,0.0,0.5982053838484547,600.0,0.0009970089730807576,0.0,0.0,0.0,0.0,0.0,0.0,0.0,0.0,0.0,0.0,0.0,0.0
163840,40,train,,3,2,medium_3D_current,0,,830.2099605700676,1091,1,0,0,0,goal,70.0281157005681,25.88365756848674,-49.061837456886224,31.935445194376737,5.0,10.938162543113776,1.247279591618823,1.247279591618823,11.418232038547345,9.988794463921744,14.374182185151021,68.78083610894932,69.35264820359801,0.9903543385365629,0.9917550070623105,1.271359270460092,1.4041296212241574,1.2697214700094204,0.004712537513847648,0.018009184357457908,0.3189382659828155,0.46829565299855913,0.04287455749559798,0.0817586221193336,1.8989523776733808,2.9820114659687826,0.9858921849792303,,,0,0.5677969708943127,0.520553780550617,0.42669308949074103,0.5959649437835302,25.052601716285327,25.052601716285327,0.9938142795743183,12.057147862770787,0.15976075974218787,0.18507036566734314,830.2099605700677,0.16204766023988396,176.7939973217134,1.0,0.05043535043777569,55.024967327613275,0.997250229147571,0.007950514236594538,8.67401103212464,1.0,-0.0019999999999999827,-2.1819999999999813,1.0,-0.0011355939417886246,-1.2389329904913895,1.0,-0.0005205537805506174,-0.5679241745807235,1.0,-2.8275225055969503e-05,-0.030848270536062726,1.0,-0.0057408887953945545,-6.263309675775459,1.0,0.0,0.0,0.0,0.0,0.0,0.0,0.5499541704857929,600.0,0.0009165902841429881,0.0,0.0,0.0,0.0,0.0,0.0,0.0,0.0,0.0,0.0,0.0,0.0
167936,41,train,,0,3,3D_with_obstacles,6,,850.4467180333697,1514,1,0,0,0,goal,98.6403533983436,32.556348028535396,11.608090660231397,52.45115614111706,5.0,27.443651971464604,1.247222967533397,1.247222967533397,8.658948261520187,8.658948261520187,19.24685337674229,97.3931304308101,98.28819655529391,0.9964298906997264,0.9908934525624329,1.298390971668346,1.4905827435209218,1.2954770627231407,0.0059205739338645735,0.029166342894817898,0.4308649899407831,0.6199913734606111,0.03644942052414918,0.15212620613112504,2.738181836050939,4.1531075030509355,0.9902863194689843,33.37214856111602,25.583545886570555,0,0.5438036259271135,0.4907783253698627,0.4452425108796854,0.6162305673389957,25.415192841034653,25.415192841034653,0.9924526654111987,22.69700026354943,0.1727347748755149,0.23514901101589203,850.44671803337,0.11738708971845108,177.72405383373493,1.0,0.05146332132019799,77.91546847877976,0.9973579920739762,0.007939621323289566,12.020586683460403,1.0,-0.0019999999999999263,-3.027999999999888,1.0,-0.0010876072518542252,-1.6466373793072968,1.0,-0.0004907783253698619,-0.7430383846099708,1.0,-3.552344363842753e-05,-0.053782493668579276,1.0,-0.007755569818374745,-11.741932705019364,1.0,0.0,0.0,0.0,0.0,0.0,0.0,0.3963011889035667,600.0,0.0006605019815059445,0.0,0.0,0.0,0.0,0.0,0.0,0.0,0.0,0.0,0.0,0.0,0.0
167936,41,train,,1,3,3D_with_obstacles,6,,828.3608743971392,951,1,0,0,0,goal,61.826026749730076,21.213054710429006,-48.472269371984126,8.092077474082256,5.0,11.527730628015874,1.24515590856395,1.24515590856395,8.194823543116671,8.194823543116671,9.02664216954814,60.580870841166174,60.61127976701994,0.9803521745360186,0.9994982959282381,1.2746851686018938,1.4396822252628654,1.2732556126002585,0.002645143705827112,0.007449545556927006,0.039175818438023605,0.06491401081477388,0.027269943821523823,0.07704407027744731,0.3035937284564115,0.5454697992729962,0.9800067582898454,38.23289555355913,20.645950038247033,0,0.5357757055834249,0.49971214231773503,0.3892782280372395,0.5667716632318045,24.9165076367457,24.9165076367457,0.9993622442874144,0.9345646954658857,0.15222221185951704,0.20277439057826996,828.3608743971391,0.1854625226230209,176.37485901449287,1.0,0.05096198098574243,48.46484391744105,0.9978969505783386,0.007994897954299297,7.603147954538631,1.0,-0.0020000000000000013,-1.9020000000000015,1.0,-0.0010715514111668495,-1.0190453920196738,1.0,-0.0004997121423177351,-0.4752262473441661,1.0,-1.5870862217115144e-05,-0.015093189968476504,1.0,-0.0007051647318623875,-0.6706116600011305,1.0,0.0,0.0,0.0,0.0,0.0,0.0,0.6309148264984227,600.0,0.0010515247108307045,0.0,0.0,0.0,0.0,0.0,0.0,0.0,0.0,0.0,0.0,0.0,0.0
167936,41,train,,2,3,3D_with_obstacles,6,,831.801207106819,1237,1,0,0,0,goal,77.38239034039765,26.11265517895616,-39.175584021723445,50.20536653578563,5.0,20.824415978276555,1.2417603058700126,1.2417603058700126,10.783031992643629,9.977902337011168,15.836914862825981,76.14063003452745,76.98470295099804,0.9948607507774028,0.9890358358983644,1.2447001285529151,1.4259110431498585,1.2319798708372243,0.00660704434830855,0.022683362100424542,0.5187614243943681,0.6199744010612034,0.052824847734052445,0.13110360363137152,2.7582388950821235,4.239541827391314,0.9862426385937577,36.66959110391903,20.657690035824935,0,0.5416326353058412,0.49903960249002,0.4498592947964333,0.6104511875559846,25.05652472879929,25.05652472879929,0.9904902564596425,21.233616256646393,0.25856057697230994,0.2777601480484009,831.801207106819,0.14317827660838195,177.11152816456845,1.0,0.049247273928790795,60.91887784991422,0.994341147938561,0.007923922051677135,9.801891577924616,1.0,-0.001999999999999959,-2.473999999999949,1.0,-0.001083265270611683,-1.3399991397466517,1.0,-0.0004990396024900206,-0.6173119882801554,1.0,-3.964226607509883e-05,-0.049037483134897246,1.0,-0.00933770563817834,-11.550741874426606,1.0,0.0,0.0,0.0,0.0,0.0,0.0,0.4850444624090542,600.0,0.0008084074373484236,0.0,0.0,0.0,0.0,0.0,0.0,0.0,0.0,0.0,0.0,0.0,0.0
172032,42,train,,0,3,3D_with_obstacles,6,,839.1998101888614,1160,1,0,0,0,goal,84.11094576787639,23.9307671892866,5.062768467578167,40.93307457388163,5.0,36.0692328107134,1.2460636637781617,1.2460636637781617,20.199964528562617,9.976526211600527,20.50665120910224,82.86488210409829,85.47868096228221,1.0162610844750266,0.9694216285422405,1.4737703614186553,1.677532092312134,1.4459570253398657,0.006277378430108545,0.02616730823759461,0.44661150582793463,0.7456700104835474,0.06998167094871734,0.7659313021457805,3.8556346546716904,5.839859652260943,1.0,18.945788721994532,5.020881066144369,0,0.5546828646301132,0.5075951206827023,0.4748080104589462,0.6480537990043903,24.826484002569654,24.826484002569654,0.9841175930141745,17.17193772965175,0.27512727315569746,0.2951207458972931,839.1998101888616,0.15287360827280955,177.33338559645907,1.0,0.057153816132580325,66.29842671379318,0.9939655172413793,0.00787294074411341,9.132611263171555,1.0,-0.0019999999999999706,-2.319999999999966,1.0,-0.0011093657292602273,-1.2868642459418635,1.0,-0.0005075951206827023,-0.5888103399919348,1.0,-3.7664270551680794e-05,-0.04369055383994972,1.0,-0.008039007107576298,-9.325248244788504,1.0,0.0,0.0,0.0,0.0,0.0,0.0,0.5172413793103449,600.0,0.0008620689655172414,0.0,0.0,0.0,0.0,0.0,0.0,0.0,0.0,0.0,0.0,0.0,0.0
172032,42,train,,1,3,3D_with_obstacles,6,,852.8368600758865,1722,1,0,0,0,goal,98.44508212820018,49.31953175213762,-50.881007757606994,49.938191158161565,5.0,9.118992242393006,1.2320487927620731,1.2320487927620731,9.374394544172397,9.374394544172397,14.411894843819258,97.21303333543814,97.46497910342282,0.9900441646896996,0.9974150123428708,1.1319974344183845,1.286802470136312,1.1266954332270156,0.004066781176675527,0.016245723660264222,0.32562016697275586,0.38089416761769357,0.03344408797701214,0.11123773350843313,1.3565782589578768,2.195058302193093,0.9876507610179975,30.683607997864097,15.797869781381099,0,0.5595910784887944,0.5241599588200767,0.42102739736264727,0.5986630951382141,25.435614526487907,25.435614526487907,0.9961340393001853,19.344442021454427,0.3444089019686226,0.41418468952178955,852.8368600758861,0.10322141945058844,177.74728429391328,1.0,0.045165858923334475,77.77560906598197,0.9959349593495935,0.00796907231440148,13.722742525399347,1.0,-0.0019999999999999085,-3.4439999999998423,1.0,-0.0011191821569775883,-1.927231674315407,1.0,-0.0005241599588200765,-0.9026034490881717,1.0,-2.4400687059384734e-05,-0.04201798311626051,1.0,-0.005861163009807702,-10.092922702888863,1.0,0.0,0.0,0.0,0.0,0.0,0.0,0.34843205574912894,600.0,0.0005807200929152149,0.0,0.0,0.0,0.0,0.0,0.0,0.0,0.0,0.0,0.0,0.0,0.0
172032,42,train,,2,3,3D_with_obstacles,6,,830.6834946599236,937,1,0,0,0,goal,69.85008265610949,6.582549750285182,8.302691804163445,29.38943192307437,5.0,51.697308195836555,1.2313536891080439,1.2313536891080439,28.25951931545097,9.994245074241018,18.353550564542196,68.61872896700143,69.35046304829557,0.992847258173284,0.9894487498838394,1.4802660202411009,1.640685244814808,1.4783955740220796,0.004151140186775496,0.015280401787243658,0.29849190262020825,0.544525380174719,0.03602939975443053,0.27748863800503054,1.8273114337213925,2.9178991127959018,0.9894280797202256,26.917531308064316,17.29523732099016,0,0.564286389371247,0.5185160220808398,0.43511711701893885,0.609635174703827,25.165088719905437,25.165088719905437,0.9920850741946604,11.03588135853216,0.07702620542561486,0.12960311770439148,830.6834946599238,0.18871597237623014,176.82686611652764,1.0,0.05858589452892332,54.894983173601155,1.0,0.007936680593557285,7.436669716163176,1.0,-0.0020000000000000013,-1.8740000000000014,1.0,-0.0011285727787424937,-1.0574726936817165,1.0,-0.0005185160220808398,-0.4858495126897469,1.0,-2.4906841102546842e-05,-0.023337710113086392,1.0,-0.0053728542474745546,-5.034364429883658,1.0,0.0,0.0,0.0,0.0,0.0,0.0,0.6403415154749199,600.0,0.0010672358591248667,0.0,0.0,0.0,0.0,0.0,0.0,0.0,0.0,0.0,0.0,0.0,0.0
176128,43,train,,0,3,3D_with_obstacles,6,,833.5173272884255,1185,1,0,0,0,goal,67.91693707896846,11.629342278109078,3.8601147011510832,5.161436523069069,5.0,48.37065772189092,1.2385726318515415,1.2385726318515415,5.365322552002587,5.365322552002587,7.6372065065199894,66.67836444711692,67.44197103280743,0.9930066627473383,0.9886775760850902,1.138261114477763,1.3225209698326623,1.1298589955437284,0.002735134969905602,0.008992497197153781,0.08066027026113666,0.12463935264982151,0.032890399749159256,0.14985313296701452,2.561622188219645,4.033483773251803,0.9834067125122833,29.761741321995405,19.413940635165485,0,0.5488287304832604,0.5102209322946343,0.39202673605599986,0.5737752387418023,25.00582329461048,25.00582329461048,0.9988896080738083,2.4757699834509217,0.31872729389979365,0.37422311305999756,833.5173272884255,0.14912862081438724,176.7174156650489,1.0,0.04501747207482995,53.34570440867349,0.9957805907172996,0.007991116864590453,9.469473484539687,1.0,-0.0019999999999999666,-2.3699999999999606,1.0,-0.0010976574609665214,-1.300724091245328,1.0,-0.000510220932294634,-0.6046118047691413,1.0,-1.6410809820859602e-05,-0.01944680963771863,1.0,-0.0014518848642907274,-1.720483564184512,1.0,0.0,0.0,0.0,0.0,0.0,0.0,0.5063291139240507,600.0,0.0008438818565400844,0.0,0.0,0.0,0.0,0.0,0.0,0.0,0.0,0.0,0.0,0.0,0.0
176128,43,train,,1,3,3D_with_obstacles,6,,826.3454242440348,1049,1,0,0,0,goal,64.0429681432355,-7.766137279768898,11.829336715296137,29.39586859053311,5.0,48.17066328470386,1.243930871044482,1.243930871044482,28.74894348257828,9.986985575431138,19.290340104965708,62.79903727219092,62.92488360883364,0.9825416502885812,0.9980000545185759,1.19971179425803,1.3450534818478477,1.1984578658474516,0.005115947263339377,0.026911690858649973,0.2616195415796599,0.3054023656538791,0.03592976319650816,0.09240699603351077,0.7214279681843981,1.1108020422882319,0.9811674718056342,36.671518095448064,31.56517102512041,0,0.5623561727352266,0.47737215540049555,0.4158386798190207,0.5876552221872218,25.078591730294292,25.078591730294292,0.995267101182217,10.105528485567406,0.2348718307237607,0.2575988471508026,826.3454242440351,0.16825909599605296,176.50379169985956,1.0,0.04789326752410658,50.2400376327878,0.996186844613918,0.007962136809457732,8.352281513121161,1.0,-0.001999999999999991,-2.0979999999999905,1.0,-0.0011247123454704527,-1.1798232503985049,1.0,-0.0004773721554004954,-0.5007633910151197,1.0,-3.069568357387784e-05,-0.03219977206899785,1.0,-0.0047091517523839945,-4.93990018825081,1.0,0.0,0.0,0.0,0.0,0.0,0.0,0.5719733079122974,600.0,0.0009532888465204957,0.0,0.0,0.0,0.0,0.0,0.0,0.0,0.0,0.0,0.0,0.0,0.0
176128,43,train,,2,3,3D_with_obstacles,6,,842.3214792247779,1177,1,0,0,0,goal,78.78894981881407,0.9645747142604861,26.81284450426186,18.102224464966305,5.0,33.18715549573814,1.241239300450518,1.241239300450518,17.638447692117122,9.985158021016982,13.555527113994847,77.54771051836363,78.55744822171755,0.9970617504405264,0.9871465058220305,1.334875925602676,1.473535471068506,1.3242918611789625,0.003271946672208189,0.019874519700887827,0.09572070145637365,0.19253949216534627,0.030293050170363035,0.14770177552272568,2.9871525315219456,4.304889216072064,0.9892722070223517,33.552057115528015,18.612832179678154,0,0.5437858039097815,0.5039206904365294,0.4053534545200602,0.583143690833624,25.22304512824173,25.22304512824173,0.9977686849640389,4.546697350971474,0.1936045784183549,0.21182750165462494,842.3214792247779,0.1505219066665331,177.16428414650943,1.0,0.05271065152446246,62.04043684429231,0.9957519116397621,0.007982149479712314,9.394989937621395,1.0,-0.001999999999999968,-2.3539999999999623,1.0,-0.0010875716078195632,-1.2800717824036258,1.0,-0.000503920690436529,-0.5931146526437946,1.0,-1.9631680055307788e-05,-0.023106487425097265,1.0,-0.001722972626314984,-2.027938781172736,1.0,0.0,0.0,0.0,0.0,0.0,0.0,0.5097706032285472,600.0,0.0008496176720475786,0.0,0.0,0.0,0.0,0.0,0.0,0.0,0.0,0.0,0.0,0.0,0.0
180224,44,train,,0,3,3D_with_obstacles,6,,817.4416935534174,760,1,0,0,0,goal,54.6782303203642,8.867317797600435,-22.924355009525527,27.61012408798991,5.0,37.07564499047447,1.2411629698134914,1.2411629698134914,26.517518102758874,9.986381616975427,17.75075887387904,53.437067350550734,54.013240881695516,0.9878381316518026,0.9893327354230271,1.4214010758340918,1.6081126155984369,1.4187150631254815,0.004680961600941728,0.024444614780080087,0.3272043202546043,0.5216692373044918,0.028403173906369535,0.12416303100419723,1.5803995688651402,2.2469752883828793,0.983441298348576,33.92189438819585,22.250564391321383,0,0.5611899552866817,0.4895436215343101,0.4393428770335097,0.6115524735301733,24.801791077651835,24.801791077651835,0.990209265314162,9.859365214110873,0.08147195797462604,0.13466326892375946,817.4416935534173,0.23146593180211195,175.91410816960507,1.0,0.05624957265942814,42.74967522116539,0.9986842105263158,0.00792167412251329,6.0204723331101,1.0,-0.0020000000000000013,-1.5200000000000011,1.0,-0.001122379910573363,-0.8530087320357559,1.0,-0.0004895436215343102,-0.3720531523660757,1.0,-2.808576963467013e-05,-0.021345184922349297,1.0,-0.005889677764656704,-4.476155101139095,1.0,0.0,0.0,0.0,0.0,0.0,0.0,0.7894736842105263,600.0,0.0013157894736842105,0.0,0.0,0.0,0.0,0.0,0.0,0.0,0.0,0.0,0.0,0.0,0.0
180224,44,train,,1,3,3D_with_obstacles,6,,822.8308448432741,968,1,0,0,0,goal,65.48831917852033,-19.878401742104963,16.098144432434225,37.1447863062758,5.0,40.12159825789504,1.2429374436879983,1.2429374436879983,22.46099167767411,9.97024097784645,20.76780458217676,64.24538173483232,70.93782533801544,1.0832134070297303,0.905657615365372,1.4656575483061038,1.850721400491894,1.4415624769564597,0.006710641699766234,0.022578090979895826,0.5072597680643168,0.8726646259971648,0.29360707011828546,2.257789699757261,3.0778486007489967,4.726145197601452,1.0,23.482031903087076,16.92758287850624,0,0.5606078378820584,0.4953916078281381,0.5820651271742238,0.7235693620625606,23.219272295552393,23.219272295552393,0.9048947619723999,13.306724748870833,0.29972597153103053,0.3415408730506897,822.8308448432737,0.1824211619892789,176.58368480562197,1.0,0.05332438063894101,51.6180004584949,0.9359504132231405,0.007239158095779195,7.007505036714261,1.0,-0.0020000000000000013,-1.9360000000000015,1.0,-0.0011212156757641175,-1.0853367741396658,1.0,-0.0004953916078281383,-0.4795390763776379,1.0,-4.026385013749645e-05,-0.03897540693309656,1.0,-0.00913067582655686,-8.838494200107041,1.0,0.0,0.0,0.0,0.0,0.0,0.0,0.6198347107438017,600.0,0.0010330578512396695,0.0,0.0,0.0,0.0,0.0,0.0,0.0,0.0,0.0,0.0,0.0,0.0
180224,44,train,,2,3,3D_with_obstacles,6,,309.72927848448415,1317,1,0,0,0,goal,81.97223370706516,32.387623341955376,-25.33986688643016,45.56064654813408,5.0,27.612376658044624,1.2499253587278327,1.2499253587278327,13.70033499822518,9.979030530451876,19.37844117686751,80.72230834833734,88.72963873730538,1.0824352921062075,0.909755854944088,1.3474508540213441,1.6705056989557536,1.3387722501856887,0.006113520201730084,0.031241863589703822,0.4837024824645054,0.8633164784843728,0.3524963517240609,2.369823074953577,2.7111634112240846,4.250275941875848,0.9928448260316862,21.51264298572826,0.27881712387758295,0,0.5533195152276266,0.51882007044274,0.6040021739362674,0.7437641495950492,23.02148593517498,23.02148593517498,0.8440174607565955,16.494999567096027,0.1339880436511771,0.16994599997997284,309.7292784844847,0.13459022932916673,177.25533202651258,1.0,0.04930305605179087,64.93212482020857,0.9316628701594533,0.00675213968605275,8.892567966531471,1.0,-0.001999999999999948,-2.6339999999999315,1.0,-0.001106639030455252,-1.4574436031095668,1.0,-0.0005188200704427396,-0.683286032773088,1.0,-3.668112124430115e-05,-0.048309036678744616,1.0,-0.008706644679031471,-11.466651042284449,1.0,-0.38729009613813375,-510.0610566139221,0.11389521640091116,-0.011389521640091117,-15.0,0.011389521640091117,0.45558086560364464,600.0,0.0007593014426727411,0.0,0.0,0.0,0.0,0.0,0.0,0.0,0.0,0.0,0.0,0.0,0.0
184320,45,train,,0,3,3D_with_obstacles,6,,844.7674203866541,1075,1,0,0,0,goal,81.95566196347231,5.122753568664862,28.074782257168934,16.818479221316153,5.0,31.925217742831066,1.2368125556241627,1.2368125556241627,16.06380810755251,9.986365498813374,12.366889220704628,80.71884940784811,81.00738938037715,0.9884294439166655,0.9964381030578069,1.5071142210302704,1.6521443794123556,1.506711292349651,0.003851639015931854,0.02765802477086199,0.09168185887860783,0.2881302462071389,0.02042493407353597,0.11833985687203352,1.0949463721670303,1.6556814526900192,0.9876250820790773,31.530160034494415,20.879624258031903,0,0.5510510805959619,0.49571681219824526,0.4135310227787772,0.5928650820185972,25.440268827753414,25.440268827753414,0.9971286602550333,4.451590000611512,0.06899955655253211,0.09192920476198196,844.7674203866543,0.16491495518000493,177.2835768185053,1.0,0.060069841419793955,64.5750795262785,1.0,0.007977029282040252,8.575306478193271,1.0,-0.0019999999999999857,-2.149999999999985,1.0,-0.001102102161191922,-1.1847598232813161,1.0,-0.0004957168121982457,-0.5328955731131142,1.0,-2.310983411283902e-05,-0.024843071671301946,1.0,-0.0016502734588437478,-1.7740439682570288,1.0,0.0,0.0,0.0,0.0,0.0,0.0,0.5581395348837209,600.0,0.0009302325581395349,0.0,0.0,0.0,0.0,0.0,0.0,0.0,0.0,0.0,0.0,0.0,0.0
184320,45,train,,1,3,3D_with_obstacles,6,,833.7484057194558,1111,1,0,0,0,goal,76.32513239900537,3.745770149039494,14.570225337392174,40.560169116340745,5.0,45.42977466260783,1.2444040970623103,1.2444040970623103,20.582090155592176,9.985328298166284,20.910857339073225,75.08072830194295,75.93608113440919,0.9949027109109706,0.9887358839212135,1.3669861590352717,1.5318667114632094,1.3609283746702305,0.006092767439448862,0.024232170845466694,0.4057051769625961,0.6238583294409867,0.03157190102404718,0.14622500978601538,2.159387841156804,3.1275398962396985,0.9901721294599054,23.121863622250206,11.650395703805302,0,0.5664648417774069,0.49236469832345914,0.4533572387416335,0.6236172673618546,25.305956758574837,25.305956758574837,0.9901070177160747,16.702930562765598,0.14252219410172248,0.17986440658569336,833.7484057194563,0.1593746912978135,177.0652820318708,1.0,0.054063601342905936,60.064661091968496,0.9981998199819982,0.007920856141728608,8.800071173460484,1.0,-0.0019999999999999792,-2.221999999999977,1.0,-0.0011329296835548132,-1.2586848784293976,1.0,-0.0004923646983234588,-0.5470171798373626,1.0,-3.655660464263066e-05,-0.04061438775796267,1.0,-0.007302693187955737,-8.113292131818824,1.0,0.0,0.0,0.0,0.0,0.0,0.0,0.54005400540054,600.0,0.0009000900090009,0.0,0.0,0.0,0.0,0.0,0.0,0.0,0.0,0.0,0.0,0.0,0.0
184320,45,train,,2,3,3D_with_obstacles,6,,839.4434489797413,1039,1,0,0,0,goal,77.26223245301304,35.52452634769146,-52.13378315416463,20.875191490175673,5.0,7.866216845835368,1.2363410289083216,1.2363410289083216,8.54058865105555,8.54058865105555,11.627561402918033,76.02589142410483,76.79786357897602,0.9939897041634226,0.9899479996070797,1.478303437516377,1.6914934301343374,1.4755095147159811,0.0031357530852095432,0.013673790739302305,0.1610468295450381,0.415033316993068,0.04235057023296638,0.358063921988804,1.5365684782695896,2.347677745051499,0.9917920773827144,59.163082131297834,48.567628780079,0,0.5492158955943711,0.4930704075115248,0.4273125167301461,0.5960703360506614,25.263027394104526,25.263027394104526,0.9944768102008673,6.724484175569234,0.09572142992111297,0.1609163135290146,839.4434489797411,0.1704712814898847,177.1196614679902,1.0,0.058537741231264505,60.82071313928382,1.0,0.007955814481606933,8.266091246389603,1.0,-0.001999999999999993,-2.0779999999999927,1.0,-0.0010984317911887419,-1.1412706310451028,1.0,-0.0004930704075115247,-0.5123001534044742,1.0,-1.881451847654472e-05,-0.019548284697129964,1.0,-0.002898842930486758,-3.0118978047757414,1.0,0.0,0.0,0.0,0.0,0.0,0.0,0.5774783445620789,600.0,0.0009624639076034649,0.0,0.0,0.0,0.0,0.0,0.0,0.0,0.0,0.0,0.0,0.0,0.0
188416,46,train,,0,3,3D_with_obstacles,6,,838.0708021477174,1070,1,0,0,0,goal,76.90612333384928,35.047094830748094,-35.84644286784929,26.285985596699415,5.0,24.15355713215071,1.2340146638904794,1.2340146638904794,24.48146393200789,9.98884690810056,17.07842681411164,75.67210866995872,76.29806709314428,0.9920935263104418,0.99179588098318,1.4261320951989593,1.561848560280721,1.4243538910892846,0.0038609927428450773,0.020243280102279826,0.21802828593653206,0.45701452573843904,0.03476702269647994,0.2511528658696527,1.7142568534746108,2.561919220095101,0.9896604713185215,31.14922410042626,22.935428214164986,0,0.5590606367894422,0.4931741525642095,0.4291913180429245,0.6062156524892165,25.349247851719433,25.349247851719433,0.9940939894748134,9.187261351646491,0.063958248840732,0.1016392782330513,838.0708021477172,0.16552501787856005,177.11176913005926,1.0,0.056577277510249636,60.53768693596711,1.0,0.00795275191579852,8.509444549904416,1.0,-0.001999999999999987,-2.139999999999986,1.0,-0.001118121273578884,-1.196389762729406,1.0,-0.0004931741525642094,-0.5276963432437041,1.0,-2.3165956492428057e-05,-0.02478757344689802,1.0,-0.00392450914840523,-4.199224788793596,1.0,0.0,0.0,0.0,0.0,0.0,0.0,0.5607476635514018,600.0,0.0009345794392523365,0.0,0.0,0.0,0.0,0.0,0.0,0.0,0.0,0.0,0.0,0.0,0.0
188416,46,train,,1,3,3D_with_obstacles,6,,848.5912457006459,1260,1,0,0,0,goal,88.9351827569656,46.85533367010906,-38.156163241022305,29.032025931968796,5.0,13.144666329890939,1.242934540434184,1.242934540434184,14.181833181453172,9.990882562726945,17.23463358308637,87.69224821653142,88.01030280767401,0.9896005166839424,0.99638616638057,1.3969889334551422,1.536239017411031,1.3953639510083438,0.003974924504381594,0.026895444368780552,0.19699777195163318,0.2684657397906265,0.02421625106961505,0.11792804279763569,1.7867905158120743,2.630106454311702,0.9870815699244953,29.576184239627043,23.287333606940596,0,0.5818042210244115,0.4853932167647318,0.4167700160708692,0.6021611620154645,25.678567592648697,25.678567592648697,0.9968724866812154,10.325891989827158,0.09755972227643407,0.15135757625102997,848.5912457006452,0.1408606092952775,177.48436771204965,1.0,0.05567786135362834,70.1541053055717,0.9976190476190476,0.007974979893449722,10.04847466574665,1.0,-0.001999999999999956,-2.519999999999944,1.0,-0.001163608442048826,-1.4661466369815206,1.0,-0.00048539321676473147,-0.6115954531235617,1.0,-2.3849547060208777e-05,-0.03005042929586306,1.0,-0.0035459598915252256,-4.467909463321784,1.0,0.0,0.0,0.0,0.0,0.0,0.0,0.47619047619047616,600.0,0.0007936507936507937,0.0,0.0,0.0,0.0,0.0,0.0,0.0,0.0,0.0,0.0,0.0,0.0
188416,46,train,,2,3,3D_with_obstacles,6,,851.8683764293132,1078,1,0,0,0,goal,88.98713847948707,48.936508710864544,-42.59934336662883,8.499451049753022,5.0,11.063491289135456,1.2361009479333946,1.2361009479333946,8.231750108719911,8.018108954125449,8.75548555669213,87.7510375315536,87.8348503470524,0.9870510710634852,0.9990457908772252,1.6295890602421605,1.765135620020421,1.6288878169802141,0.003011747329080816,0.013974347119381836,0.02416060455320513,0.08354851704990418,0.026855084565132185,0.1247377211077283,0.6090936662702711,0.8241242922358314,0.9866799045421419,31.476398093950472,12.658237528895794,0,0.5848204093848758,0.5031424696606468,0.4060353577924903,0.5998005062645796,25.759686013050253,25.759686013050253,0.999007411159478,0.5463676506715706,0.176722182233944,0.21086078882217407,851.8683764293131,0.16465645568351556,177.49965922682978,1.0,0.06512136365978005,70.2008300252429,1.0,0.007992059289275828,8.615439913839342,1.0,-0.0019999999999999853,-2.155999999999984,1.0,-0.0011696408187697508,-1.2608728026337914,1.0,-0.0005031424696606468,-0.5423875822941773,1.0,-1.8070483976457907e-05,-0.019479981726621624,1.0,-0.0004348908812099785,-0.46881236994435677,1.0,0.0,0.0,0.0,0.0,0.0,0.0,0.5565862708719852,600.0,0.0009276437847866419,0.0,0.0,0.0,0.0,0.0,0.0,0.0,0.0,0.0,0.0,0.0,0.0
192512,47,train,,0,3,3D_with_obstacles,6,,793.6602016672492,1216,1,0,0,0,goal,57.84451215987099,-4.876439353776092,-50.87466828536564,54.65495117260523,5.0,9.125331714634363,1.2425897665547154,1.2425897665547154,4.599083858363585,4.518174956268986,10.11983151794269,56.60192239331626,75.4076839974699,1.3036272790936108,0.7506121311883202,1.240257960484699,1.7580111124917894,1.199451022865971,0.011176129796676829,0.042820633274606834,0.7711818531911964,0.8726646259971648,0.6962810685639592,2.7713622327476575,6.023037300047102,13.483882140028717,1.0,22.52434741269447,11.612124645020637,0,0.5687204242885376,0.49600642295646186,0.888031928873572,1.0140668080482436,22.999065532273647,22.999065532273647,0.8036536404814041,18.269373583123077,0.32423894477419946,0.35365453362464905,793.6602016672499,0.14484648112041446,176.13332104242397,1.0,0.03789802668254566,46.08400044597552,0.9202302631578947,0.00643283024281565,7.82232157526383,0.9794407894736842,-0.001999999999999962,-2.4319999999999538,1.0,-0.001137440848577076,-1.3831280718697243,1.0,-0.0004960064229564615,-0.6031438103150573,1.0,-6.705677883546688e-05,-0.08154104306392772,1.0,-0.013881273413786772,-16.879628471164715,1.0,0.0,0.0,0.0,-0.012335526315789474,-15.0,0.012335526315789474,0.4934210526315789,600.0,0.0008223684210526315,0.0,0.0,0.0,0.0,0.0,0.0,0.0,0.0,0.0,0.0,0.0,0.0
192512,47,train,,1,3,3D_with_obstacles,6,,854.9596278139866,1254,1,0,0,0,goal,94.80416968499033,52.36381427547235,-20.993868411353482,19.77360548526202,5.0,7.63618572452765,1.2446579426485633,1.2446579426485633,8.253228250451336,8.253228250451336,12.78839133394486,93.55951174234164,94.54366396341587,0.9972521702110777,0.9895905005177827,1.5078734284436333,1.6588389168653648,1.502787498499802,0.002967383051895824,0.009021866697551673,0.129886667806293,0.39540064272908104,0.034730094272347974,0.30390679537948184,2.347577837088793,3.503959280834059,0.9938161687977106,34.17698396826293,10.526913187160485,0,0.5629666383850553,0.5113673041438375,0.4217831141997182,0.6020021834655812,25.450738158267118,25.450738158267118,0.9958624838833556,6.201078947187969,0.12965258595309379,0.16787302494049072,854.9596278139866,0.1416561637696113,177.63682936709256,1.0,0.0596870888308401,74.84760939387348,1.0,0.007966899871066845,9.990492438317824,1.0,-0.0019999999999999562,-2.5079999999999454,1.0,-0.0011259332767701114,-1.4119203290697195,1.0,-0.0005113673041438378,-0.6412545993963726,1.0,-1.780429831244063e-05,-0.02232659008380055,1.0,-0.0023379600213296954,-2.931801866747438,1.0,0.0,0.0,0.0,0.0,0.0,0.0,0.4784688995215311,600.0,0.0007974481658692185,0.0,0.0,0.0,0.0,0.0,0.0,0.0,0.0,0.0,0.0,0.0,0.0
192512,47,train,,2,3,3D_with_obstacles,6,,819.303889864372,1109,1,0,0,0,goal,73.66791188808995,-27.181640570058356,31.384821152547758,22.917360895128,5.0,28.615178847452242,1.2385212605908227,1.2385212605908227,23.384122395185155,9.987807453867921,16.336722563759704,72.42939062749912,79.16266825118198,1.0745881920942622,0.9149437762466738,1.4276405455578374,1.8218453478479442,1.410941115202403,0.004112344807945368,0.028637731784256992,0.2517116037084698,0.6010363759078468,0.31014000134757475,2.0408229902875235,2.0856716811037903,2.973332977453779,1.0,37.075531606615044,25.667036348771074,0,0.5460824978590764,0.4620407958618597,0.5569452306942643,0.7357675766789021,22.88526718814782,22.88526718814782,0.8517697366750399,6.629908877608013,0.2647505175486892,0.3215775191783905,819.3038898643714,0.1595796213789589,176.97380010926543,1.0,0.052985716821105776,58.761159954606306,0.9008115419296664,0.006819273760869343,7.562574600804101,0.9711451758340848,-0.0019999999999999797,-2.2179999999999773,1.0,-0.0010921649957181527,-1.2112109802514315,1.0,-0.0004620407958618605,-0.5124032426108033,1.0,-2.467406884399133e-05,-0.027363542347986387,1.0,-0.004530808868434832,-5.024667035094228,1.0,0.0,0.0,0.0,-0.013525698827772768,-15.0,0.013525698827772768,0.5410279531109107,600.0,0.0009017132551848512,0.0,0.0,0.0,0.0,0.0,0.0,0.0,0.0,0.0,0.0,0.0,0.0
196608,48,train,,0,3,3D_with_obstacles,6,,824.2536956003848,995,1,0,0,0,goal,60.685726653424005,11.999317226889659,-12.390322821244581,24.71509950616393,5.0,47.60967717875542,1.2443475655395924,1.2443475655395924,24.25268241859158,9.98319931388879,16.94907385046522,59.44137908788448,60.92647223085411,1.0039670873318367,0.9756248295922569,1.2246527081578713,1.4596905299561436,1.2043296223253463,0.0028079491586934964,0.0089333645374583,0.2176761177514962,0.25383077607384585,0.03965934090900267,0.1967224225035884,3.138369222067094,4.606680679029399,0.989138326181567,19.905801211984027,7.567853084478289,0,0.5621265790855802,0.5128220620340476,0.40585406994699835,0.5676722672379496,24.590161007521598,24.590161007521598,0.9950899495688666,7.766025655698735,0.29090262772749415,0.33619070053100586,824.253695600385,0.1771951149035018,176.3091393289843,1.0,0.04779685713043105,47.5578728447789,0.9939698492462311,0.007960719596550932,7.920915998568177,1.0,-0.0020000000000000013,-1.9900000000000015,1.0,-0.001124253158171161,-1.1186318923803051,1.0,-0.0005128220620340471,-0.5102579517238769,1.0,-1.684769492163268e-05,-0.016763456447024514,1.0,-0.003918170122005248,-3.898579271395222,1.0,0.0,0.0,0.0,0.0,0.0,0.0,0.6030150753768844,600.0,0.0010050251256281408,0.0,0.0,0.0,0.0,0.0,0.0,0.0,0.0,0.0,0.0,0.0,0.0
196608,48,train,,1,3,3D_with_obstacles,6,,812.1071854849494,921,1,0,0,0,goal,54.835467868295964,-19.506517417533146,-4.506055726170558,46.42973548988981,5.0,40.493482582466854,1.2348990549020518,1.2348990549020518,14.555894678078701,9.96447302620757,20.09696203946419,53.60056881339394,54.26434448944749,0.9895847815100219,0.9877677380552776,1.1783788162746474,1.355071549678538,1.1626884382094387,0.009155244853798757,0.02896146955215606,0.6399607986093819,0.7150065809119401,0.07490162004148539,0.16847270673984482,1.5984411482566232,2.101521501507253,0.9795083411063168,25.48404696350154,18.378604028757053,0,0.5630350148711802,0.4875359343014451,0.4696271412244449,0.6253368215924624,24.73195589973758,24.73195589973758,0.9838668240950066,18.58964950505138,0.3000266939951724,0.33317330479621887,812.1071854849492,0.19103842109043911,175.94638582429442,1.0,0.046579437560079644,42.89966199283335,0.98914223669924,0.007870934592760049,7.249130759932005,1.0,-0.0020000000000000013,-1.8420000000000014,1.0,-0.0011260700297423608,-1.0371104973927143,1.0,-0.00048753593430144533,-0.44902059549163115,1.0,-5.493146915386959e-05,-0.05059188309071389,1.0,-0.011519294371482604,-10.609270116135479,1.0,0.0,0.0,0.0,0.0,0.0,0.0,0.6514657980456026,600.0,0.0010857763300760044,0.0,0.0,0.0,0.0,0.0,0.0,0.0,0.0,0.0,0.0,0.0,0.0
200704,49,train,,0,3,3D_with_obstacles,6,,838.8349541709911,1094,1,0,0,0,goal,79.1976439335778,-20.734346365587832,34.493198839293825,28.758057504924814,5.0,25.506801160706175,1.2472101170142584,1.2472101170142584,25.749361263448648,9.990855013828718,17.517133615839132,77.95043381656357,79.09508099906739,0.9987049749283398,0.9855282127782719,1.4459795429445579,1.6489374256302973,1.4421574331264229,0.00416804688374326,0.01912898249542616,0.2732880456596464,0.6067167956290476,0.03342034055178442,0.1357389218618943,2.5398611279354153,3.8480873536892855,0.9926742010016643,29.340368707425117,18.99929240158742,0,0.5689148458565366,0.4780900348182189,0.4416444570479925,0.6116698436997491,25.320603178603356,25.320603178603356,0.9910904171364656,11.199204354839148,0.0954536885513466,0.14367829263210297,838.8349541709908,0.16194273055402267,177.1653472261008,1.0,0.05700214538688376,62.360347053250834,1.0,0.007928723337091733,8.674023330778356,1.0,-0.0019999999999999823,-2.1879999999999806,1.0,-0.0011378296917130722,-1.244785682734101,1.0,-0.0004780900348182192,-0.5230304980911318,1.0,-2.500828132998078e-05,-0.027359059774998973,1.0,-0.004919184824989824,-5.381588198538868,1.0,0.0,0.0,0.0,0.0,0.0,0.0,0.5484460694698354,600.0,0.0009140767824497258,0.0,0.0,0.0,0.0,0.0,0.0,0.0,0.0,0.0,0.0,0.0,0.0
200704,49,train,,1,3,3D_with_obstacles,6,,762.1342065829082,935,1,0,0,0,goal,55.824655107443554,-23.344658376645626,5.698558860461532,37.39769025577367,5.0,36.655341623354374,1.2487394784480934,1.2487394784480934,21.812473876042496,9.973981110926424,20.923995520572436,54.575915628995446,65.21011074444455,1.1681238445439057,0.8369241365480268,1.3948686790255522,1.8802398311371076,1.373803729883911,0.006531546146570732,0.032655418872244546,0.5581421060765208,0.8726646259971648,0.445444084077311,3.0061388853684163,3.155118222746958,4.444581188191801,1.0,29.652758223058107,21.386843583695303,0,0.5694974363891079,0.4740824713219794,0.6292464064404288,0.7751028036688739,22.5976059422552,22.5976059422552,0.8401724981594403,11.989506086500246,0.28526918990089295,0.35629215836524963,762.1342065829081,0.18820704512908312,175.97358719569272,1.0,0.04777853488067762,44.67293011343357,0.8887700534759359,0.006733786330967565,6.2960902194546735,0.9614973262032086,-0.0020000000000000013,-1.8700000000000014,1.0,-0.0011389948727782162,-1.0649602060476322,1.0,-0.00047408247132197973,-0.44326711068605107,1.0,-3.9189276833449245e-05,-0.03664197383927505,1.0,-0.010046557919892922,-9.393531655099881,1.0,0.0,0.0,0.0,-0.05561497326203209,-52.0,0.05561497326203209,0.6417112299465241,600.0,0.0010695187165775401,0.0,0.0,0.0,0.0,0.0,0.0,0.0,0.0,0.0,0.0,0.0,0.0
200704,49,train,,2,3,3D_with_obstacles,6,,841.9896969946822,1392,1,0,0,0,goal,79.63010855876485,30.68789967094324,-6.1913496450754195,24.182742695607025,5.0,29.31210032905676,1.2474825790084079,1.2474825790084079,23.682733789695455,9.979765728998698,16.59545966708488,78.38262597975654,78.51989962230655,0.9860579251171184,0.9982517343602014,1.1281594773319894,1.286235689630716,1.1265597931977087,0.002931909537701205,0.008692069673711611,0.15787156288474058,0.22007473192130123,0.037256254827309446,0.13484928264901352,0.7636247837071973,1.0226682987979454,0.9847668497920229,38.23469271268452,11.431869436501641,0,0.5612425697210042,0.4821191385054517,0.4097787985235624,0.5836649150052375,25.22226241453719,25.22226241453719,0.9966616535919952,7.587283028522163,0.313466135455274,0.33831602334976196,841.9896969946824,0.1272845733527308,177.18012610700129,1.0,0.04504919041134382,62.7084730525906,0.9964080459770115,0.00797329322873596,11.098824174400457,1.0,-0.001999999999999939,-2.783999999999915,1.0,-0.0011224851394420075,-1.5624993141032746,1.0,-0.0004821191385054529,-0.6711098407995905,1.0,-1.75914572227792e-05,-0.02448730845410865,1.0,-0.002841688129276635,-3.955629875953076,1.0,0.0,0.0,0.0,0.0,0.0,0.0,0.43103448275862066,600.0,0.0007183908045977011,0.0,0.0,0.0,0.0,0.0,0.0,0.0,0.0,0.0,0.0,0.0,0.0
204800,50,train,,0,3,3D_with_obstacles,6,,816.0587748199491,773,1,0,0,0,goal,50.350728390988614,-7.141857617121829,-2.9343545184031754,19.037491559176857,5.0,52.85814238287817,1.2489447260645425,1.2489447260645425,18.688676687714487,10.000050091234918,14.229389876098125,49.10178366492419,49.23008478999108,0.977743249466117,0.9973938471645067,1.2737408742559133,1.444978403795038,1.2724530540914554,0.0038385397388786256,0.01933920321013316,0.15151887887658844,0.20790729803346775,0.04288063155040914,0.13614216815947877,0.4928867719501215,0.7145805487062803,0.9762304432925332,40.16979841852279,37.13523022522436,0,0.5690523896921778,0.4782886133417198,0.3970857321117242,0.573848963709112,24.768708596730185,24.768708596730185,0.9966992052540461,4.808101683078736,0.14371770653117058,0.1570248007774353,816.0587748199491,0.22708294722166197,175.5351182023447,1.0,0.05081704742252048,39.28157765760833,0.9974126778783958,0.007973593642032374,6.163587885291026,1.0,-0.0020000000000000013,-1.5460000000000012,1.0,-0.0011381047793843542,-0.8797549944641058,1.0,-0.00047828861334171986,-0.36971709811314946,1.0,-2.3031238448949893e-05,-0.017803147321038267,1.0,-0.0027273398258688395,-2.108233685396613,1.0,0.0,0.0,0.0,0.0,0.0,0.0,0.7761966364812419,600.0,0.00129366106080207,0.0,0.0,0.0,0.0,0.0,0.0,0.0,0.0,0.0,0.0,0.0,0.0
204800,50,train,,1,3,3D_with_obstacles,6,,810.6146617992405,868,1,0,0,0,goal,54.780523267698975,-5.78496475066877,-32.53310584520008,52.12460782073757,5.0,27.466894154799917,1.2429429769727136,1.2429429769727136,8.93465171499092,8.93465171499092,18.28359916153091,53.53758029072631,54.04641927063073,0.9865991788088467,0.990585149085335,1.245309199784118,1.4261671092776738,1.23495479166498,0.008534565601864762,0.035380687643578046,0.7493196110971118,0.8092828056716939,0.042487087433855215,0.13830841981421083,1.4671885649729735,2.3952276020593763,0.977764617692373,18.665649291888894,9.026629482898864,0,0.5934580278288882,0.4802671732478357,0.481804391000128,0.6535180967455635,25.09951629686098,25.09951629686098,0.9794022941392374,21.708097931072928,0.27149404370771024,0.3406693637371063,810.6146617992408,0.20266807492282188,175.9158890330094,1.0,0.049346469920842836,42.832735891291584,0.9919354838709677,0.007835218353113895,6.800969530502861,1.0,-0.0020000000000000013,-1.7360000000000013,1.0,-0.0011869160556577773,-1.0302431363109508,1.0,-0.00048026717324783577,-0.41687190637912147,1.0,-5.120739373567356e-05,-0.04444801776256465,1.0,-0.013487752989758541,-11.707369595110414,1.0,0.0,0.0,0.0,0.0,0.0,0.0,0.6912442396313364,600.0,0.001152073732718894,0.0,0.0,0.0,0.0,0.0,0.0,0.0,0.0,0.0,0.0,0.0,0.0
204800,50,train,,2,3,3D_with_obstacles,6,,843.9371449942528,1183,1,0,0,0,goal,89.26601863129773,-22.56513099912513,40.8541876524726,43.57153205119289,5.0,19.145812347527396,1.2497431304082225,1.2497431304082225,17.527012727643722,9.987923865662205,20.69336050313138,88.01627550088949,89.70623450888232,1.0049315056763408,0.9811611866528019,1.516588918155236,1.6744875060441784,1.5141728472831275,0.004698030738720556,0.020796559615812615,0.41703894948411385,0.7310483534911278,0.09257296221061771,2.5826013019978697,2.3776952141001297,3.430756844842788,1.0,23.58786835310808,12.71954720223811,0,0.5794976572006223,0.48835794197293886,0.46966840899907625,0.6421766328741108,25.378343955832545,25.378343955832545,0.9797924310562446,18.36680319030799,0.10100149914042887,0.1401589810848236,843.9371449942524,0.15002532709260613,177.47996195055305,1.0,0.05952072730406725,70.41302040071156,1.0,0.007838339448449954,9.272755567516295,1.0,-0.001999999999999967,-2.365999999999961,1.0,-0.001158995314401245,-1.3710914569366728,1.0,-0.0004883579419729391,-0.577727445353987,1.0,-2.8188184484277696e-05,-0.033346622244900516,1.0,-0.0075067010988951405,-8.880427399992952,1.0,0.0,0.0,0.0,0.0,0.0,0.0,0.5071851225697379,600.0,0.0008453085376162299,0.0,0.0,0.0,0.0,0.0,0.0,0.0,0.0,0.0,0.0,0.0,0.0
204800,50,train,,3,3,3D_with_obstacles,6,,840.2069773352803,1238,1,0,0,0,goal,84.78922366613374,14.402238134729998,15.632123245578441,43.684949146860134,5.0,44.36787675442156,1.2340629411787305,1.2340629411787305,17.375874327612223,9.984881586224567,20.675900298112218,83.55516072495502,84.48376611321095,0.9963974484054063,0.9890084754624743,1.3648427481940344,1.5477428595718787,1.3624302276880544,0.0053476466049068765,0.025537343536876644,0.4167902596367099,0.5854958764029901,0.050372056459560374,0.38064144500739383,2.408200690245633,3.170563508887859,0.9916335412511124,33.42493863957186,23.053698353268608,0,0.5727804041868573,0.49809517486694965,0.4463706106934486,0.6189027847376124,25.407259008097302,25.407259008097302,0.9916156431723493,18.345899903029828,0.10106118664037142,0.1648722141981125,840.2069773352803,0.14327963962228074,177.38019385238357,1.0,0.053993654867109796,66.84414472548193,0.9991922455573505,0.007932925145378791,9.820961329978944,1.0,-0.001999999999999959,-2.475999999999949,1.0,-0.001145560808373716,-1.4182042807666604,1.0,-0.0004980951748669499,-0.616641826485284,1.0,-3.208587959413862e-05,-0.03972231893754362,1.0,-0.007502224673969927,-9.28775414637477,1.0,0.0,0.0,0.0,0.0,0.0,0.0,0.48465266558966075,600.0,0.0008077544426494346,0.0,0.0,0.0,0.0,0.0,0.0,0.0,0.0,0.0,0.0,0.0,0.0
208896,51,train,,0,3,3D_with_obstacles,6,,836.7494911863672,1145,1,0,0,0,goal,73.63604474121195,32.789160218891794,-36.760467611959676,20.654138616758583,5.0,23.239532388040324,1.2332532401905751,1.2332532401905751,20.117055613756527,9.990812416700127,14.523598539914103,72.40279150102148,73.32547430104898,0.9957823584732933,0.987416613273589,1.2807943109353543,1.4952314503961228,1.2637417218956732,0.0037763313593849974,0.02363474243041086,0.15090620203248903,0.2503761325672591,0.052827402108620615,0.1967808214054294,2.6355514849494805,3.5473807003169195,0.9865216464144523,40.75259483324958,12.695951030770189,0,0.5676073326912249,0.48876265544834746,0.4111204267719427,0.5875826823659339,25.123116776347747,25.123116776347747,0.9957856265332911,6.130540076844464,0.25973073018950665,0.29803580045700073,836.7494911863669,0.15457237372317137,176.9853679130312,1.0,0.05059240277938817,57.92830118239945,0.994759825327511,0.007966285012266332,9.12139633904495,1.0,-0.001999999999999973,-2.2899999999999694,1.0,-0.001135214665382449,-1.2998207918629041,1.0,-0.0004887626554483481,-0.5596332404883585,1.0,-2.2657988163290093e-05,-0.025943396446967155,1.0,-0.002716311632585609,-3.110176819310522,1.0,0.0,0.0,0.0,0.0,0.0,0.0,0.5240174672489083,600.0,0.0008733624454148472,0.0,0.0,0.0,0.0,0.0,0.0,0.0,0.0,0.0,0.0,0.0,0.0
208896,51,train,,1,3,3D_with_obstacles,6,,838.6622658815568,1223,1,0,0,0,goal,75.3099158256825,33.815165944488555,-47.87956826811937,22.681368308153694,5.0,12.120431731880629,1.2382465409067984,1.2382465409067984,12.9601744579845,9.996187454353278,14.550781042488683,74.07166928477552,75.12727405467272,0.9975747978336276,0.9859491139112964,1.2285735740747807,1.370926196296409,1.2169582547219655,0.0027941404190445587,0.007137363440427702,0.13309924238978638,0.17581443223782767,0.035945913441383946,0.17988780747122757,3.062300521117495,4.4561479985107875,0.986891749817102,26.961128334432946,16.065988016354236,0,0.5752425017025709,0.4913641422890273,0.4046465866480903,0.5814907132714182,25.20263251924329,25.20263251924329,0.9972091882968214,6.562595139417557,0.26825208628119157,0.31256410479545593,838.6622658815567,0.1447591478635936,177.04043783717498,1.0,0.048462522465504004,59.26966497531139,0.9934587080948487,0.007977673506374567,9.756694698296096,1.0,-0.001999999999999961,-2.445999999999952,1.0,-0.0011504850034051437,-1.4070431591644907,1.0,-0.0004913641422890268,-0.6009383460194798,1.0,-1.676484252668608e-05,-0.020503402410137078,1.0,-0.002395786362740596,-2.9300467216317485,1.0,0.0,0.0,0.0,0.0,0.0,0.0,0.49059689288634506,600.0,0.0008176614881439084,0.0,0.0,0.0,0.0,0.0,0.0,0.0,0.0,0.0,0.0,0.0,0.0
208896,51,train,,2,3,3D_with_obstacles,6,,832.560871202826,948,1,0,0,0,goal,72.21293354760282,26.182413898141533,-19.953182971075073,30.80194676405042,5.0,33.81758610185847,1.2269727446279233,1.2269727446279233,29.65649545956185,9.988735241829303,19.004215164972283,70.98596080297494,71.83569717267244,0.9947760552521842,0.9881711126481444,1.5155210373981522,1.7157849198859387,1.5128663056722147,0.004581608230842717,0.013563569731490865,0.3027957859981272,0.5661986353320221,0.034714016117707094,0.08285909234704292,2.022768306603852,3.2236521088458785,0.9900771136741311,44.29725680012683,35.48669095519702,0,0.5829317183675881,0.5190392242487174,0.44137944120772277,0.6142178454793958,25.27072382475532,25.27072382475532,0.991131951369059,11.797731599078126,0.11132580102401696,0.20513740181922913,832.560871202826,0.18664727114321825,176.9416130437709,1.0,0.059903764390696175,56.78876864237997,1.0,0.007929055610952468,7.51674471918294,1.0,-0.0020000000000000013,-1.8960000000000015,1.0,-0.0011658634367351765,-1.1052385380249474,1.0,-0.0005190392242487174,-0.492049184587784,1.0,-2.748964939884808e-05,-0.02606018763010798,1.0,-0.005450324147958843,-5.166907292264984,1.0,0.0,0.0,0.0,0.0,0.0,0.0,0.6329113924050633,600.0,0.0010548523206751054,0.0,0.0,0.0,0.0,0.0,0.0,0.0,0.0,0.0,0.0,0.0,0.0
212992,52,train,,0,3,3D_with_obstacles,6,,823.2629868020097,851,1,0,0,0,goal,60.56708859491479,16.977827283594323,-27.259367831839192,26.111353476998072,5.0,32.74063216816081,1.2415447361690262,1.2415447361690262,25.287723234693868,9.989917880213367,17.205119364939794,59.32554385874574,61.64538429155203,1.0178033272137132,0.962367978406387,1.448775188990648,1.6323796710779126,1.4180889388319284,0.0034221873165171594,0.013364089222211994,0.2708010268297429,0.4197210777859177,0.05962142549764753,0.4905767873135849,3.4038622310202253,4.977272596273165,0.999725471564522,21.143446068919776,13.424721166862334,0,0.5926905088301762,0.45327271131435287,0.43948250205270273,0.6073834649544345,24.987208916026187,24.987208916026187,0.9903785824440784,8.906234112058295,0.27818782793929236,0.29757770895957947,823.2629868020096,0.20718006989033125,176.31023947667188,1.0,0.055784192801015965,47.472348073664584,0.9917743830787309,0.007923028659552635,6.7424973892792925,1.0,-0.0020000000000000013,-1.7020000000000013,1.0,-0.001185381017660354,-1.0087592460289612,1.0,-0.0004532727113143528,-0.38573507732851425,1.0,-2.0533123887336934e-05,-0.017473688428123732,1.0,-0.004874418479225192,-4.1481301258206384,1.0,0.0,0.0,0.0,0.0,0.0,0.0,0.7050528789659224,600.0,0.0011750881316098707,0.0,0.0,0.0,0.0,0.0,0.0,0.0,0.0,0.0,0.0,0.0,0.0
212992,52,train,,1,3,3D_with_obstacles,6,,841.534487836445,1502,1,0,0,0,goal,86.43323816341331,-4.3201110832760605,29.061502727642676,47.790991351158944,5.0,30.938497272357324,1.2476999514579565,1.2476999514579565,12.884767335009776,9.975157286380096,20.025480015286735,85.18553821195547,85.58380725489008,0.990172404429448,0.995346443962833,1.1395979661103914,1.2888233189357947,1.135639931244295,0.006014628892029635,0.028781764095228812,0.3837997827263858,0.4271909986078217,0.04000837286873697,0.17688181372940637,1.6352200323019779,2.4117957478548555,0.9857168546845861,36.3066456695502,28.930422459824435,0,0.6010714746694193,0.4746670827778619,0.4345092453191506,0.6137845139757057,25.510228336732908,25.510228336732908,0.9931705680662145,19.07066201404902,0.33269542217572107,0.3767126798629761,841.5344878364457,0.11811026943982467,177.40162469861664,1.0,0.045374240365632174,68.15210902917953,0.996005326231691,0.007945364544529718,11.933937545883637,1.0,-0.001999999999999927,-3.0039999999998908,1.0,-0.00120214294933884,-1.8056187099069376,1.0,-0.0004746670827778614,-0.7129499583323479,1.0,-3.6087773356217134e-05,-0.05420383558103814,1.0,-0.0069083960941503705,-10.376410933413856,1.0,0.0,0.0,0.0,0.0,0.0,0.0,0.3994673768308921,600.0,0.0006657789613848203,0.0,0.0,0.0,0.0,0.0,0.0,0.0,0.0,0.0,0.0,0.0,0.0
212992,52,train,,2,3,3D_with_obstacles,6,,859.114832083387,1394,1,0,0,0,goal,97.57789968459284,1.5858439250298204,48.13841360265435,14.866635337371877,5.0,11.861586397345647,1.2393064184017957,1.2393064184017957,12.849197989976176,9.998607882230568,11.226722911081733,96.33859326619101,97.44359499525511,0.9986236156981053,0.9886600886480237,1.3980429698028018,1.5456914714707162,1.381863575789436,0.0027102121113641263,0.005304515433647516,0.06368351145207075,0.2805369017646231,0.038357482034186346,0.1249424366999925,3.2171854221110414,5.098219398713164,0.9910938198184409,29.141232350821653,18.490188607171902,0,0.6050266536043548,0.4972567149959745,0.4192059046803964,0.6083982187287195,25.819632905950797,25.819632905950797,0.9965578259714376,3.6222425550058093,0.2212716290884928,0.28888097405433655,859.1148320833869,0.1274848466542164,177.71387623597764,1.0,0.05529121092302347,77.07594802669472,0.9956958393113343,0.0079724626077715,11.113612875233471,1.0,-0.001999999999999939,-2.7879999999999145,1.0,-0.0012100533072087086,-1.6868143102489397,1.0,-0.0004972567149959745,-0.6931758607043884,1.0,-1.626127268057415e-05,-0.022668214116720365,1.0,-0.0011463032062044012,-1.5979466694489353,1.0,0.0,0.0,0.0,0.0,0.0,0.0,0.430416068866571,600.0,0.0007173601147776184,0.0,0.0,0.0,0.0,0.0,0.0,0.0,0.0,0.0,0.0,0.0,0.0
217088,53,train,,0,3,3D_with_obstacles,6,,819.0531291364343,677,1,0,0,0,goal,52.302609402967214,-21.30414964440388,8.832472020136763,8.809283306965488,5.0,38.69585035559612,1.2497682649118265,1.2497682649118265,8.588575964810454,8.574871311712233,9.14427551216378,51.052841138055406,51.13224481452313,0.9776232084440192,0.9984470919132188,1.5105537611380562,1.6937355238596494,1.510176656493041,0.004182678401710767,0.022703704546689796,0.03287309027846285,0.0627787665257018,0.02242855584475298,0.07075318500002892,0.6707193856203775,0.9736326292550367,0.9766328619097665,20.799941379070773,12.173691082467803,0,0.594995175614854,0.47348736076749187,0.39302590128414033,0.5848937575626937,25.264242270764605,25.264242270764605,0.9988373804570392,0.44416218590312373,0.09468110880238091,0.15929627418518066,819.0531291364344,0.2595257147746003,175.69890890240438,1.0,0.06032832039947471,40.84227291044438,1.0,0.007990699043656315,5.4097032525553255,1.0,-0.0020000000000000013,-1.354000000000001,1.0,-0.001189990351229707,-0.8056234677825116,1.0,-0.000473487360767492,-0.3205509432395921,1.0,-2.509607038708576e-05,-0.01699003965205706,1.0,-0.000591715625251831,-0.4005914782954896,1.0,0.0,0.0,0.0,0.0,0.0,0.0,0.8862629246676514,600.0,0.0014771048744460858,0.0,0.0,0.0,0.0,0.0,0.0,0.0,0.0,0.0,0.0,0.0,0.0
217088,53,train,,1,3,3D_with_obstacles,6,,836.1226592778717,975,1,0,0,0,goal,73.12757245629206,-12.367266860880946,27.214697338639482,18.139924710190385,5.0,32.78530266136052,1.2453905639928529,1.2453905639928529,17.328008187919405,9.98473596603502,12.879180166844119,71.88218189229924,73.4930373106613,1.0049976341630604,0.9780815234026474,1.5075494832956142,1.713517010056724,1.4834328621018502,0.0031290131957788752,0.010994080159536068,0.13936592629869768,0.36515091227114205,0.045026433768989654,0.46603693579030514,2.7923354835291354,3.7921806495011308,0.9971320445094941,24.973572915742,19.072862570455047,0,0.611122465133667,0.4933256611304405,0.4253472135311518,0.613915676077207,25.396265870036213,25.396265870036213,0.9939305788637554,5.26074454334627,0.2549727089741291,0.3098713457584381,836.122659277871,0.18147131391475613,176.93453106688722,1.0,0.058997259235823725,57.522327754928135,0.9917948717948718,0.007951444630910057,7.752658515137306,1.0,-0.0020000000000000013,-1.9500000000000015,1.0,-0.0012222449302673355,-1.1916888070106522,1.0,-0.0004933256611304402,-0.48099251960217915,1.0,-1.8774079190569358e-05,-0.018304727210805123,1.0,-0.002508586672059474,-2.4458720052579874,1.0,0.0,0.0,0.0,0.0,0.0,0.0,0.6153846153846154,600.0,0.0010256410256410256,0.0,0.0,0.0,0.0,0.0,0.0,0.0,0.0,0.0,0.0,0.0,0.0
217088,53,train,,2,3,3D_with_obstacles,6,,818.7115472475973,938,1,0,0,0,goal,55.5647377340304,-6.675294195411439,1.0529329041309623,27.07515043734975,5.0,53.32470580458856,1.2426690852569138,1.2426690852569138,26.48639950529229,9.986181643045636,18.21815783477312,54.32206864877348,54.605577252115715,0.9827379643811897,0.9948080650803625,1.1642980224331716,1.3487094035920806,1.1587217752415246,0.003979654188048287,0.014449839793567953,0.27885684384147424,0.33867189224460503,0.026888743745551506,0.1117688267556014,1.0870307786245008,1.5640495660440796,0.9798794401728148,29.748220068818867,22.25049810030076,0,0.5891987666654498,0.507497793307522,0.4047009291361644,0.5816309863030275,24.740116867700856,24.740116867700856,0.9948834413361839,8.85699260257665,0.2659915313283518,0.335530161857605,818.7115472475972,0.18760598881542825,175.9744175088717,1.0,0.04633210091128651,43.45951065478675,0.9946695095948828,0.007959067530689484,7.465605343786736,1.0,-0.0020000000000000013,-1.8760000000000014,1.0,-0.0011783975333309006,-1.1053368862643846,1.0,-0.000507497793307522,-0.4760329301224556,1.0,-2.3877925134614764e-05,-0.022397493776268648,1.0,-0.005019423187297306,-4.708218949684873,1.0,0.0,0.0,0.0,0.0,0.0,0.0,0.6396588486140725,600.0,0.0010660980810234541,0.0,0.0,0.0,0.0,0.0,0.0,0.0,0.0,0.0,0.0,0.0,0.0
217088,53,train,,3,3,3D_with_obstacles,6,,824.5892014261537,878,1,0,0,0,goal,60.29763222504507,-2.7596237969902475,6.356741466769009,20.000567623302047,5.0,53.64325853323099,1.2379719366870974,1.2379719366870974,19.232156553205083,9.99192496305635,14.175490343766848,59.059660288357975,60.702617417315494,1.0067164360742877,0.9729343280593225,1.3827475493693737,1.5856194165911208,1.3605244285308062,0.004395299915536091,0.027581891338598563,0.1712823435508829,0.3199377206942584,0.042216463661302835,0.29580226609269333,3.1932939216060316,4.80828075579938,0.9919862671076728,25.05908475697178,19.732771655314764,0,0.5916584734033246,0.4797059777810648,0.4195377339263169,0.5921579520716618,25.045344465512443,25.045344465512443,0.9939175556847264,5.825077279535186,0.24454433112861354,0.2706783413887024,824.5892014261535,0.20080229643516867,176.3044162700781,1.0,0.05381519700136887,47.24974296720187,0.9943052391799544,0.007951340445477817,6.981276911129524,1.0,-0.0020000000000000013,-1.7560000000000013,1.0,-0.0011833169468066498,-1.0389522792962385,1.0,-0.0004797059777810649,-0.421181848491775,1.0,-2.637179944969728e-05,-0.02315443991683421,1.0,-0.0030830821805821374,-2.7069461545511166,1.0,0.0,0.0,0.0,0.0,0.0,0.0,0.683371298405467,600.0,0.0011389521640091116,0.0,0.0,0.0,0.0,0.0,0.0,0.0,0.0,0.0,0.0,0.0,0.0
221184,54,train,,0,3,3D_with_obstacles,6,,852.2029680901258,1370,1,0,0,0,goal,95.2123115377461,16.21925475991074,32.1502148171397,36.44099401387301,5.0,27.849785182860302,1.2304145834589777,1.2304145834589777,24.42636580239342,9.987412339634226,20.863475147810362,93.98189695428711,94.36656780856373,0.9911172860366163,0.9959236532258229,1.3776141285921708,1.5254621903721262,1.3769199285842917,0.004114863897182234,0.015134328642553374,0.26439737552249903,0.4105579296784083,0.033235364176974556,0.09758658635825412,1.6183739024848507,2.381449946101913,0.9886946138668352,31.75933940819185,25.711330800595686,0,0.5864092217472783,0.47784631365428365,0.43196267930478077,0.6083006752450971,25.616789588632738,25.616789588632738,0.9944189111963162,14.340024372531861,0.09658021591331838,0.15858328342437744,852.2029680901263,0.1296889683877904,177.67388669127286,1.0,0.05487994475057215,75.18552430828385,0.9992700729927008,0.007955351289570525,10.89883126671162,1.0,-0.0019999999999999415,-2.73999999999992,1.0,-0.0011728184434945568,-1.606761267587543,1.0,-0.0004778463136542835,-0.6546494497063684,1.0,-2.468918334559834e-05,-0.03382418118346973,1.0,-0.004759152757419512,-6.520039277664731,1.0,0.0,0.0,0.0,0.0,0.0,0.0,0.43795620437956206,600.0,0.00072992700729927,0.0,0.0,0.0,0.0,0.0,0.0,0.0,0.0,0.0,0.0,0.0,0.0
221184,54,train,,1,3,3D_with_obstacles,6,,836.3585260377359,904,1,0,0,0,goal,73.40161153772247,-36.08865243494469,32.6953388398984,19.374734530236456,5.0,23.91134756505531,1.2454345129730777,1.2454345129730777,18.444897920765936,9.999990851766007,13.663717455573273,72.15617702474938,73.15365279793593,0.9966218897025291,0.986364648448359,1.6184436459720373,1.771295792890646,1.6114739933542415,0.004370504686736128,0.0280776695869962,0.1334871343360466,0.3488871975506158,0.050589791441439165,0.4074680795339556,2.4886281666696823,4.086680925742152,0.9905722507089242,23.781052785570168,16.132678470092284,0,0.5988822674702758,0.458112862366262,0.4310909133503395,0.6114162659783543,25.559609108736122,25.559609108736122,0.9939764758096807,5.711017074663184,0.22299649734544544,0.25144606828689575,836.358526037736,0.19573657962060598,176.9458679770278,1.0,0.06385502391570735,57.72494161979945,1.0,0.007951811806477454,7.188437873055618,1.0,-0.0020000000000000013,-1.8080000000000014,1.0,-0.0011977645349405522,-1.0827791395862592,1.0,-0.0004581128623662624,-0.41413402757910117,1.0,-2.622302812348902e-05,-0.023705617423634074,1.0,-0.0024027684154401064,-2.172102647557856,1.0,0.0,0.0,0.0,0.0,0.0,0.0,0.6637168141592921,600.0,0.0011061946902654867,0.0,0.0,0.0,0.0,0.0,0.0,0.0,0.0,0.0,0.0,0.0,0.0
221184,54,train,,2,3,3D_with_obstacles,6,,824.0615240505183,994,1,0,0,0,goal,64.17060726315924,-5.971509279403875,7.494298300336226,36.53714914529458,5.0,52.505701699663774,1.2357416667811716,1.2357416667811716,24.45649290836738,9.989739387631165,21.00577995178849,62.9348655963781,63.23521116612615,0.9854232936709311,0.9952503428990055,1.2723382528395586,1.4261052189655992,1.27117408834226,0.005754161168768428,0.022261483861407694,0.3946329907603517,0.5159919189977678,0.029790369072945917,0.0809681579348358,1.0682232567124896,1.4558950379280036,0.9834454885474674,18.722437191607288,10.094419395966417,0,0.5789622963252486,0.4753718216495,0.43926166455210813,0.6118095768709297,25.21963341757094,25.21963341757094,0.9917439800517558,14.147860201966886,0.17215605786208896,0.20398662984371185,824.0615240505182,0.17759931264265455,176.53371676679862,1.0,0.050651958821610964,50.348047068681296,0.9979879275653923,0.007933951840414049,7.886348129371564,1.0,-0.0020000000000000013,-1.9880000000000015,1.0,-0.0011579245926504964,-1.1509770450945935,1.0,-0.00047537182164950043,-0.4725195907196034,1.0,-3.452496698657598e-05,-0.03431781718465653,1.0,-0.00710339382428009,-7.060773461334409,1.0,0.0,0.0,0.0,0.0,0.0,0.0,0.6036217303822937,600.0,0.001006036217303823,0.0,0.0,0.0,0.0,0.0,0.0,0.0,0.0,0.0,0.0,0.0,0.0
225280,55,train,,0,3,3D_with_obstacles,6,,821.7999502406481,792,1,0,0,0,goal,55.20584577923834,13.290148304829842,-25.757922564683284,7.761980300191624,5.0,34.242077435316716,1.2374979014837555,1.2374979014837555,7.45549689608597,7.386386538024831,8.496331575865014,53.96834787775462,54.09071610244643,0.9798005145822567,0.9977377222283379,1.3659271743042047,1.5313688779765444,1.3628046719873117,0.004309634450156618,0.02797092060639672,0.049739669660508495,0.08415295430299885,0.03876355513246851,0.08312411936733,0.6438847455193044,0.8394953312051481,0.9789687307742924,36.24705339009638,31.257102004120426,0,0.6183701320104489,0.4658414915032365,0.39417500011246615,0.5812023922499984,25.106343309160223,25.106343309160223,0.9978113680342732,0.9003842092855098,0.11022023850054753,0.11982125788927078,821.7999502406478,0.22217816674033056,175.9651080583418,1.0,0.05451353815583865,43.17472221942421,0.9974747474747475,0.007982490944274181,6.322132827865151,1.0,-0.0020000000000000013,-1.5840000000000012,1.0,-0.0012367402640208994,-0.9794982891045523,1.0,-0.00046584149150323605,-0.36894646127056296,1.0,-2.585780670952688e-05,-0.02047938291394529,1.0,-0.0008953140551695293,-0.7090887316942672,1.0,0.0,0.0,0.0,0.0,0.0,0.0,0.7575757575757576,600.0,0.0012626262626262627,0.0,0.0,0.0,0.0,0.0,0.0,0.0,0.0,0.0,0.0,0.0,0.0
225280,55,train,,1,3,3D_with_obstacles,6,,851.4048676082987,1328,1,0,0,0,goal,95.40933455860156,44.91440482948596,-4.925433264866754,35.73440773967835,5.0,15.08559517051404,1.2428310890089773,1.2428310890089773,15.150606017799745,9.976582541800445,18.756457729456454,94.16650346959244,97.85194816033959,1.0256014111516285,0.9623365220617983,1.4736739180774052,1.6772758664332297,1.438789955727788,0.00466358814179344,0.028562487820781524,0.30072414992359436,0.4917929980733078,0.044033913717596136,0.2673449457713932,5.807432902960084,8.752066685794928,1.0,22.988748227212664,15.26292597703361,0,0.6002882300847678,0.5030806230602741,0.43944351173129426,0.6089987107608692,25.334703354054806,25.334703354054806,0.9920139060386629,14.468559333564656,0.3153118601585009,0.32052841782569885,851.4048676082983,0.1337765550491562,177.65526510527943,1.0,0.0567429012974774,75.35457292304999,0.9932228915662651,0.007936111248309279,10.539155737754722,1.0,-0.0019999999999999467,-2.655999999999929,1.0,-0.0012005764601695354,-1.594365539105143,1.0,-0.0005030806230602739,-0.6680910674240437,1.0,-2.7981528835273673e-05,-0.037159470293243436,1.0,-0.005413034699520613,-7.188510080963374,1.0,0.0,0.0,0.0,0.0,0.0,0.0,0.45180722891566266,600.0,0.0007530120481927711,0.0,0.0,0.0,0.0,0.0,0.0,0.0,0.0,0.0,0.0,0.0,0.0
225280,55,train,,2,3,3D_with_obstacles,6,,836.7503182147532,1864,1,0,0,0,goal,92.30781527341337,-24.63303582497163,45.781660827706446,40.43182278856026,5.0,14.218339172293554,1.2407893256330216,1.2407893256330216,14.945919775110184,9.987482467605775,17.48078383666224,91.0670259477804,114.50315407889474,1.2404491834168032,0.7953232963786616,1.2285746145804184,1.6835571697721294,1.2189620563254475,0.0037191022736444944,0.017015210907259437,0.38723281705545515,0.7533657247206298,0.5939668299181179,2.7602627899997043,3.066640121384068,5.061821708720748,0.9939013967409671,29.337619391810538,16.262946434464773,0,0.5983174087601122,0.4660505717667719,0.6712563878221062,0.7937884635327968,21.759801288857986,21.759801288857986,0.6873925178856359,11.69378885851144,0.12134474337444733,0.1760159134864807,836.7503182147537,0.09526848929085224,177.5804640381486,1.0,0.04089998315411285,76.23756859926635,0.8283261802575107,0.005790537045808456,10.793561053386963,0.8546137339055794,-0.0019999999999998986,-3.727999999999811,1.0,-0.0011966348175202258,-2.230527299857701,1.0,-0.0004660505717667708,-0.8687182657732607,1.0,-2.2314613623793193e-05,-0.04159443979475051,1.0,-0.006970190703123655,-12.992435470622492,1.0,0.0,0.0,0.0,-0.004291845493562232,-8.0,0.004291845493562232,0.3218884120171674,600.0,0.000536480686695279,0.0,0.0,0.0,0.0,0.0,0.0,0.0,0.0,0.0,0.0,0.0,0.0
229376,56,train,,0,3,3D_with_obstacles,6,,133.0257595584302,2400,0,0,0,1,timeout,93.96977790104428,-10.831154271516588,44.09537045416248,40.12418074930341,5.0,15.904629545837523,4.491637248679897,1.2705240696074636,16.8712401900114,9.990778983148015,17.767127120133758,89.47814065236449,136.75811144281207,1.4553414352732261,0.654280318062021,1.1396509286900947,1.657276715377284,1.1361706376030871,0.0040795274409198955,0.024491952681734208,0.2699695743853735,0.6613879630929329,0.8133573930405156,2.3446354947419303,2.7424952966239853,5.828370566888499,1.0,34.51744881877053,17.8154247167359,0,0.5793428845439728,0.48850439639796,0.6513867518802484,0.7391184105041126,20.564839137530978,20.564839137530978,0.51296677287791,9.290709841932086,0.07414007916716704,0.1303008794784546,133.0257595584303,0.07141509428695528,171.39622628869267,1.0,0.032104467773122244,77.05072265549339,0.74625,0.004577748198990518,10.986595677577244,0.7595833333333334,-0.001999999999999872,-4.799999999999693,1.0,-0.0011586857690879448,-2.7808458458110676,1.0,-0.0004885043963979598,-1.1724105513551035,1.0,-2.447716463756706e-05,-0.058745195130160945,1.0,-0.004859452346533951,-11.662685631681482,1.0,0.0,0.0,0.0,-0.0125,-30.0,0.0125,0.0,0.0,0.0,0.0,0.0,0.0,0.0,0.0,0.0,-0.016666666666666666,-40.0,0.0004166666666666667,-0.014972124099731445,-35.93309783935547,0.0004166666666666667
229376,56,train,,1,3,3D_with_obstacles,6,,854.0185690922679,1372,1,0,0,0,goal,94.03795032882302,38.121259082677625,10.703434014759736,23.01409852791374,5.0,21.878740917322375,1.2351143839264005,1.2351143839264005,22.144905523970454,9.995080037585993,15.020994387123391,92.80283594489671,93.65004030351557,0.9958749629915259,0.990953507805515,1.36516093736903,1.524282198613133,1.3622548317914496,0.0038020442492423677,0.02116157278706554,0.15071040276947364,0.3802238802047295,0.036289082839265775,0.12483836960425654,2.7068065690016616,4.101692906009382,0.9907346960627179,23.588556802263657,14.746209682124782,0,0.5893054574608542,0.4868128586106706,0.4262944448293993,0.5984974552391222,25.493958504133705,25.493958504133705,0.9951141951555804,7.9931041407903765,0.11895900150169089,0.15926381945610046,854.0185690922681,0.12947218791850226,177.6358418241851,1.0,0.05411265146829675,74.24255781450314,0.9978134110787172,0.007960913561244638,10.922373406027644,1.0,-0.001999999999999941,-2.7439999999999194,1.0,-0.001178610914921708,-1.6170541752725833,1.0,-0.00048681285861067137,-0.6679072420138411,1.0,-2.2812265514946968e-05,-0.03129842828650724,1.0,-0.002712787249908885,-3.7219441068749903,1.0,0.0,0.0,0.0,0.0,0.0,0.0,0.43731778425655976,600.0,0.0007288629737609329,0.0,0.0,0.0,0.0,0.0,0.0,0.0,0.0,0.0,0.0,0.0,0.0
233472,57,train,,0,3,3D_with_obstacles,6,,825.2538794546463,1180,1,0,0,0,goal,86.6194592975936,34.574428026599435,-11.012054266565492,43.18560554922074,5.0,25.425571973400565,1.24804252986971,1.24804252986971,16.5998774130791,9.981397855776832,20.090528354403148,85.37141676772379,91.21526679098561,1.0530574484147086,0.9359334217960185,1.5460214710336597,1.8774854454254857,1.5264011004611395,0.004599414012203646,0.023983211856508646,0.47341288332990694,0.8726646259971648,0.2101120383683504,1.806754448491004,3.692902991162632,5.573143467966438,1.0,34.14762959459609,18.682557582362467,0,0.5746435777280259,0.488472015697951,0.5457444790056196,0.685999848794634,24.019694863876687,24.019694863876687,0.9441959081444437,17.18181064678674,0.30327549329248527,0.35604968667030334,825.2538794546462,0.15034449066750957,177.4064989876613,1.0,0.057893712214272836,68.31458041284195,0.9754237288135593,0.007553567265155563,8.913209372883564,1.0,-0.0019999999999999675,-2.3599999999999617,1.0,-0.0011492871554560522,-1.3561588434381417,1.0,-0.0004884720156979509,-0.576396978523582,1.0,-2.759648407357081e-05,-0.03256385120681356,1.0,-0.008521431903027264,-10.055289645572172,1.0,0.0,0.0,0.0,-0.012711864406779662,-15.0,0.012711864406779662,0.5084745762711864,600.0,0.000847457627118644,0.0,0.0,0.0,0.0,0.0,0.0,0.0,0.0,0.0,0.0,0.0,0.0
233472,57,train,,1,3,3D_with_obstacles,6,,840.0069114265038,1062,1,0,0,0,goal,76.95585941298631,24.134734807833226,1.8015215268881235,17.846839310023444,5.0,35.865265192166774,1.2379692350271871,1.2379692350271871,17.126476570082847,9.988353144450349,12.753841208708645,75.71789017795918,77.50157446452859,1.0070912735651962,0.9769851864443627,1.4595400087481827,1.6835746363499047,1.4440736958840439,0.0032853616486232784,0.016030295515081505,0.11455155469473204,0.31073540173466796,0.056724005817387825,0.2995522637908734,3.3522571105476966,4.546857788164662,0.9961612344341292,26.15684803277504,14.120625431924244,0,0.5900937733810444,0.49872819967471455,0.4256682620715287,0.5925583808968745,25.18085583426784,25.18085583426784,0.9940469030303978,5.09299810131481,0.20439890880144698,0.25737568736076355,840.0069114265041,0.16676495858823462,177.10438602070516,1.0,0.05703843058769263,60.574813284129576,0.9971751412429378,0.007952375224243182,8.44542248814626,1.0,-0.0019999999999999883,-2.1239999999999877,1.0,-0.001180187546762088,-1.2533591746613375,1.0,-0.0004987281996747141,-0.5296493480545463,1.0,-1.9712169872116262e-05,-0.02093432440418747,1.0,-0.002061927984328545,-2.189767519356915,1.0,0.0,0.0,0.0,0.0,0.0,0.0,0.5649717514124294,600.0,0.0009416195856873823,0.0,0.0,0.0,0.0,0.0,0.0,0.0,0.0,0.0,0.0,0.0,0.0
233472,57,train,,2,3,3D_with_obstacles,6,,843.7791649512159,1172,1,0,0,0,goal,79.31465957931462,9.246340058147467,22.136571317868288,12.158638441085607,5.0,37.86342868213171,1.2419105291748316,1.2419105291748316,11.646837596953663,9.493957586669374,10.028887679372298,78.07274905013985,79.32736272857252,1.0001601614294922,0.9841843515871624,1.3537092615797364,1.5944460276900156,1.3289272432821289,0.0032082150251598316,0.018249343983215205,0.04426892277898613,0.18149479757542242,0.04376334601811543,0.1317951420029857,3.0682534646116535,5.03414183945735,0.9898639111893185,34.97002428137816,27.283213064232967,0,0.5828850246141839,0.46247891280657066,0.4102713942476914,0.5850027083028299,25.254723697268677,25.254723697268677,0.9966156205812183,2.129750761713312,0.2752442964743632,0.34841838479042053,843.7791649512164,0.1511788023829042,177.18155639276372,1.0,0.053295311985954955,62.462105647539204,0.9957337883959044,0.007972924964649764,9.344268058569524,1.0,-0.001999999999999969,-2.3439999999999634,1.0,-0.0011657700492283696,-1.3662824976956491,1.0,-0.0004624789128065704,-0.5420252858093005,1.0,-1.9249290169822027e-05,-0.022560168079031415,1.0,-0.0007968406109829602,-0.9338971960720294,1.0,0.0,0.0,0.0,0.0,0.0,0.0,0.5119453924914675,600.0,0.0008532423208191126,0.0,0.0,0.0,0.0,0.0,0.0,0.0,0.0,0.0,0.0,0.0,0.0
237568,58,train,,0,3,3D_with_obstacles,6,,822.4183001208407,808,1,0,0,0,goal,59.68991588840357,-18.536529313312137,14.03863417092441,23.491905046633878,5.0,41.46347068668786,1.2491499779240574,1.2491499779240574,22.679982663314018,9.989345975808384,15.729775193109468,58.44076591047949,61.75490507578641,1.0345952772197493,0.946333993044929,1.5285867593016431,1.8156345264916636,1.4953059317340436,0.004961694404986691,0.029877743837903648,0.2655811677511177,0.5208950253617202,0.11684947737864328,0.967583100480204,3.2855555120652404,5.3458523820483865,1.0,23.374077667683494,17.0786617147281,0,0.6060593517457993,0.4872991218984284,0.5036185303020595,0.6415755531317232,24.35672023372811,24.35672023372811,0.9755593264648388,7.762129853524412,0.32901128337229835,0.35945290327072144,822.4183001208404,0.21811025046760166,176.23308237782214,1.0,0.0578650973359005,46.754998647407604,0.9938118811881188,0.007804474611718723,6.306015486268728,1.0,-0.0020000000000000013,-1.6160000000000012,1.0,-0.0012121187034915993,-0.9793919124212123,1.0,-0.0004872991218984281,-0.3937376904939299,1.0,-2.9770166474067358e-05,-0.024054294511046424,1.0,-0.004780461006475113,-3.8626124932318913,1.0,0.0,0.0,0.0,0.0,0.0,0.0,0.7425742574257426,600.0,0.0012376237623762376,0.0,0.0,0.0,0.0,0.0,0.0,0.0,0.0,0.0,0.0,0.0,0.0
237568,58,train,,1,3,3D_with_obstacles,6,,842.0883164664,1092,1,0,0,0,goal,77.66867853115356,34.97482289101839,-19.802438279751975,11.805009083874907,5.0,25.02517710898161,1.240882827127979,1.240882827127979,11.183413331110204,9.311706719523492,9.769861878277185,76.42779570402563,76.96822908283193,0.9909815711871462,0.9929784875493921,1.4096745253265925,1.5591135889027627,1.4075557941260752,0.0034488669818655477,0.02182723230608552,0.04635706433031764,0.21980754014620896,0.03828299112157444,0.14752083418443274,1.936216195865417,2.9150071481258952,0.9877820656255953,38.50153791005118,16.724159542795235,0,0.5740903399615197,0.4710083554985834,0.4130894352200922,0.5847435977050673,25.35753082366994,25.35753082366994,0.9967739295416715,2.0351472055977053,0.07926202807643692,0.10262157768011093,842.0883164663994,0.16220165633187883,177.12420871441168,1.0,0.055991059123828284,61.142236563220486,1.0,0.007974191436333381,8.707817048476052,1.0,-0.0019999999999999827,-2.183999999999981,1.0,-0.0011481806799230397,-1.2538133024759592,1.0,-0.0004710083554985837,-0.5143411242044534,1.0,-2.069320187637367e-05,-0.022596976449000047,1.0,-0.0008344271580397334,-0.9111944565793889,1.0,0.0,0.0,0.0,0.0,0.0,0.0,0.5494505494505495,600.0,0.0009157509157509158,0.0,0.0,0.0,0.0,0.0,0.0,0.0,0.0,0.0,0.0,0.0,0.0
237568,58,train,,2,3,3D_with_obstacles,6,,853.7319107492312,1249,1,0,0,0,goal,92.13189588884838,51.39371939992782,-29.397643595896838,14.802534018747405,5.0,8.606280600072182,1.2496258400343312,1.2496258400343312,8.787006979274892,8.787006979274892,10.321899449652829,90.88227004881405,92.41342792034862,1.0030557498983836,0.9834314351713662,1.479798685674116,1.6204860328974593,1.4625442390415186,0.002875231366621996,0.009909555926422176,0.08285637472592909,0.3885227649092009,0.04543369772789657,0.4939815995559491,3.37151810395795,5.058157399000694,0.996505676942918,31.746356020045447,11.059200099999257,0,0.5898303002394211,0.4824014301471926,0.4366219555787605,0.6087621094657479,25.404035139867503,25.404035139867503,0.9933020825933662,4.246865905556214,0.2178996251381522,0.27297669649124146,853.7319107492307,0.1421605924918353,177.5585800223023,1.0,0.05821176604826998,72.70649579428921,0.9975980784627703,0.007946416660746929,9.925074409272915,1.0,-0.001999999999999957,-2.4979999999999465,1.0,-0.001179660600478843,-1.473396089998075,1.0,-0.00048240143014719264,-0.6025193862538436,1.0,-1.7251388200977967e-05,-0.02154698386302148,1.0,-0.0014914147450110808,-1.8627770165188398,1.0,0.0,0.0,0.0,0.0,0.0,0.0,0.4803843074459568,600.0,0.0008006405124099279,0.0,0.0,0.0,0.0,0.0,0.0,0.0,0.0,0.0,0.0,0.0,0.0
237568,58,train,,3,3,3D_with_obstacles,6,,809.4105887536036,879,1,0,0,0,goal,56.92792899818819,4.609118998676365,-15.977913982544706,35.956790740664886,5.0,44.022086017455294,1.249965395578314,1.249965395578314,24.8577879767034,9.982989174332223,20.922295619603997,55.6779636026099,57.05880799443835,1.0022990296424505,0.9757996277811646,1.2982663935025787,1.5127617287402269,1.277895067519573,0.00619977504593302,0.028059721628771683,0.42544794750289955,0.5148544777731945,0.03800917904676634,0.1945402179995046,2.9905654544648357,4.278658417089945,0.9861754391057117,9.716569037607051,4.799971085348414,0,0.5884415831001512,0.4868535399558796,0.4459658435994041,0.6013647562848559,24.87228609088963,24.87228609088963,0.9895112693769877,13.680659230509022,0.2586621525480207,0.2691211402416229,809.4105887536035,0.20028184710932265,176.0477436090946,1.0,0.050682686741068836,44.55008164539951,0.9920364050056882,0.007916090155015905,6.958243246258981,1.0,-0.0020000000000000013,-1.7580000000000013,1.0,-0.0011768831662003019,-1.0344803030900653,1.0,-0.00048685353995587936,-0.42794426162121796,1.0,-3.7198650369754855e-05,-0.03269761367501452,1.0,-0.007658063055330782,-6.731437425635757,1.0,-0.009284323257255337,-8.160920143127441,0.055745164960182024,0.0,0.0,0.0,0.6825938566552902,600.0,0.0011376564277588168,0.0,0.0,0.0,0.0,0.0,0.0,0.0,0.0,0.0,0.0,0.0,0.0
241664,59,train,,0,3,3D_with_obstacles,6,,859.202520334288,1126,1,0,0,0,goal,98.20729284633765,45.91264837405306,7.475244796662935,13.128953348896173,5.0,14.087351625946937,1.2277355946502655,1.2277355946502655,12.208374775086353,9.632277422286153,10.135965821824005,96.97955725168731,97.80285109604002,0.9958817544137943,0.9915821079331912,1.7371731988639458,1.8806503813743727,1.7344406285747496,0.0026632143811943522,0.00431137894702438,0.05006185757202976,0.3267617701825132,0.03281919684246194,0.41509347752413106,2.055710971718803,3.175459506780472,0.9936532343928376,31.638982514238858,22.492448454432143,0,0.5674078221189696,0.47633084926367975,0.42793060799475036,0.6006696088699423,25.63794656208932,25.63794656208932,0.9955505248757217,2.9929875270721724,0.29818149792364607,0.32658231258392334,859.2025203342882,0.15785944518018685,177.7497352728904,1.0,0.06890201002834853,77.58366329192044,0.9991119005328597,0.007964404199005768,8.967919128080494,1.0,-0.0019999999999999766,-2.2519999999999736,1.0,-0.0011348156442379388,-1.277802415411919,1.0,-0.00047633084926367936,-0.536348536270903,1.0,-1.5979286287574296e-05,-0.017992676359808658,1.0,-0.0009011134374426838,-1.014653730560462,1.0,0.0,0.0,0.0,0.0,0.0,0.0,0.5328596802841918,600.0,0.0008880994671403197,0.0,0.0,0.0,0.0,0.0,0.0,0.0,0.0,0.0,0.0,0.0,0.0
241664,59,train,,1,3,3D_with_obstacles,6,,858.710013585254,1444,1,0,0,0,goal,98.87178564788564,-13.34087292593469,54.51104831138794,21.51445560731285,5.0,5.488951688612062,1.2302984560055954,1.2302984560055954,6.259610819468186,6.259610819468186,12.820569848165869,97.64148719188006,98.3670478149413,0.9948950266283055,0.992623946339975,1.3624244849714844,1.5141040599466298,1.3570564668326588,0.003424448932805483,0.01979881405038375,0.12890842721249257,0.4004552602407836,0.02985140691572445,0.11914046819235535,2.3533773151073354,3.3862049008325243,0.9918319648756018,26.87327256638685,12.726871170738645,0,0.5759040362271287,0.5014685120232342,0.4299945413674179,0.5990280884413508,25.505619466263727,25.505619466263727,0.9947805601052129,7.43022046747832,0.147847440640682,0.18731625378131866,858.7100135852536,0.12310262669989214,177.76019295464425,1.0,0.054095363058275316,78.11370425614956,0.9979224376731302,0.007958244480841703,11.49170503033542,1.0,-0.0019999999999999333,-2.8879999999999035,1.0,-0.0011518080724542588,-1.6632108566239496,1.0,-0.000501468512023234,-0.7241205313615499,1.0,-2.054669360106431e-05,-0.02966942555993686,1.0,-0.002320351691364498,-3.3505878423303357,1.0,0.0,0.0,0.0,0.0,0.0,0.0,0.4155124653739612,600.0,0.0006925207756232687,0.0,0.0,0.0,0.0,0.0,0.0,0.0,0.0,0.0,0.0,0.0,0.0
241664,59,train,,2,3,3D_with_obstacles,6,,840.2063173254905,1368,1,0,0,0,goal,88.03988826503557,-15.53023197803956,31.74905784179687,54.769689271714604,5.0,28.25094215820313,1.2343438376176423,1.2343438376176423,6.100484423659111,6.100484423659111,18.06394144403919,86.80554442741784,89.86142666011601,1.0206899217045446,0.9659933928685955,1.3137635476625145,1.523895832110896,1.2832532822185223,0.005668312656568882,0.029881057854842297,0.5099887562212759,0.654809808837415,0.038030745311541214,0.22593621879668468,5.714352170472055,8.473602532801213,0.993065534740803,24.389925286514643,16.076605412220623,0,0.582284842522499,0.45346383546320423,0.46040849821173657,0.6084614726524168,25.276886953912342,25.276886953912342,0.9889344173404331,23.653030851366765,0.31972264200013284,0.3464372456073761,840.20631732549,0.12973417375449378,177.47634969614748,1.0,0.05077560515657234,69.46102785419096,0.993421052631579,0.007911475338723465,10.8228982633737,1.0,-0.001999999999999942,-2.7359999999999203,1.0,-0.0011645696850449982,-1.5931313291415576,1.0,-0.00045346383546320484,-0.6203385269136642,1.0,-3.4009875905563614e-05,-0.046525510238811026,1.0,-0.00917979760374872,-12.557963121928248,1.0,0.0,0.0,0.0,0.0,0.0,0.0,0.43859649122807015,600.0,0.0007309941520467836,0.0,0.0,0.0,0.0,0.0,0.0,0.0,0.0,0.0,0.0,0.0,0.0
245760,60,train,,0,3,3D_with_obstacles,6,,857.4407125262776,1439,1,0,0,0,goal,96.57253251591918,19.85528217365902,35.29285777603873,18.63624920709958,5.0,24.70714222396127,1.232295462243572,1.232295462243572,17.811201075358298,9.98366233696322,12.736040672536566,95.34023705367545,95.95456744142,0.9936010265196544,0.9935976951996638,1.3336284564478131,1.4648367125576918,1.3319827109347429,0.0027994839501161,0.008785632679411126,0.1033747901200248,0.32684406861234416,0.028566241026058602,0.09028619317379283,2.342001920155408,3.742114981793042,0.9897966787763117,21.477576601385273,6.782741848136191,0,0.5973318249174563,0.487420193278221,0.4231381260060535,0.5989654785523073,25.635464921712245,25.635464921712245,0.9959699066430807,5.9002085345630295,0.13924316149606233,0.1632099747657776,857.4407125262778,0.12349071868077209,177.70314418163105,1.0,0.05300365947706063,76.27226598749024,0.9986101459346769,0.007967759253144645,11.465605565275144,1.0,-0.0019999999999999337,-2.8779999999999046,1.0,-0.0011946636498349115,-1.7191209921124375,1.0,-0.0004874201932782223,-0.7013976581273619,1.0,-1.679690372356454e-05,-0.02417074445820937,1.0,-0.0018607462219741176,-2.677613813420755,1.0,0.0,0.0,0.0,0.0,0.0,0.0,0.41695621959694235,600.0,0.0006949270326615705,0.0,0.0,0.0,0.0,0.0,0.0,0.0,0.0,0.0,0.0,0.0,0.0
245760,60,train,,1,3,3D_with_obstacles,6,,844.6292258099078,1242,1,0,0,0,goal,87.86328926910926,-25.161623977990082,41.45012966307091,39.42204235068578,5.0,18.54987033692909,1.2338639235096316,1.2338639235096316,19.056349467338237,9.983975506239338,20.607422286153387,86.62942534559969,87.25935745707321,0.9931264602422711,0.9927809219568976,1.405142632158989,1.5514637886108813,1.4047024972200794,0.0045742431966998435,0.02238397672860204,0.3296040915074636,0.5246793249589756,0.0370104938328781,0.09897579933132761,2.063260414000795,2.9953592217678926,0.9899085651475528,28.751710899614555,12.791813680629426,0,0.6066099634531273,0.4849917967211389,0.45064006066744644,0.6175112526941798,25.619356598989416,25.619356598989416,0.991273734212628,16.36204518547345,0.06375400330901337,0.10323289781808853,844.6292258099078,0.14289231924914664,177.47226050744013,1.0,0.055799971635044,69.30356477072465,0.999194847020934,0.007930189873701017,9.849295823136663,1.0,-0.001999999999999958,-2.483999999999948,1.0,-0.0012132199269062557,-1.5068191492175695,1.0,-0.00048499179672113925,-0.6023598115276549,1.0,-2.7445459165936957e-05,-0.0340872602840937,1.0,-0.005932873647636389,-7.3686290703643955,1.0,0.0,0.0,0.0,0.0,0.0,0.0,0.4830917874396135,600.0,0.0008051529790660225,0.0,0.0,0.0,0.0,0.0,0.0,0.0,0.0,0.0,0.0,0.0,0.0
245760,60,train,,2,3,3D_with_obstacles,6,,821.1683490532175,903,1,0,0,0,goal,62.857102172741605,17.30801706269125,-33.1163684474955,34.88819178940348,5.0,26.883631552504497,1.2484145143923828,1.2484145143923828,25.90060866007419,9.971462567722824,20.145488958934134,61.608687658349226,65.10948936371162,1.035833455776884,0.9462320816892547,1.4420706392848655,1.7257109085186404,1.4259803805741713,0.007097040542252079,0.03211085471809172,0.4945956754372069,0.8564570794938109,0.19880586240135817,1.4971413427145697,3.2777794189947276,5.140814186813165,1.0,34.095193915734505,13.229092143265254,0,0.617145644482287,0.48353973364432734,0.5657956109424498,0.6876443303700698,24.225804989527386,24.225804989527386,0.9539298189298735,13.641570094447983,0.2077035267454709,0.21877501904964447,821.1683490532176,0.19537651438069115,176.4249924857641,1.0,0.054581371924587105,49.286978847902155,0.9988925802879292,0.007631438551438988,6.891189011949407,1.0,-0.0020000000000000013,-1.8060000000000014,1.0,-0.0012342912889645751,-1.1145650339350113,1.0,-0.0004835397336443274,-0.4366363794808277,1.0,-4.258224327273888e-05,-0.03845176567528321,1.0,-0.008902722163130516,-8.039158113306856,1.0,0.0,0.0,0.0,0.0,0.0,0.0,0.6644518272425249,600.0,0.0011074197120708748,0.0,0.0,0.0,0.0,0.0,0.0,0.0,0.0,0.0,0.0,0.0,0.0
249856,61,train,,0,4,strong_current_moving_obstacles,12,,-274.77917230082824,240,0,1,0,0,collision,73.7847923289973,8.62715755165101,15.221261389523022,15.496127548569184,8.0,44.77873861047698,47.872230085825805,47.872230085825805,11.211395710796904,9.979255192823855,10.382087986494689,25.912562243171493,26.09776603956689,0.3537011519013317,0.9929034616942075,2.1748138366305736,2.4958236635202686,2.1485785417918835,0.0047170794563261955,0.01579108897664261,0.131622209994211,0.4450997804165455,0.08697658078213473,0.4188705312636656,1.1239291858425942,1.7543435642637233,0.35143829627971207,7.589297889561562,-0.02401016122959465,1,0.576680090969118,0.45920222970307806,0.5605685544510682,0.6740596788624923,25.55169388651843,25.55169388651843,0.9872494568106859,5.1140395620745,0.8973267771303653,0.9112247824668884,-274.77917230082824,0.2633933235960458,63.21439766305098,1.0,0.08640979499732687,20.73835079935845,0.975,0.007897995654485493,1.8955189570765183,1.0,-0.0020000000000000013,-0.48000000000000037,1.0,-0.0011533601819382353,-0.2768064436651765,1.0,-0.00045920222970307804,-0.11020853512873872,1.0,-2.8302476771841626e-05,-0.00679259442524199,1.0,-0.0023691997717710358,-0.5686079452250485,1.0,-0.8299376008411249,-199.18502420186996,0.23333333333333334,0.0,0.0,0.0,0.0,0.0,0.0,-0.6666666666666666,-160.0,0.004166666666666667,0.0,0.0,0.0,0.0,0.0,0.0,0.0,0.0,0.0
249856,61,train,,1,4,strong_current_moving_obstacles,12,,378.27482618155864,1701,1,0,0,0,goal,107.92572895244834,39.505778279912406,32.067581232439636,21.535073702775726,8.0,20.494221720087594,1.2493281621295158,1.2493281621295158,19.588158888242056,9.995736640005493,16.068951961316714,106.67640079031894,122.96479887266395,1.1393464752676516,0.8675360897453868,1.4457942254281508,2.4582857331427057,1.3874893248298896,0.00400061004140099,0.02039722064758198,0.1580561018781224,0.8678574975911078,0.2216564470930523,2.128602571219163,2.1255769029386453,5.557399930567188,1.0,12.204335488249422,2.8352071046515266,0,0.6004562974578401,0.48486987912872664,0.5570463419381063,0.6679009743941524,23.700533154886397,23.700533154886397,0.9303009827938923,4.39345788780512,0.86494014832218,0.9842481017112732,378.2748261815587,0.10459515195967058,177.91635348339966,1.0,0.051896800301921606,88.27645731356866,0.9206349206349206,0.0074583704581229725,12.686688149267177,0.9770723104056437,-0.00199999999999991,-3.401999999999847,1.0,-0.0012009125949156805,-2.0427523239515724,1.0,-0.00048486987912872654,-0.8247636643979639,1.0,-2.400366025065802e-05,-0.04083022608636929,1.0,-0.0028450098375489632,-4.839361733670787,1.0,-0.24541738084454456,-417.4549648165703,0.19988242210464433,-0.042328042328042326,-72.0,0.042328042328042326,0.3527336860670194,600.0,0.0005878894767783657,0.0,0.0,0.0,0.0,0.0,0.0,0.0,0.0,0.0,0.0,0.0,0.0
249856,61,train,,2,4,strong_current_moving_obstacles,12,,749.7168876467817,2013,1,0,0,0,goal,103.0411165546765,47.89651732436133,11.548133704478516,25.312212598703205,8.0,12.103482675638674,1.2461726168468534,1.2461726168468534,11.63791881302965,9.972015728490657,14.507467748827098,101.7949439378296,114.27011204647354,1.108975871644778,0.8908273748469745,1.1353215305163775,1.762816337000471,0.9969988544140166,0.002951353362483628,0.010034910177747491,0.11348982422251286,0.17799039046990917,0.07964976032147282,0.4303468444272549,12.108646048224033,18.892450023364507,0.9981198231935687,13.613418070877898,4.10982850573506,0,0.5979128961108525,0.48825684279574466,0.4977169857798556,0.6333750416790734,26.666752940462004,26.666752940462004,0.9898547989995133,7.4984663902790025,0.7883917921760814,0.919651448726654,749.7168876467816,0.08833735301096451,177.82309161107156,1.0,0.04063380154142398,81.79584250288647,0.9915548931942375,0.007918838391996095,15.940621683088139,1.0,-0.00199999999999989,-4.025999999999779,1.0,-0.0011958257922217062,-2.4071973197422945,1.0,-0.0004882568427957437,-0.9828610245478321,1.0,-1.770812016387185e-05,-0.035646445889874034,1.0,-0.0020428168359180477,-4.11219029070303,1.0,-0.056770379070731104,-114.27877306938171,0.08196721311475409,0.0,0.0,0.0,0.29806259314456035,600.0,0.0004967709885742673,0.0,0.0,0.0,0.0,0.0,0.0,0.0,0.0,0.0,0.0,0.0,0.0
253952,62,train,,0,4,strong_current_moving_obstacles,12,,857.1982954391269,1541,1,0,0,0,goal,95.10970032081427,47.964239976085736,-6.094299625810159,22.591706106813426,8.0,12.035760023914264,1.2497215109638256,1.2497215109638256,11.890373324917725,9.982805702374183,14.28265467424608,93.85997880985042,110.99464835274019,1.1670171179001136,0.8456261648900776,1.4405535152854048,2.2220292129870827,1.244488582265945,0.0031776029321490926,0.017827196008869617,0.09307511165348105,0.1547036789237004,0.04823056542969347,0.2084665063171678,11.91517000812131,18.76079223081618,1.0,16.12416398719426,5.1221744149389465,0,0.5990071121846808,0.4838649763077217,0.49199852787349846,0.629962952463059,26.762228833892635,26.762228833892635,0.996199332419396,6.005595980116214,0.8958161947094412,1.020850419998169,857.1982954391274,0.11527244500893588,177.6348377587702,1.0,0.04903775841834018,75.56718572266222,0.9876703439325114,0.00796959465935517,12.281145370066316,1.0,-0.0019999999999999237,-3.081999999999882,1.0,-0.00119801422436936,-1.8461399197531838,1.0,-0.00048386497630772165,-0.7456359284901991,1.0,-1.906561759461016e-05,-0.029380116713294255,1.0,-0.0016753520100032048,-2.5817174474149387,1.0,0.0,0.0,0.0,0.0,0.0,0.0,0.3893575600259572,600.0,0.0006489292667099286,0.0,0.0,0.0,0.0,0.0,0.0,0.0,0.0,0.0,0.0,0.0,0.0
253952,62,train,,1,4,strong_current_moving_obstacles,12,,55.12491583946212,1505,1,0,0,0,goal,101.82761343596171,3.993265266787489,46.60304293104522,40.551078938611234,8.0,13.396957068954777,1.2470290130426211,1.2470290130426211,12.95784834403895,9.942174467077596,15.54481837182791,100.58058442291909,116.33581688500321,1.1424780858501171,0.8645710935467277,1.5459909220598413,2.4736464314284214,1.4381573377514878,0.006978869167323192,0.05263264736491591,0.3668120913263876,0.8726646259971648,0.16659329071333742,0.774408356697387,6.622480785609224,13.135469161095514,1.0,9.301300342112736,1.5166004023976694,0,0.6147080708035203,0.5161360654335405,0.5361830240072206,0.6532693413008883,24.688839591622187,24.688839591622187,0.9615417886787906,14.449290191281019,0.9075187951623404,0.9822468757629395,55.12491583946303,0.11813663458245159,177.79563504658964,1.0,0.0535185984919427,80.54549073037377,0.9920265780730897,0.007692334309430321,11.576963135692633,1.0,-0.001999999999999927,-3.00999999999989,1.0,-0.0012294161416070396,-1.8502712931185945,1.0,-0.0005161360654335396,-0.7767847784774772,1.0,-4.1873214985599835e-05,-0.06301918855332775,1.0,-0.006602617637602673,-9.936939544592022,1.0,-0.5310007696135892,-799.1561582684517,0.2212624584717608,0.0,0.0,0.0,0.39867109634551495,600.0,0.000664451827242525,0.0,0.0,0.0,0.0,0.0,0.0,0.0,0.0,0.0,0.0,0.0,0.0
258048,63,train,,0,4,strong_current_moving_obstacles,12,,-87.37009684434668,2400,0,0,0,1,timeout,80.20254740817933,27.482068071996096,-1.9202962753477806,30.701576358587886,8.0,32.517931928003904,3.3343833365107907,3.3343833365107907,29.439559776483335,9.979050296897237,23.65817288281441,76.8681640716685,81.4369781401876,1.01539141550861,0.9438975490881525,0.6786414845015656,0.905236249398457,0.6491206660533619,0.0030415327366277245,0.010376764643775349,0.11733910134592351,0.4950810738065581,0.0830824710754126,0.46150015987207693,4.891439782445551,7.878789341284667,0.9595814752016748,10.056984930850092,3.4082302520990346,0,0.6057051554539551,0.4630734151660969,0.5198056218276421,0.6560268347958723,27.28204639316547,27.28204639316547,0.98988669330428,6.978332375570067,0.9258532970150312,1.0848320722579956,-87.37009684434602,0.07188191013477963,172.5165843234711,1.0,0.025695326235852408,61.66878296604578,0.9925,0.007919093546434247,19.005824511442192,1.0,-0.001999999999999872,-4.799999999999693,1.0,-0.001211410310907908,-2.907384746178979,1.0,-0.0004630734151660969,-1.1113761963986326,1.0,-1.8249196407382445e-05,-0.043798071377717865,1.0,-0.002112103823591276,-5.069049176619063,1.0,-0.1083144218971332,-259.95461255311966,0.08291666666666667,0.0,0.0,0.0,0.0,0.0,0.0,0.0,0.0,0.0,0.0,0.0,0.0,-0.016666666666666666,-40.0,0.0004166666666666667,-0.011114611625671386,-26.675067901611328,0.0004166666666666667
258048,63,train,,1,4,strong_current_moving_obstacles,12,,-144.0252908628912,1110,1,0,0,0,goal,88.59234905221474,45.66788768226921,-36.353916298693186,32.278316908838214,8.0,14.33211231773079,1.2466846334307664,1.2466846334307664,13.497871707922876,10.000810922644993,14.541552329156106,87.34566441878398,95.48414738546319,1.0777922518928418,0.9147661345937909,1.720435088026362,2.2889387592800485,1.5899626092962251,0.005428997877407701,0.02094737612303721,0.2938412255067716,0.5619106427940617,0.1127665619425983,0.8477622941417287,5.863911147227569,9.263261373754727,1.0,12.205863476413572,0.40325353656403795,0,0.5977755858923669,0.4618858979125549,0.6007593652283824,0.7000076427653029,25.382042652631615,25.382042652631615,0.9518517762576723,13.276036893757105,0.7263319280233469,0.8439694046974182,-144.02529086289246,0.15988019224202468,177.4670133886474,1.0,0.06305637133642689,69.99257218343385,0.9882882882882883,0.007614814210061373,8.452443773168124,1.0,-0.0019999999999999792,-2.219999999999977,1.0,-0.0011955511717847331,-1.3270618006810537,1.0,-0.0004618858979125545,-0.5126933466829355,1.0,-3.257398726623124e-05,-0.03615712586551668,1.0,-0.005289142071026862,-5.870947698839816,1.0,-0.8918652794919573,-989.9704602360725,0.2882882882882883,0.0,0.0,0.0,0.5405405405405406,600.0,0.0009009009009009009,0.0,0.0,0.0,0.0,0.0,0.0,0.0,0.0,0.0,0.0,0.0,0.0
262144,64,train,,0,4,strong_current_moving_obstacles,12,,616.83830479749,1315,1,0,0,0,goal,89.46523690019016,37.6214578913342,-0.40996153893787124,30.28710780477591,8.0,22.378542108665798,1.2461866729227293,1.2461866729227293,21.13538466468092,9.994043692455731,17.931764739466402,88.21905022726753,98.06481701927933,1.0961220292601817,0.8995993966921262,1.4914801067571004,2.4527291278498486,1.3544301078838838,0.0030103054184327416,0.00982184709646905,0.21879527571052235,0.46131980062401823,0.08086765306247773,0.2872685684336984,6.180428442391252,11.371744564651435,1.0,11.111773891146441,2.8894977466056524,0,0.6044555781182511,0.5070837239484292,0.48612465108302155,0.6075865876085405,24.761814179841952,24.761814179841952,0.9883343472983499,9.063062890363128,0.9093675114356067,0.9741982817649841,616.8383047974901,0.13497545925491503,177.49272892021327,1.0,0.053764131628698836,70.69983309173897,0.9901140684410646,0.007906674778386788,10.397277333578627,1.0,-0.0019999999999999484,-2.629999999999932,1.0,-0.0012089111562365033,-1.589718170451002,1.0,-0.0005070837239484296,-0.6668150969921849,1.0,-1.806183248517881e-05,-0.023751309718010136,1.0,-0.003938314963268302,-5.178884176697817,1.0,-0.17616909946325615,-231.66236579418182,0.12243346007604562,0.0,0.0,0.0,0.45627376425855515,600.0,0.0007604562737642585,0.0,0.0,0.0,0.0,0.0,0.0,0.0,0.0,0.0,0.0,0.0,0.0
262144,64,train,,1,4,strong_current_moving_obstacles,12,,282.0312735593331,1344,1,0,0,0,goal,95.85397106026991,32.182038401972406,4.603653661778765,54.58981027296855,8.0,27.817961598027594,1.2412055498646293,1.2412055498646293,5.41097655052819,5.346313463966091,16.525359546198622,94.61276551040534,111.11707101795623,1.1592328391704227,0.8514692174986875,1.6535278425291107,2.4073806720642494,1.5895349550519844,0.008340624785971824,0.03818794558013039,0.5397255750427886,0.8726646259971648,0.30913360038440035,2.575577712805394,7.529386282761395,13.300268268343153,1.0,8.970319830391515,0.2775319880572802,0,0.5970875154931231,0.4612619857711945,0.7090152752297443,0.7971177798851082,25.9082302815029,25.9082302815029,0.9345338720870681,22.6508790046564,0.6698757634897318,0.8922412991523743,282.03127355933225,0.13219434086614562,177.6691941240997,1.0,0.05631734432904038,75.69051077823026,0.9977678571428571,0.007476270976696549,10.048108192680163,1.0,-0.0019999999999999445,-2.6879999999999256,1.0,-0.001194175030986246,-1.6049712416455144,1.0,-0.0004612619857711937,-0.6199361088764843,1.0,-5.004374877846983e-05,-0.06725879835826346,1.0,-0.009715060345427518,-13.057041104254584,1.0,-0.3864131936626065,-519.3393322825432,0.14360119047619047,-0.03273809523809524,-44.0,0.03273809523809524,0.44642857142857145,600.0,0.000744047619047619,0.0,0.0,0.0,0.0,0.0,0.0,0.0,0.0,0.0,0.0,0.0,0.0
262144,64,train,,2,4,strong_current_moving_obstacles,12,,372.0603966360709,799,1,0,0,0,goal,65.35648520199405,22.02821284426527,-22.579989272126696,20.97789577040023,8.0,37.420010727873304,1.246297003854636,1.246297003854636,21.03504930705621,9.995216932341211,15.784197338820917,64.11018819813947,70.53141857818221,1.0791801052365997,0.9089592906326557,1.765492329866887,2.2804392940012845,1.6217167758353943,0.004748616149462311,0.0250589969952717,0.18502712311992933,0.4952974276278477,0.11271546575930116,0.4867540312961953,3.7498023119727963,7.840009485129148,1.0,8.821484391902732,1.7377712804251921,0,0.5948740933180783,0.456727228957726,0.5233531966152717,0.6563242951941878,25.3486408592344,25.3486408592344,0.9833509757777422,5.1943960104331355,0.8034961673434595,0.9009678959846497,372.06039663607027,0.22098565822995245,176.567540925732,1.0,0.06426626384848856,51.34874481494236,0.986232790988736,0.007866807806221942,6.285579437171331,1.0,-0.0020000000000000013,-1.5980000000000012,1.0,-0.0011897481866361558,-0.9506088011222885,1.0,-0.0004567272289577261,-0.36492505593722313,1.0,-2.8491696864696016e-05,-0.022764865794892116,1.0,-0.0033304882190342932,-2.6610600870084005,1.0,-0.5713943801400658,-456.5441097319126,0.34167709637046306,0.0,0.0,0.0,0.7509386733416771,600.0,0.0012515644555694619,0.0,0.0,0.0,0.0,0.0,0.0,0.0,0.0,0.0,0.0,0.0,0.0
266240,65,train,,0,4,strong_current_moving_obstacles,12,,-346.61293677801154,188,0,1,0,0,collision,98.05714187392307,46.44903398563258,-19.954168983827238,51.712495181955575,8.0,13.550966014367418,81.31021254117876,81.31021254117876,15.04260727294781,9.981533544728716,12.039245731708549,16.746929332744315,17.826917052741187,0.18180131209271977,0.9394181441018818,1.8964805375256615,2.393551653835588,1.7399584184925614,0.013060541740805242,0.046962584977771726,0.46524259783585714,0.8443033768517418,0.206390527024692,0.7453756227452959,2.369762967943834,3.707191124481898,0.17153315341765205,7.076978929216236,-0.017618450995261714,1,0.5966133860316365,0.4651056733081474,0.7083330588771942,0.7653631084459893,24.660655693405285,24.660655693405285,0.9495883250325325,39.67324945024701,0.8708169441273872,0.9259606599807739,-346.61293677801154,0.1635199000864754,30.741741216257378,1.0,0.07184124642405752,13.506154327722815,0.9308510638297872,0.0075967066002602624,1.4281808408489294,1.0,-0.0020000000000000013,-0.3760000000000003,1.0,-0.0011932267720632735,-0.22432663314789542,1.0,-0.00046510567330814757,-0.08743986658193174,1.0,-7.836325064891615e-05,-0.014732291121996238,1.0,-0.008374366768484715,-1.5743809524751262,1.0,-1.2234687947846474,-230.0121334195137,0.42021276595744683,0.0,0.0,0.0,0.0,0.0,0.0,-0.851063829787234,-160.0,0.005319148936170213,0.0,0.0,0.0,0.0,0.0,0.0,0.0,0.0,0.0
266240,65,train,,1,4,strong_current_moving_obstacles,12,,870.7543544742408,2394,1,0,0,0,goal,108.91673126647981,22.883533938425998,48.044533963271974,22.51701036109091,8.0,11.955466036728026,1.2475910822921177,1.2475910822921177,13.19334352867542,9.988968322865972,15.376949762633942,107.66914018418775,116.66989801843393,1.0711843502995413,0.9228527839046872,0.9746858648156569,1.3846346962870377,0.8964060742912033,0.002969120850265398,0.013970767669067019,0.08918984831454647,0.177112541187479,0.05084379007657708,0.19283227953093496,11.243314604361565,15.998578664959055,0.9908617211242536,11.569353739774195,5.698274038056259,0,0.5825617903655672,0.4891735064654526,0.5072515641300999,0.6406334856635546,27.08895765208385,27.08895765208385,0.9968656981619759,6.367935252090258,0.7542693920452195,0.8753124475479126,870.7543544742414,0.07432672629692234,177.9381827548321,1.0,0.03607293420745369,86.35860449264413,0.9933166248955723,0.007974925585295818,19.09197185119819,1.0,-0.0019999999999998725,-4.787999999999695,1.0,-0.0011651235807311371,-2.7893058522703424,1.0,-0.0004891735064654526,-1.1710813744782935,1.0,-1.781472511368553e-05,-0.042648451922163155,1.0,-0.0016054172705774919,-3.8433689457625158,1.0,0.0,0.0,0.0,0.0,0.0,0.0,0.2506265664160401,600.0,0.0004177109440267335,0.0,0.0,0.0,0.0,0.0,0.0,0.0,0.0,0.0,0.0,0.0,0.0
266240,65,train,,2,4,strong_current_moving_obstacles,12,,143.15389494649742,1155,1,0,0,0,goal,95.01547904176114,-5.302428955057863,48.451548124338515,10.586050786511176,8.0,11.548451875661485,1.2370519118485357,1.2370519118485357,10.453849879809802,9.050983547807789,9.670266133668102,93.77842712991254,102.36912496867359,1.07739418883191,0.9160811637162097,1.7726255405830873,2.213053822717963,1.641572497366532,0.0031242396239120605,0.01276421415109219,0.05389322238900096,0.31945136153612763,0.08864279685977296,0.3986798507908853,7.074298471631015,11.727992174033245,1.0,9.645261403869716,0.9466006788135777,0,0.5568770120194528,0.46712818209009316,0.5417278785984238,0.6597014847771946,25.72154977743051,25.72154977743051,0.9892571571964488,0.8437959869537234,0.7653265503577856,0.8839660286903381,143.15389494649827,0.15381514633031979,177.65649401151936,1.0,0.06505967877299705,75.1439289828116,0.9887445887445887,0.00791405725757159,9.140736132495185,1.0,-0.0019999999999999714,-2.309999999999967,1.0,-0.0011137540240389056,-1.286385897764936,1.0,-0.0004671281820900933,-0.5395330503140577,1.0,-1.8745437732301897e-05,-0.021650980580808693,1.0,-0.0009700780035713608,-1.1204400941249217,1.0,-0.6177569300065309,-713.5092541575432,0.22337662337662337,0.0,0.0,0.0,0.5194805194805194,600.0,0.0008658008658008658,0.0,0.0,0.0,0.0,0.0,0.0,0.0,0.0,0.0,0.0,0.0,0.0
270336,66,train,,0,4,strong_current_moving_obstacles,12,,258.40725945376215,1003,1,0,0,0,goal,65.79248365633529,19.47094867774753,-34.965945223176945,37.686015631394305,8.0,25.034054776823055,1.2481465763113808,1.2481465763113808,22.299244511471535,9.986219874473623,20.976624352218707,64.54433708002384,73.29612508457888,1.1140501317359988,0.8805968529106282,1.4615378880274934,2.4662737753525046,1.3179921932455596,0.00851447508087923,0.07303209411968048,0.4341516909339208,0.8726646259971648,0.11432260095633685,0.5677181021331772,4.750496655527522,8.234937815243022,1.0,10.85023055203685,0.2852022169426305,0,0.5714927615782623,0.5281711305519018,0.5563631336448913,0.6597946595070012,24.21702586224192,24.21702586224192,0.9830520812958636,11.377377759711193,0.8837973171193245,0.9580320715904236,258.40725945376255,0.1760570560303596,176.58522719845067,1.0,0.051590375484093,51.745146610545284,0.9870388833499502,0.007864416650366898,7.888009900317998,1.0,-0.0020000000000000005,-2.0060000000000007,1.0,-0.0011429855231565268,-1.1464144797259963,1.0,-0.0005281711305519016,-0.5297556439435572,1.0,-5.1086850586560054e-05,-0.051240111138319736,1.0,-0.00781473044456789,-7.838174635901593,1.0,-0.5645459016798026,-566.2395393848419,0.15453639082751744,0.0,0.0,0.0,0.5982053838484547,600.0,0.0009970089730807576,0.0,0.0,0.0,0.0,0.0,0.0,0.0,0.0,0.0,0.0,0.0,0.0
270336,66,train,,1,4,strong_current_moving_obstacles,12,,275.22012414102966,821,1,0,0,0,goal,91.33564196180272,-14.847370253802254,47.77239987433475,7.644043776894772,8.0,12.227600125665248,1.2458778617241135,1.2458778617241135,8.543752704086021,6.3878856138324585,8.286433285283433,90.08976410007861,92.03130778258287,1.0076165865355289,0.978903443520644,2.2419319800872843,2.496475346799733,2.2330854366508053,0.004388220121540651,0.01557670630852881,0.12224077757663918,0.40198505489844827,0.13071663125230598,1.0762612196925696,1.0072975391398622,2.720710179039272,0.9989404829974372,8.552552241182594,1.960252560119335,0,0.5852501782408295,0.5023380213844773,0.5560700342730686,0.6936286375670717,25.971516494308617,25.971516494308617,0.9660604115925604,0.9935546235354444,0.8228041532559459,0.8772170543670654,275.22012414103017,0.2162541806765731,177.54468233546652,1.0,0.08778632957342722,72.07257657978374,0.9951278928136419,0.007728483292740482,6.345084783339936,1.0,-0.0020000000000000013,-1.6420000000000012,1.0,-0.0011705003564816587,-0.9609807926714419,1.0,-0.0005023380213844768,-0.41241951555665546,1.0,-2.632932070996332e-05,-0.021616372302879886,1.0,-0.002200333993105176,-1.8064742083393492,1.0,-0.7014600836403042,-575.8987286686897,0.3934226552984166,0.0,0.0,0.0,0.730816077953715,600.0,0.001218026796589525,0.0,0.0,0.0,0.0,0.0,0.0,0.0,0.0,0.0,0.0,0.0,0.0
270336,66,train,,2,4,strong_current_moving_obstacles,12,,708.1613054700367,1226,1,0,0,0,goal,80.70665669010664,-11.198592247358107,22.468457065967698,52.210605508072796,8.0,37.5315429340323,1.2450350166485569,1.2450350166485569,7.788566921752633,7.7878507536301385,17.615679513861622,79.46162167345794,91.18424890662331,1.1298231477577865,0.8714402172115305,1.4875081387703672,2.1055549554572086,1.3405031243898584,0.009471197447110656,0.03638132198313082,0.540428190789807,0.7642598562193381,0.09880834117515648,0.4222876321316358,8.756468337937468,13.707615382999274,1.0,10.568204300443195,3.358280731302544,0,0.5718005233879216,0.4988240666482765,0.5166243067767842,0.6440494889560571,26.139575769198487,26.139575769198487,0.989079881925754,20.160136384979253,0.7319849861290482,0.8751258254051208,708.161305470037,0.14455399614411008,177.22319927267895,1.0,0.052047468517211405,63.810196402101184,0.9861337683523654,0.007912639055406042,9.700895481927807,1.0,-0.0019999999999999606,-2.4519999999999516,1.0,-0.0011436010467758446,-1.4020548833471855,1.0,-0.0004988240666482763,-0.6115583057107868,1.0,-5.6827184678474576e-05,-0.06967012841580983,1.0,-0.009727707441621956,-11.926169323428518,1.0,-0.10286421945005607,-126.11153304576874,0.0799347471451876,0.0,0.0,0.0,0.4893964110929853,600.0,0.0008156606851549756,0.0,0.0,0.0,0.0,0.0,0.0,0.0,0.0,0.0,0.0,0.0,0.0
274432,67,train,,0,4,strong_current_moving_obstacles,12,,162.56808165543265,2400,0,0,0,1,timeout,96.55018195216094,33.48744017302394,19.732904788259276,28.801964189104424,8.0,26.51255982697606,5.807618997717074,5.807618997717074,29.235709679653795,10.000715695727871,22.237341085707953,90.74256295444374,92.68848740801114,0.9600032390817947,0.9790057588813442,0.7724040617334252,0.8957839372652824,0.7517401946654044,0.0029135938308330425,0.006025543839499381,0.07377673591417261,0.1469424479530561,0.04160357955176957,0.18360049670796563,4.687074538564219,7.017872606857386,0.9435204422210701,14.359090640110338,6.994838017772291,0,0.5782707374364449,0.4946761535804156,0.5301744541401664,0.6738939792041977,27.910698051032195,27.910698051032195,0.9979424424259361,6.699325016254678,0.8617914048333962,0.9286147952079773,162.56808165543364,0.07048865247043677,169.17276592904824,1.0,0.030286586101360282,72.68780664326468,0.99375,0.007983539539407492,19.16049489457798,1.0,-0.001999999999999872,-4.799999999999693,1.0,-0.0011565414748728883,-2.7756995396949318,1.0,-0.0004946761535804175,-1.187222768593002,1.0,-1.748156300897561e-05,-0.041955751221541465,1.0,-0.0013279812471496026,-3.1871549931590466,1.0,0.0,0.0,0.0,0.0,0.0,0.0,0.0,0.0,0.0,0.0,0.0,0.0,0.0,0.0,0.0,-0.016666666666666666,-40.0,0.0004166666666666667,-0.019358730316162108,-46.46095275878906,0.0004166666666666667
278528,68,train,,0,4,strong_current_moving_obstacles,12,,677.0394952787258,1659,1,0,0,0,goal,73.79595939469506,24.85413742178055,-5.535673625433375,17.210734345934412,8.0,35.14586257821945,1.2301241636691227,1.2301241636691227,17.30295467789411,10.000454145577674,16.131611130614743,72.5658352310259,88.87586925163919,1.2043460100069947,0.8164852376922048,1.071439050652673,1.4611364859440121,0.9771954944204719,0.0031993694396930655,0.017723594465758552,0.08188603298766856,0.7869128131056637,0.21565220572866522,1.7451180181241743,6.350396492045759,10.871428229031869,0.9887406806723985,8.487276242636488,3.9329517008065844,0,0.5645292520917718,0.4773818081683542,0.5318550720424664,0.6655211191155093,26.574212656808132,26.574212656808132,0.9127246143732651,1.3839374797544386,0.675290398888016,0.7742602229118347,677.039495278726,0.10669049601203098,176.9995328839594,1.0,0.03620457338528662,60.0633872461905,0.9246534056660639,0.00733132994123664,12.162676372511585,0.9596142254370102,-0.0019999999999999133,-3.317999999999856,1.0,-0.0011290585041835433,-1.8731080584404982,1.0,-0.00047738180816835426,-0.7919764197512997,1.0,-1.9196216664841915e-05,-0.03184652344697274,1.0,-0.0014739485945395193,-2.4452807183410625,1.0,-0.08482573206989502,-140.72588950395584,0.09101868595539482,-0.013863773357444244,-23.0,0.013863773357444244,0.3616636528028933,600.0,0.0006027727546714888,0.0,0.0,0.0,0.0,0.0,0.0,0.0,0.0,0.0,0.0,0.0,0.0
278528,68,train,,1,4,strong_current_moving_obstacles,12,,697.0217558509942,1267,1,0,0,0,goal,93.23984818900183,-22.623466241719903,46.290957875601435,40.75054395887395,8.0,13.709042124398565,1.249112010410439,1.249112010410439,12.732999798102647,9.95265062752175,16.446359123769113,91.99073617859148,103.67143960905797,1.1118791120177585,0.8873295916935834,1.636486813086942,2.5084229937301914,1.4958812146998146,0.0064603256312291335,0.02675878812030197,0.38937764481605813,0.8008310642707244,0.07968193283969893,0.40263090281397984,7.587512696487903,13.986576143445461,1.0,13.562598640859706,3.435146483895808,0,0.5657783571579997,0.4886191536212265,0.489053297191035,0.6139766509690996,25.331533111329062,25.331533111329062,0.9883803127344385,14.989908674143535,0.9334677541547624,1.0281180143356323,697.0217558509943,0.1401646274082729,177.58858292628176,1.0,0.05817493874460993,73.70764738942079,0.98973954222573,0.007907042501875513,10.018222849876274,1.0,-0.0019999999999999545,-2.5339999999999425,1.0,-0.0011315567143159986,-1.4336823570383703,1.0,-0.0004886191536212256,-0.6190804676380929,1.0,-3.8761953766215945e-05,-0.0491113954217956,1.0,-0.007008797599747428,-8.880146558879991,1.0,-0.11900290176448806,-150.77667653560638,0.13417521704814522,0.0,0.0,0.0,0.47355958958168903,600.0,0.0007892659826361484,0.0,0.0,0.0,0.0,0.0,0.0,0.0,0.0,0.0,0.0,0.0,0.0
282624,69,train,,0,4,strong_current_moving_obstacles,12,,847.1247790878491,1664,1,0,0,0,goal,90.78580922641898,41.41007571486449,-28.323494591755182,48.446351588245676,8.0,18.58992428513551,1.2351656654089997,1.2351656654089997,11.541183913172802,9.96297561068201,14.248018472847821,89.55064356100999,95.74733241922468,1.0546508670802472,0.9352808198239632,1.1508092838849107,1.4102298561684181,1.0629638584643843,0.004787322261800513,0.017368428898429045,0.31508822988719587,0.379760561882986,0.042735792695106176,0.17464211802633667,8.518686221623689,13.401856941931248,0.9923361645884881,12.311952547892757,8.224670343927661,0,0.5741274358301474,0.4786549048080465,0.5210799434616302,0.65748585250157,27.248578360852427,27.248578360852427,0.995802758950506,17.667702893052635,0.661206224718346,0.6865713000297546,847.1247790878499,0.1067013527442045,177.55105096635629,1.0,0.04317193446631189,71.83809895194298,0.9897836538461539,0.00796642207160405,13.25612632714914,1.0,-0.001999999999999913,-3.327999999999855,1.0,-0.0011482548716602937,-1.9106961064427288,1.0,-0.00047865490480804594,-0.7964817616005885,1.0,-2.8723933575996233e-05,-0.04779662547045773,1.0,-0.005671588139474031,-9.437522664084788,1.0,0.0,0.0,0.0,0.0,0.0,0.0,0.3605769230769231,600.0,0.0006009615384615385,0.0,0.0,0.0,0.0,0.0,0.0,0.0,0.0,0.0,0.0,0.0,0.0
282624,69,train,,1,4,strong_current_moving_obstacles,12,,-190.14042291194664,1160,1,0,0,0,goal,64.51418370027972,-21.359713541250606,21.21549205164746,18.202630805045835,8.0,38.640286458749394,1.2456400156320822,1.2456400156320822,18.231309875177658,9.623561786559781,12.453131304135564,63.268543684647646,74.79838389672156,1.1594099096753705,0.8458544207586912,1.2896273085641683,1.9097574928125505,1.1098036951960575,0.004321530803065272,0.02416255161894476,0.14918686751475135,0.3173053696210517,0.17267796423401352,1.2527192469249742,7.97249904510498,12.59861128957077,1.0,8.549309327364353,0.8266185665067631,0,0.5970886053597747,0.4968457722422217,0.5279579252775373,0.6630348593895805,25.68694713349795,25.68694713349795,0.9403282354630503,5.749757086544448,0.7883347449117694,0.9225378036499023,-190.1404229119463,0.15217634445057088,176.52455956266223,1.0,0.044023521769446516,51.06728525255796,0.9844827586206897,0.007522625883704398,8.726246025097101,1.0,-0.0019999999999999706,-2.319999999999966,1.0,-0.0011941772107195504,-1.3852455644346784,1.0,-0.0004968457722422211,-0.5763410958009765,1.0,-2.5929184838431685e-05,-0.030077854412580755,1.0,-0.0026853636101868933,-3.1150217878167963,1.0,-0.8784757133187919,-1019.0318274497986,0.36551724137931035,0.0,0.0,0.0,0.5172413793103449,600.0,0.0008620689655172414,0.0,0.0,0.0,0.0,0.0,0.0,0.0,0.0,0.0,0.0,0.0,0.0
286720,70,train,,0,4,strong_current_moving_obstacles,12,,478.38289573783396,2062,1,0,0,0,goal,90.55168426639682,25.48437513786864,20.217064115677047,26.891101964423353,8.0,34.51562486213136,1.2428387281344004,1.2428387281344004,26.85066056693636,9.969093811311165,18.78033753177073,89.30884553826256,103.52858365443794,1.1433093099611926,0.8626491581915313,1.0041569704601156,1.7069658309906537,0.8622445509474155,0.003084992601097644,0.01102006773391917,0.13890845479468808,0.22189958799577925,0.10909612404328428,1.0430934976973472,10.212916602171168,17.635779281398474,1.0,14.938238976866854,2.3811114319798206,0,0.575222140957875,0.4888377851534682,0.5058336744715471,0.6459147769715691,26.33365420941219,26.33365420941219,0.9781734013598715,8.111299072940612,0.8304401671967382,0.9598732590675354,478.3828957378357,0.08609576454039852,177.52946648230176,1.0,0.03497090027594754,72.10999636900384,0.989815712900097,0.007825387210878984,16.135948428832464,1.0,-0.0019999999999998873,-4.123999999999768,1.0,-0.0011504442819157497,-2.372216109310276,1.0,-0.000488837785153469,-1.0079835129864532,1.0,-1.8509955619368147e-05,-0.03816752848713712,1.0,-0.002500352185304438,-5.155726206097751,1.0,-0.18171407477469495,-374.694422185421,0.08874878758486907,0.0,0.0,0.0,0.2909796314258002,600.0,0.00048496605237633366,0.0,0.0,0.0,0.0,0.0,0.0,0.0,0.0,0.0,0.0,0.0,0.0
286720,70,train,,1,4,strong_current_moving_obstacles,12,,827.6848905654356,1195,1,0,0,0,goal,68.63306730333285,-24.018301530267387,26.738415615518818,8.9669837287644,8.0,33.26158438448118,1.2366850482342202,1.2366850482342202,8.67895092522748,8.014479113988894,8.901658659141157,67.39638225509862,77.28772238323673,1.1261003685243076,0.872019257093757,1.2935183662466363,1.7543307733069546,1.15051577919579,0.002842728070457842,0.00884805340921524,0.06008198219288169,0.1817078926016582,0.07559473921754223,0.2367234202444548,8.586746536243348,14.215394495449447,0.9974059403641932,9.020159861301192,4.782793688056468,0,0.57613841223737,0.4809038433677392,0.48833308968085126,0.628243280105511,26.486498891654517,26.486498891654517,0.9937656674312316,0.49320231365457345,0.7088310011261177,0.7551913857460022,827.6848905654351,0.1479134872127555,176.75661721924283,1.0,0.045452831076942375,54.31613313694614,0.9849372384937238,0.007950125339449856,9.500399780642578,1.0,-0.0019999999999999653,-2.3899999999999584,1.0,-0.0011522768244747411,-1.3769708052473155,1.0,-0.0004809038433677398,-0.5746800928244491,1.0,-1.705636842715834e-05,-0.020382360270454217,1.0,-0.0010814756787967564,-1.292363436162124,1.0,-0.006053441737985012,-7.23386287689209,0.03430962343096234,0.0,0.0,0.0,0.502092050209205,600.0,0.0008368200836820083,0.0,0.0,0.0,0.0,0.0,0.0,0.0,0.0,0.0,0.0,0.0,0.0
290816,71,train,,0,4,strong_current_moving_obstacles,12,,576.1182475170299,1959,1,0,0,0,goal,105.46725250644222,6.840527964195033,50.65936589195263,36.64930894717837,8.0,9.340634108047368,1.2498385630914586,1.2498385630914586,10.522435955895723,10.000867003980582,21.450777961331895,104.2174139433508,113.90677938906806,1.0800203540156725,0.9149360073413926,1.162907395498396,1.521608116753762,1.0767362468171084,0.003185156006811081,0.011629421370631388,0.15010498765420288,0.4609190072914422,0.08052013570907302,0.4528196912348501,11.007159746883982,17.178425276680585,0.9922697598981625,13.223958494752216,2.9348041918473875,0,0.5738686145896081,0.4761992085315268,0.5178327099241853,0.6550915069942757,27.005771564892072,27.005771564892072,0.9901352229346202,10.977565478936446,0.6216483076596029,0.6704316735267639,576.1182475170301,0.09079474828948277,177.86691189909675,1.0,0.042699793829153294,83.6488961113113,0.9913221031138336,0.007921081783476938,15.51739921383132,1.0,-0.001999999999999893,-3.91799999999979,1.0,-0.001147737229179216,-2.248417231962084,1.0,-0.0004761992085315273,-0.9328742495132619,1.0,-1.911093600573275e-05,-0.03743832363523046,1.0,-0.002701889779908887,-5.29300207884151,1.0,-0.1472614741313208,-288.48522782325745,0.08933129147524248,0.0,0.0,0.0,0.30627871362940273,600.0,0.0005104645227156713,0.0,0.0,0.0,0.0,0.0,0.0,0.0,0.0,0.0,0.0,0.0,0.0
290816,71,train,,1,4,strong_current_moving_obstacles,12,,848.0533946374195,1534,1,0,0,0,goal,85.67158677980959,18.66633283364297,20.43498324256298,25.66827921929537,8.0,39.56501675743702,1.2406807698591094,1.2406807698591094,25.587979574315387,9.988577630219854,18.085307404715678,84.43090600995049,88.63137296252309,1.0345480490552912,0.952607447993063,1.1555589695244208,1.407759646473625,1.1069627037050576,0.0031518919706966632,0.01610093660449463,0.12844015898291106,0.27760407720799574,0.04927241618264398,0.20903008439005966,6.956321367066769,10.220166996828949,0.9900636178648091,10.708081755897798,5.169358597759862,0,0.5815222688751462,0.47605491807120287,0.5116654518879998,0.6543219159836875,27.348002084335427,27.348002084335427,0.9965102410125111,7.5829718145797145,0.5545691504511093,0.7152895927429199,848.0533946374192,0.11564098554799028,177.3932718306171,1.0,0.044060513283732554,67.58882737724574,0.9934810951760105,0.007972081928100092,12.22917367770554,1.0,-0.001999999999999924,-3.0679999999998837,1.0,-0.0011630445377502918,-1.7841103209089475,1.0,-0.0004760549180712023,-0.7302682443212243,1.0,-1.891135181100522e-05,-0.02901001367808201,1.0,-0.002311922861304438,-3.546489669241008,1.0,0.0,0.0,0.0,0.0,0.0,0.0,0.39113428943937417,600.0,0.000651890482398957,0.0,0.0,0.0,0.0,0.0,0.0,0.0,0.0,0.0,0.0,0.0,0.0
294912,72,train,,0,4,strong_current_moving_obstacles,12,,199.60544893553782,1462,1,0,0,0,goal,66.59989335210436,15.032501560875616,-41.08239050243875,47.49397281249518,8.0,18.91760949756125,1.249458407046577,1.249458407046577,12.43697629666805,9.966449079420995,13.682529074271208,65.35043494505783,86.21043854495508,1.294453102036853,0.7580338999317386,1.1793493645000666,2.2740847785253004,1.0563359219706674,0.006008117561212288,0.04231588477481685,0.4518617734418327,0.8726646259971648,0.2725380639525507,0.9830960950194374,7.285551164187154,17.70663901101871,1.0,14.180201884739006,1.6808993843721511,0,0.6015324396671786,0.5034016047250199,0.6901555023323006,0.8082973128426744,24.09726848894797,24.09726848894797,0.9149634564234879,14.639639176325987,0.8873637700211333,1.0176303386688232,199.60544893553777,0.1208092202317591,176.6230799788318,1.0,0.03577798188948087,52.30740952242103,0.9678522571819426,0.007319707651387892,10.701412586329099,1.0,-0.0019999999999999315,-2.9239999999998996,1.0,-0.0012030648793343575,-1.7588808535868306,1.0,-0.0005034016047250201,-0.7359731461079794,1.0,-3.604870534849563e-05,-0.052703207219500614,1.0,-0.008133511949701376,-11.891194470463411,1.0,-0.42589856462015496,-622.6637014746666,0.18125854993160054,0.0,0.0,0.0,0.4103967168262654,600.0,0.0006839945280437756,0.0,0.0,0.0,0.0,0.0,0.0,0.0,0.0,0.0,0.0,0.0,0.0
294912,72,train,,1,4,strong_current_moving_obstacles,12,,622.315436246779,1902,1,0,0,0,goal,90.812665924618,33.14620858630967,-9.74285204062727,54.50929632277936,8.0,26.85379141369033,1.2419398460480602,1.2419398460480602,5.527414254488711,5.527414254488711,15.19137730725745,89.57072607857,100.3527469326732,1.1050523174374625,0.8925587870421033,1.0552339319944612,1.3733817267127768,0.9731290279123314,0.0046881362396465065,0.020414400336325134,0.32878131053573756,0.6285765523774973,0.0926402921161141,0.3864416801753694,10.2965216702271,16.733461365329504,0.9918080643922629,7.9531182005855126,3.9548181083921197,0,0.5978997258736813,0.48055990210861127,0.5038848915357695,0.6443511920772517,26.737843736165644,26.737843736165644,0.9859932250949358,18.881030435809052,0.6838396860660689,0.8892548084259033,622.3154362467792,0.09334298006972058,177.53834809260854,1.0,0.03782827224448464,71.94937380900978,0.9900105152471083,0.007887945800759475,15.00287291304452,1.0,-0.0019999999999998964,-3.8039999999998027,1.0,-0.0011957994517473624,-2.2744105572234834,1.0,-0.000480559902108612,-0.91402493381058,1.0,-2.8128817443402036e-05,-0.05350101077735067,1.0,-0.005918063592035336,-11.256156952051208,1.0,-0.11770403002840236,-223.8730651140213,0.16140904311251314,0.0,0.0,0.0,0.31545741324921134,600.0,0.0005257623554153522,0.0,0.0,0.0,0.0,0.0,0.0,0.0,0.0,0.0,0.0,0.0,0.0
299008,73,train,,0,4,strong_current_moving_obstacles,12,,543.3128080500937,1537,1,0,0,0,goal,66.38089028641306,6.515993364689393,7.059611694002925,15.298858718879412,8.0,52.940388305997075,1.2428426984045713,1.2428426984045713,15.249056311496771,9.942937990700521,13.1739439283211,65.13804758800839,79.16893684894757,1.192646505754262,0.8227727967635883,1.0301748451392014,1.515630655577312,0.9073112885111171,0.003134046372318572,0.018727766799409462,0.0920082764200637,0.32078960719280536,0.11566585423154248,0.44088533421130993,10.254130717457443,19.14275831190279,0.9948549473268959,7.583362657842889,3.381205149266357,0,0.5787460995012762,0.5044276318154219,0.4833834043321628,0.6229046729472681,25.959915589578333,25.959915589578333,0.984402239287632,2.1249147905583046,0.7700359287708707,0.8646920323371887,543.3128080500934,0.11491859349131792,176.62987819615563,1.0,0.03421842327392514,52.593716572022934,0.9876382563435263,0.007875217914301064,12.104209934280735,1.0,-0.0019999999999999237,-3.073999999999883,1.0,-0.0011574921990025531,-1.7790655098669241,1.0,-0.0005044276318154227,-0.7753052701003046,1.0,-1.8804278230203872e-05,-0.02890217563982335,1.0,-0.0016561489769463384,-2.545500977566522,1.0,-0.1885570739877635,-289.8122227191925,0.19193233571893298,0.0,0.0,0.0,0.3903708523096942,600.0,0.0006506180871828237,0.0,0.0,0.0,0.0,0.0,0.0,0.0,0.0,0.0,0.0,0.0,0.0
299008,73,train,,1,4,strong_current_moving_obstacles,12,,297.34092461085163,2192,1,0,0,0,goal,60.07305811276031,6.381098463261068,-22.879432881689695,44.12407065266086,8.0,37.120567118310305,1.2477568509857988,1.2477568509857988,15.827195576881088,9.981711586753462,16.105976472444432,58.8253012617746,74.81647925638467,1.2454248477903385,0.7862612869043084,0.6826321100035109,1.3423589909637637,0.5768147025606669,0.00396791001481004,0.02488317689406072,0.20148533744243402,0.485421646671091,0.16491910337104168,1.043085064935453,7.244438875471137,15.856763882027794,0.989228067843879,11.151485981223422,2.696303805030043,0,0.5953668401462447,0.49982954297428456,0.4909714903260996,0.631346047210106,25.433882246436006,25.433882246436006,0.9603653330965259,11.27322789325055,0.9475296291719822,1.0770184993743896,297.34092461085027,0.08041116872350439,176.2612818419216,1.0,0.02162038695696802,47.3918882096739,0.9904197080291971,0.007682922664772198,16.840966481180658,1.0,-0.001999999999999881,-4.383999999999739,1.0,-0.001190733680292491,-2.6100882272011403,1.0,-0.0004998295429742839,-1.0956263581996304,1.0,-2.3807460103326824e-05,-0.0521859525464924,1.0,-0.0036267360721918248,-7.94980547024448,1.0,-0.2404477672964117,-527.0615059137344,0.17791970802919707,0.0,0.0,0.0,0.2737226277372263,600.0,0.0004562043795620438,0.0,0.0,0.0,0.0,0.0,0.0,0.0,0.0,0.0,0.0,0.0,0.0
303104,74,train,,0,4,strong_current_moving_obstacles,12,,167.73475315601996,2219,1,0,0,0,goal,78.8699791051808,26.804224110865505,-35.30029468563704,51.660317028979264,8.0,24.69970531436296,1.2419151082898248,1.2419151082898248,8.412881355061742,8.412881355061742,18.19222364772945,77.62806399689093,90.40116398078598,1.1462049946815278,0.8587064654763756,0.8147919241170439,1.1879721021326277,0.7681042003561758,0.004580988436288596,0.020706774682613283,0.2999016096106451,0.6223392614307386,0.15214063893106664,1.310789399563218,4.480618318341311,7.571863792681307,0.9861661028547042,12.200146546667767,1.5377217566100905,0,0.6080162722043233,0.4805071307892889,0.5189222325447069,0.6645905221902664,26.633005275215673,26.633005275215673,0.946447605218793,17.943973910885383,0.7982675585460963,0.9285099506378174,167.73475315602104,0.07984031326948254,177.16565514498177,1.0,0.028438790339220844,63.10567576273105,0.9517800811176206,0.0075715808417503505,16.801337887844028,1.0,-0.00199999999999988,-4.437999999999733,1.0,-0.001216032544408645,-2.6983762160427833,1.0,-0.0004805071307892895,-1.0662453232214335,1.0,-2.7485930638143004e-05,-0.06099128008603932,1.0,-0.005398228971731092,-11.978670088271294,1.0,-0.3015302535970773,-669.0956327319145,0.18521856692203695,0.0,0.0,0.0,0.270392068499324,600.0,0.0004506534474988734,0.0,0.0,0.0,0.0,0.0,0.0,0.0,0.0,0.0,0.0,0.0,0.0
303104,74,train,,1,4,strong_current_moving_obstacles,12,,237.23863765637748,903,1,0,0,0,goal,60.45412476807459,17.880656777584647,-48.80295794764977,25.067803550660066,8.0,11.197042052350227,1.2499237604914049,1.2499237604914049,11.036738712775986,7.696764552767924,10.860266831529911,59.20420100758326,74.1709660309304,1.226896697545104,0.7982126184374375,1.6427677969198367,2.335426753511685,1.571452049931745,0.00678575339043644,0.030832931114135764,0.3976177486491321,0.8726646259971648,0.332753839377784,2.7884518796942617,5.318054879520124,9.558350734982975,1.0,8.215613660336606,1.9330761810375652,0,0.5901367202502235,0.46545356659374404,0.6737826182728722,0.7870754623498896,25.064193988371645,25.064193988371645,0.8961599245916189,9.508096683384931,0.7148881946687287,0.7289511561393738,237.2386376563772,0.1952141711959582,176.27839658995026,1.0,0.05276365990447668,47.64558489374244,0.9490586932447398,0.007169279396732946,6.47385929524985,1.0,-0.0020000000000000013,-1.8060000000000014,1.0,-0.001180273440500446,-1.0657869167719027,1.0,-0.0004654535665937437,-0.42030457063415055,1.0,-4.0714520406490176e-05,-0.03676521192706063,1.0,-0.007157119491263634,-6.462878900611061,1.0,-0.5851245487515184,-528.3674675226212,0.2901439645625692,-0.06090808416389812,-55.0,0.06090808416389812,0.6644518272425249,600.0,0.0011074197120708748,0.0,0.0,0.0,0.0,0.0,0.0,0.0,0.0,0.0,0.0,0.0,0.0
