global_step,update,mode,eval_kind,episode_index,stage_id,stage_label,n_obstacles,seed,return,episode_length,success,collision,out_of_bounds,timeout,event,mission_distance,final_distance,min_distance,progress_total,path_length,path_ratio,path_efficiency,mean_speed,max_speed,mean_surge_speed,mean_abs_roll,max_abs_roll,mean_abs_pitch,max_abs_pitch,mean_abs_heading_error,max_abs_heading_error,mean_cross_track_error,max_cross_track_error,final_path_progress_fraction,mean_min_obstacle_clearance,min_obstacle_clearance,clearance_breach_steps,mean_action_l2,mean_action_delta_l2,mean_guidance_action_l2,mean_guided_action_l2,mean_propeller_rps,mean_abs_propeller_rps,mean_target_alignment,mean_abs_depth_error,mean_current_speed,max_current_speed,reward_total_check,rc_window_mean__progress_reward,rc_cumulative_sum__progress_reward,rc_trigger_rate__progress_reward,rc_window_mean__closing_speed_reward,rc_cumulative_sum__closing_speed_reward,rc_trigger_rate__closing_speed_reward,rc_window_mean__alignment_reward,rc_cumulative_sum__alignment_reward,rc_trigger_rate__alignment_reward,rc_window_mean__step_penalty,rc_cumulative_sum__step_penalty,rc_trigger_rate__step_penalty,rc_window_mean__action_l2_penalty,rc_cumulative_sum__action_l2_penalty,rc_trigger_rate__action_l2_penalty,rc_window_mean__action_smooth_penalty,rc_cumulative_sum__action_smooth_penalty,rc_trigger_rate__action_smooth_penalty,rc_window_mean__roll_penalty,rc_cumulative_sum__roll_penalty,rc_trigger_rate__roll_penalty,rc_window_mean__pitch_penalty,rc_cumulative_sum__pitch_penalty,rc_trigger_rate__pitch_penalty,rc_window_mean__obstacle_clearance_penalty,rc_cumulative_sum__obstacle_clearance_penalty,rc_trigger_rate__obstacle_clearance_penalty,rc_window_mean__orbit_penalty,rc_cumulative_sum__orbit_penalty,rc_trigger_rate__orbit_penalty,rc_window_mean__goal_bonus,rc_cumulative_sum__goal_bonus,rc_trigger_rate__goal_bonus,rc_window_mean__collision_penalty,rc_cumulative_sum__collision_penalty,rc_trigger_rate__collision_penalty,rc_window_mean__out_of_bounds_penalty,rc_cumulative_sum__out_of_bounds_penalty,rc_trigger_rate__out_of_bounds_penalty,rc_window_mean__timeout_penalty,rc_cumulative_sum__timeout_penalty,rc_trigger_rate__timeout_penalty
4096,1,train,,0,1,short_2.5D_no_current,0,,808.794278602782,595,1,0,0,0,goal,42.18210702081949,1.239850447972417,1.239850447972417,40.942256572847064,40.99084601713899,0.9717590919985923,0.9988146269469138,1.3778435636013098,1.5734928883647512,1.3777018816989948,0.0029831200042893737,0.010537592980127908,0.10803192990814516,0.16477615529706213,0.011687413123333872,0.040805767738401943,0.28205830866803194,0.4306543221951916,0.9714507822930759,,,0,0.6154862840335128,0.5594020136107667,0.37537536052595666,0.5751759945782794,24.441972163876944,24.441972163876944,0.9987653017455186,2.50716567236942,0.0,0.0,808.7942786027818,0.2936290673819028,174.70929509223217,1.0,0.05504841219878598,32.75380525827766,1.0,0.007990122413964155,4.754122836308673,1.0,-0.0020000000000000013,-1.1900000000000008,1.0,-0.0012309725680670256,-0.7324286779998802,1.0,-0.0005594020136107668,-0.3328441980984062,1.0,-1.7898719997712367e-05,-0.010649738398638859,1.0,-0.001944574738722373,-1.1570219695398118,1.0,0.0,0.0,0.0,0.0,0.0,0.0,1.0084033613445378,600.0,0.0016806722689075631,0.0,0.0,0.0,0.0,0.0,0.0,0.0,0.0,0.0
4096,1,train,,1,1,short_2.5D_no_current,0,,801.2525162492041,485,1,0,0,0,goal,34.04790639672032,1.2402641269898729,1.2402641269898729,32.807642269730415,32.82824182285861,0.964177986168947,0.9993725051362996,1.3537419308395313,1.5706358164969023,1.353656478318454,0.004682640746278231,0.024781305076686078,0.055863886114033395,0.09801707864724873,0.016298355680480135,0.05237008144418542,0.15849217948109182,0.283179691849315,0.963899491696348,,,0,0.6166532831381738,0.5045243979028435,0.3614605260878494,0.559060518796911,24.082406336548743,24.082406336548743,0.9993387019098358,1.0811305059644973,0.0,0.0,801.2525162492041,0.357614710305748,173.44313449828778,1.0,0.054115698589246086,26.24611381578435,1.0,0.007994709615278683,3.877434163410161,1.0,-0.0020000000000000013,-0.9700000000000008,1.0,-0.001233306566276347,-0.5981536846440283,1.0,-0.0005045243979028433,-0.244694332982879,1.0,-2.8095844442195244e-05,-0.013626484554464694,1.0,-0.0010055499507152699,-0.4876917260969059,1.0,0.0,0.0,0.0,0.0,0.0,0.0,1.2371134020618557,600.0,0.002061855670103093,0.0,0.0,0.0,0.0,0.0,0.0,0.0,0.0,0.0
4096,1,train,,2,1,short_2.5D_no_current,0,,803.587361149205,512,1,0,0,0,goal,36.20226642447906,1.2292295893270884,1.2292295893270884,34.973036835151994,34.989116845005256,0.9664896787054883,0.9995404282444591,1.3667623767580181,1.567484785168882,1.3667072207324262,0.004098999153272281,0.020271108808256333,0.04660545685740339,0.07726275803833849,0.01691630147598323,0.05398755671407107,0.13743617791678403,0.21819016730043447,0.9663240892521745,,,0,0.6256840365167591,0.5196824904596724,0.36502675486553926,0.5644597850332502,24.288127087020648,24.288127087020648,0.9994204743165834,0.9785621808432714,0.0,0.0,803.587361149205,0.33962537367672674,173.8881913224841,1.0,0.05464537005492494,27.97842946812157,1.0,0.007995363794532674,4.093626262800729,1.0,-0.0020000000000000013,-1.0240000000000007,1.0,-0.001251368073033518,-0.6407004533931612,1.0,-0.0005196824904596723,-0.2660774351153522,1.0,-2.4593994954756228e-05,-0.012592125416835189,1.0,-0.0008388982231954286,-0.42951589027605946,1.0,0.0,0.0,0.0,0.0,0.0,0.0,1.171875,600.0,0.001953125,0.0,0.0,0.0,0.0,0.0,0.0,0.0,0.0,0.0
4096,1,train,,3,1,short_2.5D_no_current,0,,811.3145333542477,612,1,0,0,0,goal,43.81314143621752,1.2461234161393058,1.2461234161393058,42.56701802007821,42.576014598212495,0.9717635668785354,0.9997886937464866,1.39137302608538,1.5754481545116616,1.3913309698101866,0.003984267354891015,0.021597125207469592,0.01847546640677888,0.06547455889945519,0.011051661835911598,0.03181204816158978,0.10866745067297094,0.1833710492181884,0.9716181030308982,,,0,0.6213513358627002,0.5095181618577472,0.3721121427743069,0.5729998831022409,24.653205659808,24.653205659808,0.9997861861485003,0.43897716745068144,0.0,0.0,811.3145333542479,0.28575241975291715,174.8804808887853,1.0,0.055643160810559734,34.05361441606256,1.0,0.007998289489187996,4.894953167383053,1.0,-0.0020000000000000013,-1.2240000000000009,1.0,-0.0012427026717253995,-0.7605340350959445,1.0,-0.0005095181618577466,-0.31182511505694094,1.0,-2.3905604140001005e-05,-0.014630229733680616,1.0,-0.00033255839558245573,-0.2035257380964629,1.0,0.0,0.0,0.0,0.0,0.0,0.0,0.9803921568627451,600.0,0.0016339869281045752,0.0,0.0,0.0,0.0,0.0,0.0,0.0,0.0,0.0
4096,1,train,,4,1,short_2.5D_no_current,0,,807.2584051510975,566,1,0,0,0,goal,40.265046883689,1.2483066303536496,1.2483066303536496,39.01674025333531,39.031529805494564,0.9693650653938733,0.9996210870485244,1.3792060001941535,1.5801299274783678,1.3791443450166272,0.0026623151165580013,0.0064320546684553115,0.07245392858404004,0.10811312038413545,0.014084231767491595,0.04041103393152312,0.1351748225766268,0.23484998188187117,0.9691644954098322,,,0,0.6286218208869649,0.5474697228557308,0.3685916102106285,0.5710957801173516,24.470531719106013,24.470531719106013,0.9995772269726915,1.5560976016828822,0.0,0.0,807.2584051510977,0.30816183193438146,174.4195968748599,1.0,0.05514733604711711,31.21339220266828,1.0,0.00799661781578153,4.526085683732346,1.0,-0.0020000000000000013,-1.1320000000000008,1.0,-0.0012572436417739288,-0.7115999012440437,1.0,-0.0005474697228557305,-0.3098678631363435,1.0,-1.597389069150015e-05,-0.009041222131389085,1.0,-0.0013041707131643066,-0.7381606236509975,1.0,0.0,0.0,0.0,0.0,0.0,0.0,1.0600706713780919,600.0,0.0017667844522968198,0.0,0.0,0.0,0.0,0.0,0.0,0.0,0.0,0.0
4096,1,train,,5,1,short_2.5D_no_current,0,,803.7024896878453,516,1,0,0,0,goal,36.2361048276954,1.2305814917738949,1.2305814917738949,35.00552333592154,35.01664691664277,0.9663468820158454,0.9996823344979962,1.3572343766140609,1.59084827957621,1.3571883233139754,0.004304496905148363,0.024587812542710807,0.03652747851517498,0.06312533286842514,0.011580690832929124,0.03601922432021487,0.12266933057338808,0.1621213722155373,0.9662121116949233,,,0,0.6196058668708789,0.5652058534495633,0.3619427844564351,0.5591126220777284,24.119352665714167,24.119352665714167,0.9996514502305897,0.772563564048089,0.0,0.0,803.7024896878456,0.33699066521457927,173.8871832507229,1.0,0.054272129202979115,28.004418668737223,1.0,0.007997211601844708,4.12656118655187,1.0,-0.0020000000000000013,-1.0320000000000007,1.0,-0.001239211733741758,-0.6394332546107471,1.0,-0.0005652058534495635,-0.29164622037997473,1.0,-2.582698145643852e-05,-0.013326722431522275,1.0,-0.0006574946138452809,-0.33926722074416493,1.0,0.0,0.0,0.0,0.0,0.0,0.0,1.1627906976744187,600.0,0.001937984496124031,0.0,0.0,0.0,0.0,0.0,0.0,0.0,0.0,0.0
4096,1,train,,6,1,short_2.5D_no_current,0,,800.7940361839636,477,1,0,0,0,goal,33.48340660748359,1.2266735959025017,1.2266735959025017,32.2567330115811,32.26967155937499,0.9637511480735259,0.9995990492878087,1.3530260611897296,1.571414218644654,1.3529683025080788,0.003038259717898193,0.011526654281128312,0.04671646898997018,0.09517352417328073,0.019387139322531947,0.05285161585066289,0.1291952945016127,0.2586578933485829,0.9634605895473236,,,0,0.6293189792378378,0.559903918568287,0.35980284952829966,0.5578902433128476,24.078360704119095,24.078360704119095,0.9995402794884756,0.847910464000912,0.0,0.0,800.7940361839637,0.3635338608922005,173.40565164557964,1.0,0.054099342577075285,25.805386409264912,1.0,0.007996322235907804,3.8142457065280224,1.0,-0.0020000000000000013,-0.9540000000000007,1.0,-0.0012586379584756749,-0.6003703061928969,1.0,-0.0005599039185682867,-0.26707416915707277,1.0,-1.8229558293669536e-05,-0.008695499306080368,1.0,-0.0008408964418296534,-0.4011076027527447,1.0,0.0,0.0,0.0,0.0,0.0,0.0,1.2578616352201257,600.0,0.0020964360587002098,0.0,0.0,0.0,0.0,0.0,0.0,0.0,0.0,0.0
8192,2,train,,0,1,short_2.5D_no_current,0,,807.6048208550607,568,1,0,0,0,goal,40.22695688999995,1.2357386520516196,1.2357386520516196,38.99121823794839,39.007393267352555,0.9696829261536668,0.9995853342648824,1.373499762934947,1.5761934000825135,1.3734334358688782,0.00367037289252384,0.01669123298530195,0.048985864828686415,0.08560494026235732,0.013928317300683104,0.04707029631156434,0.14106847498429115,0.20810932563853868,0.9695249189801096,,,0,0.5948479128747353,0.48514958689953397,0.369016230001416,0.5639663512726695,24.381933287628065,24.381933287628065,0.9995485994822675,1.0867087973887226,0.0,0.0,807.6048208550606,0.30716646080395643,174.47054973664726,1.0,0.054917208785842754,31.192974590358684,1.0,0.007996388795858147,4.541948836047427,1.0,-0.0020000000000000013,-1.1360000000000008,1.0,-0.0011896958257494703,-0.6757472290256992,1.0,-0.0004851495868995336,-0.2755649653589351,1.0,-2.202223735075292e-05,-0.01250863081522766,1.0,-0.0008817455682974851,-0.5008314827929715,1.0,0.0,0.0,0.0,0.0,0.0,0.0,1.056338028169014,600.0,0.0017605633802816902,0.0,0.0,0.0,0.0,0.0,0.0,0.0,0.0,0.0
8192,2,train,,1,1,short_2.5D_no_current,0,,799.2427745898976,462,1,0,0,0,goal,32.085549833121505,1.2470738119365314,1.2470738119365314,30.83847602118498,30.854269157976717,0.9616250716740483,0.9994881377124546,1.3356826475314605,1.564537773768272,1.3356115446365837,0.0030070268693069614,0.011325746448296314,0.04444208615315062,0.07066801766746433,0.016982604747103416,0.04739280866067874,0.11822401466866782,0.18825048730700072,0.9614163802986972,,,0,0.6111123822750403,0.5605455733859888,0.3572767648152459,0.5501911446081225,23.797961584988247,23.797961584988247,0.999360434202049,0.8209291039722066,0.0,0.0,799.2427745898976,0.37446734496042844,173.00391337171794,1.0,0.05339995847824236,24.67078081694797,1.0,0.007994883473616396,3.693636164810775,1.0,-0.0020000000000000013,-0.9240000000000007,1.0,-0.0012222247645500815,-0.5646678412221376,1.0,-0.0005605455733859881,-0.2589720549043265,1.0,-1.8042161190489953e-05,-0.008335478470006359,1.0,-0.0007999575519102761,-0.3695803889825475,1.0,0.0,0.0,0.0,0.0,0.0,0.0,1.2987012987012987,600.0,0.0021645021645021645,0.0,0.0,0.0,0.0,0.0,0.0,0.0,0.0,0.0
8192,2,train,,2,1,short_2.5D_no_current,0,,811.6805284874888,626,1,0,0,0,goal,44.460383683818165,1.2348691107351704,1.2348691107351704,43.22551457308301,43.23880707680594,0.9725243800031166,0.9996925793142412,1.3814315360001885,1.5594478167402228,1.3813796498392803,0.0040359904306996545,0.022673199653316267,0.05088582525999257,0.0876238049815603,0.012063620660921566,0.03534144216964741,0.12919585131689074,0.21680659422922116,0.9723372933897425,,,0,0.5900869748336427,0.5229443822371455,0.37301476773457787,0.5666130956726524,24.476619673794833,24.476619673794833,0.9996478642268828,1.2398998673068429,0.0,0.0,811.6805284874888,0.27955363108695463,175.0005730604336,1.0,0.05524027421480262,34.58041165846644,1.0,0.007997182913815052,5.006236504048222,1.0,-0.0020000000000000013,-1.252000000000001,1.0,-0.0011801739496672865,-0.7387888924917214,1.0,-0.0005229443822371454,-0.327363183280453,1.0,-2.421594263607416e-05,-0.015159180090182424,1.0,-0.0009159448555863714,-0.5733814795970685,1.0,0.0,0.0,0.0,0.0,0.0,0.0,0.9584664536741214,600.0,0.001597444089456869,0.0,0.0,0.0,0.0,0.0,0.0,0.0,0.0,0.0
8192,2,train,,3,1,short_2.5D_no_current,0,,806.2683804907199,550,1,0,0,0,goal,38.62425838214806,1.2277615582319414,1.2277615582319414,37.3964968239161,37.41000465335891,0.9685624066415637,0.9996389246788938,1.3603638055766887,1.5808156363629229,1.3603139648215923,0.0028883510230515897,0.010685319561335227,0.027064195686360617,0.06110105769805596,0.013688889114999861,0.05233752116683821,0.11754952848621648,0.1669267208917833,0.9683660881154467,,,0,0.5900940529765053,0.5432402658987452,0.3668203168836507,0.557610111575235,24.158925013637486,24.158925013637486,0.9996029210789539,0.6013762531246948,0.0,0.0,806.2683804907201,0.3168696052340426,174.27828287872345,1.0,0.05439490447115068,29.917197459132876,1.0,0.00799682336863164,4.398252852747402,1.0,-0.0020000000000000013,-1.1000000000000008,1.0,-0.0011801881059530113,-0.6491034582741563,1.0,-0.0005432402658987453,-0.2987821462443099,1.0,-1.733010614931118e-05,-0.009531558382121148,1.0,-0.00048715552178724836,-0.2679355369829866,1.0,0.0,0.0,0.0,0.0,0.0,0.0,1.0909090909090908,600.0,0.0018181818181818182,0.0,0.0,0.0,0.0,0.0,0.0,0.0,0.0,0.0
8192,2,train,,4,1,short_2.5D_no_current,0,,803.5887506221425,509,1,0,0,0,goal,35.81923077142117,1.2209013460752915,1.2209013460752915,34.598329425345895,34.60452170226531,0.9660877957735198,0.9998210558442994,1.3597061572599303,1.5783796662879128,1.3596693359233634,0.0034600397318035117,0.015970979928323636,0.012541997739623266,0.03485040539953399,0.011346618640431976,0.03893577736655507,0.06296304887460451,0.16214047370388687,0.9659566805409365,,,0,0.611641264207705,0.5101304765697385,0.3615543746292474,0.5570530587686536,24.17702455967383,24.17702455967383,0.9997999618118493,0.20666565720572222,0.0,0.0,803.5887506221425,0.34158091473780544,173.86468560154296,1.0,0.05437851383158486,27.678663540276695,1.0,0.007998399694494798,4.071185444497853,1.0,-0.0020000000000000013,-1.0180000000000007,1.0,-0.0012232825284154098,-0.6226508069634435,1.0,-0.0005101304765697383,-0.2596564125739968,1.0,-2.0760238467565736e-05,-0.01056696137999096,1.0,-0.00022575595924870495,-0.11490978325759081,1.0,0.0,0.0,0.0,0.0,0.0,0.0,1.1787819253438114,600.0,0.0019646365422396855,0.0,0.0,0.0,0.0,0.0,0.0,0.0,0.0,0.0
8192,2,train,,5,1,short_2.5D_no_current,0,,800.1368654387758,475,1,0,0,0,goal,32.77001291416591,1.2184262052328727,1.2184262052328727,31.551586708933023,31.571376850030905,0.9634227771812426,0.9993731619247436,1.3293211305276167,1.566439422143368,1.3292441164056361,0.004421267592305936,0.022945143456685635,0.048354509929874896,0.08093310120775365,0.018760582631878027,0.04834204139315501,0.16555610168605106,0.21453084399714073,0.9631362332902047,,,0,0.592626658823145,0.5685915169649218,0.3573418569878528,0.5457094097372732,23.6700732122672,23.6700732122672,0.9992915690522076,0.9199604941750689,0.0,0.0,800.136865438776,0.36485767595441815,173.30739607834863,1.0,0.053139514457150386,25.241269367146433,1.0,0.007994332552417662,3.7973079623983894,1.0,-0.0020000000000000013,-0.9500000000000007,1.0,-0.0011852533176462895,-0.5629953258819875,1.0,-0.000568591516964922,-0.2700809705583379,1.0,-2.6527605500580812e-05,-0.012600612612775886,1.0,-0.0008703811790828446,-0.4134310600643512,1.0,0.0,0.0,0.0,0.0,0.0,0.0,1.263157894736842,600.0,0.002105263157894737,0.0,0.0,0.0,0.0,0.0,0.0,0.0,0.0,0.0
8192,2,train,,6,1,short_2.5D_no_current,0,,801.627554575511,488,1,0,0,0,goal,33.99096120451762,1.239816299000855,1.239816299000855,32.751144905516725,32.75620784693204,0.9636740676394444,0.9998454356670669,1.3424675347103323,1.568923909161636,1.342430519800102,0.002699522265593528,0.00890510549708079,0.012115803762331389,0.0372059072100428,0.014804697689591107,0.0466403532713211,0.05643839017303465,0.1220672842494117,0.963526810542528,,,0,0.5885390663027122,0.504714018417633,0.35749793672537217,0.5477571588192807,23.881530526982708,23.881530526982708,0.9997851952166821,0.18620209788656805,0.0,0.0,801.6275545755111,0.35539860909836607,173.43452124000265,1.0,0.05369040148445368,26.200915924413394,1.0,0.00799828156173345,3.9031614021259244,1.0,-0.0020000000000000013,-0.9760000000000008,1.0,-0.0011770781326054251,-0.5744141287114475,1.0,-0.0005047140184176333,-0.246300440987805,1.0,-1.6197133523765386e-05,-0.007904201159597508,1.0,-0.00021808446756545663,-0.10642522017194284,1.0,0.0,0.0,0.0,0.0,0.0,0.0,1.2295081967213115,600.0,0.0020491803278688526,0.0,0.0,0.0,0.0,0.0,0.0,0.0,0.0,0.0
12288,3,train,,0,1,short_2.5D_no_current,0,,793.9106552541427,398,1,0,0,0,goal,26.78116398387053,1.2191983925117271,1.2191983925117271,25.561965591358813,25.566701447731795,0.9546523617543222,0.9998147646702616,1.284758866720195,1.5584054452390839,1.284731620231099,0.004339575230434388,0.02028916965564509,0.009426873052990241,0.035091098756753425,0.01513217349592744,0.042446743870439896,0.0621887297606312,0.15763428981908215,0.9544756690082373,,,0,0.5628706947268554,0.5173329332581342,0.3406515150476041,0.5177946152100011,22.98403647898897,22.98403647898897,0.9997891431905574,0.08150844803726778,0.0,0.0,793.9106552541426,0.4316723486273249,171.8055947536753,1.0,0.05138083535951516,20.449572473087034,1.0,0.007998313145524452,3.183328631918732,1.0,-0.0020000000000000013,-0.7960000000000006,1.0,-0.0011257413894537104,-0.44804507300257673,1.0,-0.0005173329332581346,-0.2058985074367376,1.0,-2.6037451394595345e-05,-0.010362905655048948,1.0,-0.00016968371468363276,-0.06753411844408584,1.0,0.0,0.0,0.0,0.0,0.0,0.0,1.5075376884422111,600.0,0.002512562814070352,0.0,0.0,0.0,0.0,0.0,0.0,0.0,0.0,0.0
12288,3,train,,1,1,short_2.5D_no_current,0,,805.8640004664481,545,1,0,0,0,goal,38.294843217027626,1.2378023943374645,1.2378023943374645,37.057040822690155,37.064026163694294,0.9678594570460063,0.9998115331299066,1.360147749126397,1.5782239240618512,1.3601049442527646,0.0031351999642989306,0.012745755128241942,0.02964106083083581,0.05473560528857346,0.013688307356521759,0.04011269472708534,0.07844711103824496,0.15735918778242847,0.9676841190493599,,,0,0.5853859399915289,0.5382889714391065,0.3659326358809384,0.5550981561935276,24.157851144352804,24.157851144352804,0.9997633748448511,0.580495165395753,0.0,0.0,805.8640004664479,0.31959975884150504,174.18186856862025,1.0,0.05439565625349015,29.645632658152135,1.0,0.007998106998758811,4.358968314323552,1.0,-0.0020000000000000013,-1.0900000000000007,1.0,-0.0011707718799830577,-0.6380706745907665,1.0,-0.0005382889714391066,-0.2933674894343131,1.0,-1.8811199769918127e-05,-0.01025210387460538,1.0,-0.0005335390949510717,-0.29077880674833406,1.0,0.0,0.0,0.0,0.0,0.0,0.0,1.1009174311926606,600.0,0.001834862385321101,0.0,0.0,0.0,0.0,0.0,0.0,0.0,0.0,0.0
12288,3,train,,2,1,short_2.5D_no_current,0,,805.0111004408939,535,1,0,0,0,goal,37.35204368636611,1.2293025563253652,1.2293025563253652,36.12274113004077,36.13399266589777,0.9673899765513249,0.999688616313147,1.350803464145709,1.5766546514618183,1.350764703882697,0.003211583289742671,0.013965883670421508,0.027442835907645974,0.04843772159624171,0.011119454886293047,0.030722890337556485,0.09094748216017558,0.14507578011389005,0.9672696474707829,,,0,0.5665253028325806,0.5433467621384102,0.364346568551019,0.547678999616721,24.007724901145565,24.007724901145565,0.9996236784644482,0.6149888552354372,0.0,0.0,805.011100440894,0.3253756532278214,174.07597447688445,1.0,0.05401531383931327,28.898192904032598,1.0,0.007996989427715583,4.278389343827837,1.0,-0.0020000000000000013,-1.0700000000000007,1.0,-0.001133050605665162,-0.6061820740308617,1.0,-0.0005433467621384104,-0.2906905177440496,1.0,-1.9269499735441e-05,-0.010309182358460936,1.0,-0.0004939710462010014,-0.26427450971753574,1.0,0.0,0.0,0.0,0.0,0.0,0.0,1.1214953271028036,600.0,0.001869158878504673,0.0,0.0,0.0,0.0,0.0,0.0,0.0,0.0,0.0
12288,3,train,,3,1,short_2.5D_no_current,0,,809.1254375239301,587,1,0,0,0,goal,41.34898412829004,1.2273822233788905,1.2273822233788905,40.121601904911095,40.130320015273895,0.9705273505816951,0.9997827550251425,1.3673022151711711,1.563462421550153,1.3672653089668416,0.002617987565117289,0.0071341686526955606,0.013266856666268737,0.03702662731917172,0.014233242859259247,0.04691209821779463,0.11603949407133231,0.18844006558148696,0.9703637028572732,,,0,0.5835856460241102,0.5368896774940504,0.3688671215987896,0.5591956155288971,24.266333348521716,24.266333348521716,0.999758611197491,0.33527202998721933,0.0,0.0,809.1254375239299,0.2975416891150381,174.65697151052737,1.0,0.054680207025432546,32.097281523928906,1.0,0.007998068889579941,4.694866438183426,1.0,-0.0020000000000000013,-1.1740000000000008,1.0,-0.0011671712920482214,-0.6851295484323059,1.0,-0.0005368896774940504,-0.31515424068900755,1.0,-1.5707925389850252e-05,-0.009220552203842098,1.0,-0.00023880341973524764,-0.14017760738459037,1.0,0.0,0.0,0.0,0.0,0.0,0.0,1.0221465076660987,600.0,0.0017035775127768314,0.0,0.0,0.0,0.0,0.0,0.0,0.0,0.0,0.0
12288,3,train,,4,1,short_2.5D_no_current,0,,807.3669930791687,567,1,0,0,0,goal,39.79530826383864,1.2220679532543368,1.2220679532543368,38.5732403105843,38.59960208159182,0.9699535891437397,0.9993170455241536,1.3615379922960054,1.5623236456755834,1.361478997446727,0.003926513170106443,0.021294717471850078,0.037958002468243365,0.07173815002383144,0.01727488288410595,0.05871225696432658,0.2009848762054274,0.27110959032632176,0.9696071162246649,,,0,0.5830806397473213,0.5302232346798061,0.3701880455963195,0.5572812286266364,24.173002474221487,24.173002474221487,0.9992505118392238,0.9287940161723098,0.0,0.0,807.3669930791689,0.30771147777735586,174.47240789976078,1.0,0.0544243249532054,30.85859224846746,1.0,0.007994004094713788,4.532600321702718,1.0,-0.0020000000000000013,-1.1340000000000008,1.0,-0.0011661612794946423,-0.6612134454734622,1.0,-0.0005302232346798059,-0.30063657406344996,1.0,-2.3559079057454315e-05,-0.013357997825576597,1.0,-0.0006832440447964011,-0.38739937339955943,1.0,0.0,0.0,0.0,0.0,0.0,0.0,1.0582010582010581,600.0,0.001763668430335097,0.0,0.0,0.0,0.0,0.0,0.0,0.0,0.0,0.0
12288,3,train,,5,1,short_2.5D_no_current,0,,795.8513171633124,431,1,0,0,0,goal,29.218597809625937,1.2224856658602399,1.2224856658602399,27.996112143765693,28.02096022946096,0.9590111206578702,0.9991132321843439,1.300276576773127,1.5468475300213047,1.3001459195263214,0.002477013044991024,0.0065434621697590956,0.11315891257884247,0.13814218449291804,0.014246424543575135,0.03219725540862006,0.18309478607525653,0.2383277833859059,0.958726614283542,,,0,0.5555231643790971,0.5434430624896406,0.3514535633842796,0.5291038888858809,23.231314298949336,23.231314298949336,0.9990947475395049,1.8098262816261457,0.0,0.0,795.8513171633123,0.40015992130630734,172.46892608301846,1.0,0.05196494133413586,22.396889715012556,1.0,0.007992757980316043,3.4448786895162145,1.0,-0.0020000000000000013,-0.8620000000000007,1.0,-0.0011110463287581941,-0.4788609676947817,1.0,-0.0005434430624896406,-0.2342239599330351,1.0,-1.4862078227418242e-05,-0.006405555716017262,1.0,-0.002036860419700912,-0.8778868408910931,1.0,0.0,0.0,0.0,0.0,0.0,0.0,1.3921113689095128,600.0,0.002320185614849188,0.0,0.0,0.0,0.0,0.0,0.0,0.0,0.0,0.0
12288,3,train,,6,1,short_2.5D_no_current,0,,811.9603020194843,624,1,0,0,0,goal,44.39790226165722,1.2384788850809183,1.2384788850809183,43.159423376576285,43.16642334522424,0.972262677881146,0.9998378376500654,1.3835392097828274,1.5691152279221323,1.3835070301818642,0.004228998821646847,0.025369871905214225,0.01963444301209587,0.03617177383552583,0.01524844296087745,0.04679025896708833,0.06984256706897495,0.16994782477960826,0.9721066081827526,,,0,0.5806778570075926,0.5256910554968411,0.3730998325089996,0.563133796151632,24.51494213027127,24.51494213027127,0.9997887644127809,0.43589652453790945,0.0,0.0,811.9603020194843,0.28041490773477296,174.97890242649834,1.0,0.05533259407253372,34.527538701261044,1.0,0.007998310115302252,4.990945511948605,1.0,-0.0020000000000000013,-1.2480000000000009,1.0,-0.0011613557140151846,-0.7246859655454753,1.0,-0.0005256910554968413,-0.32803121863002893,1.0,-2.5373993000340055e-05,-0.015833371632212195,1.0,-0.00035341997502557465,-0.22053406441595858,1.0,0.0,0.0,0.0,0.0,0.0,0.0,0.9615384615384616,600.0,0.0016025641025641025,0.0,0.0,0.0,0.0,0.0,0.0,0.0,0.0,0.0
12288,3,train,,7,1,short_2.5D_no_current,0,,793.5798475855498,394,1,0,0,0,goal,26.674163644149797,1.2325241991136933,1.2325241991136933,25.441639445036106,25.44768633412029,0.9540200275295793,0.9997623796126377,1.291760727620323,1.56411383796503,1.291725365812791,0.005771733443629108,0.027049897542509527,0.020578165179433953,0.04285235757035499,0.016510781169488325,0.04559082328949948,0.05537046745646388,0.08112366210710809,0.9538456452046763,,,0,0.5738378066077904,0.5267002063928654,0.3422500553734714,0.52442082910217,23.098192819933644,23.098192819933644,0.9996906414543967,0.340031309828844,0.0,0.0,793.5798475855502,0.43574314701978606,171.6827999257957,1.0,0.05165815115743375,20.3533115560289,1.0,0.007997525131635175,3.1510249018642593,1.0,-0.0020000000000000013,-0.7880000000000006,1.0,-0.0011476756132155809,-0.45218419160693885,1.0,-0.0005267002063928655,-0.207519881318789,1.0,-3.463040057154956e-05,-0.013644377825190526,1.0,-0.000370406973065494,-0.14594034738780465,1.0,0.0,0.0,0.0,0.0,0.0,0.0,1.5228426395939085,600.0,0.0025380710659898475,0.0,0.0,0.0,0.0,0.0,0.0,0.0,0.0,0.0
16384,4,train,,0,1,short_2.5D_no_current,0,,804.5732706622332,540,1,0,0,0,goal,37.67627957174591,1.245282371891091,1.245282371891091,36.430997199854815,36.464766386745126,0.9678441396344952,0.9990739228511119,1.3505469032127835,1.5542320172312007,1.3504608277223524,0.0039038482403573,0.021235148512438684,0.09270701537974649,0.13603593887246923,0.011405081803491502,0.038123367484835136,0.26410729538863653,0.3975650247621636,0.9675978078639286,,,0,0.5866343836679503,0.575373347771906,0.3685307004385524,0.5554740391947605,24.003100540745923,24.003100540745923,0.9990483497637119,1.9816147819279506,0.0,0.0,804.573270662233,0.32231594709769823,174.05061143275705,1.0,0.05397184770348863,29.14479775988386,1.0,0.007992386798109676,4.315888870979225,1.0,-0.0020000000000000013,-1.0800000000000007,1.0,-0.001173268767335901,-0.6335651343613866,1.0,-0.0005753733477719057,-0.3107016077968291,1.0,-2.34230894799516e-05,-0.012648468319173866,1.0,-0.0016687262794623772,-0.9011121909096836,1.0,0.0,0.0,0.0,0.0,0.0,0.0,1.1111111111111112,600.0,0.001851851851851852,0.0,0.0,0.0,0.0,0.0,0.0,0.0,0.0,0.0
16384,4,train,,1,1,short_2.5D_no_current,0,,797.6208352750836,442,1,0,0,0,goal,30.276918673932446,1.2448703765306215,1.2448703765306215,29.03204829740184,29.037783630582854,0.9590732776774787,0.9998024872265048,1.3139268611123454,1.554951920982393,1.3138942663770798,0.004828913658849811,0.024080255206896606,0.0116527118062129,0.046835538841442315,0.01610450045256443,0.04282693180268726,0.05773262969672738,0.13721309066885776,0.9589069878843521,,,0,0.5731612209323372,0.5492125710649458,0.351770367085664,0.5330786311585979,23.456337901817555,23.456337901817555,0.9997301032686194,0.09512992683898248,0.0,0.0,797.6208352750837,0.39049568489094005,172.5990927217955,1.0,0.0525466937509535,23.225638637921445,1.0,0.007997840826148938,3.535045645157831,1.0,-0.0020000000000000013,-0.8840000000000007,1.0,-0.0011463224418646748,-0.5066745193041863,1.0,-0.0005492125710649459,-0.24275195641070607,1.0,-2.8973481964805192e-05,-0.012806279028443895,1.0,-0.0002097488123253535,-0.09270897504780624,1.0,0.0,0.0,0.0,0.0,0.0,0.0,1.3574660633484164,600.0,0.0022624434389140274,0.0,0.0,0.0,0.0,0.0,0.0,0.0,0.0,0.0
16384,4,train,,2,1,short_2.5D_no_current,0,,794.9380986459322,411,1,0,0,0,goal,27.93111737979551,1.2340793560989147,1.2340793560989147,26.69703802369658,26.70520886616977,0.9561095785407954,0.9996940356275017,1.299523545799017,1.5726030129146948,1.2994665505664351,0.0035284126236000274,0.014685529926730112,0.030655631924343955,0.052650764328768584,0.024558548389864498,0.06758759190779795,0.05519815157347037,0.10431350005295083,0.9558860053498659,,,0,0.578196217931372,0.5354051202226321,0.3471480543813566,0.5316298023011272,23.235248907149614,23.235248907149614,0.9994588504014036,0.46620732793160813,0.0,0.0,794.9380986459324,0.41860600426579175,172.0470677532404,1.0,0.05196503751571115,21.357630418957285,1.0,0.007995670803211223,3.286220700119813,1.0,-0.0020000000000000013,-0.8220000000000006,1.0,-0.0011563924358627437,-0.47527729113958767,1.0,-0.0005354051202226322,-0.2200515044115018,1.0,-2.1170475758263744e-05,-0.008701065536646398,1.0,-0.0005518013754193366,-0.22679036529734733,1.0,0.0,0.0,0.0,0.0,0.0,0.0,1.4598540145985401,600.0,0.0024330900243309003,0.0,0.0,0.0,0.0,0.0,0.0,0.0,0.0,0.0
16384,4,train,,3,1,short_2.5D_no_current,0,,803.9054520144737,531,1,0,0,0,goal,36.91655949297925,1.2418805263556663,1.2418805263556663,35.67467896662355,35.69912994036354,0.9670221285695044,0.9993150820823701,1.3445999977538081,1.5584284390000154,1.3445130730783414,0.004306389756308202,0.02319741752552895,0.08609008966427348,0.1215011621180877,0.02075413148254597,0.05991473403485381,0.20549626486487124,0.32540768460284253,0.9666778454917204,,,0,0.579086483173816,0.5839932340227082,0.3672983456550345,0.5528838413920106,23.914162223546647,23.914162223546647,0.9992007359927791,1.7554622576524332,0.0,0.0,803.9054520144736,0.3275795924701367,173.9447636016426,1.0,0.05374716228493197,28.539743173298874,1.0,0.007993605887942228,4.244604726497323,1.0,-0.0020000000000000013,-1.0620000000000007,1.0,-0.001158172966347632,-0.6149898451305926,1.0,-0.0005839932340227075,-0.31010040726605764,1.0,-2.5838338599747797e-05,-0.01372015779646608,1.0,-0.0015496216135067952,-0.8228490767721083,1.0,0.0,0.0,0.0,0.0,0.0,0.0,1.1299435028248588,600.0,0.0018832391713747645,0.0,0.0,0.0,0.0,0.0,0.0,0.0,0.0,0.0
16384,4,train,,4,1,short_2.5D_no_current,0,,803.9490679877161,519,1,0,0,0,goal,36.30235472766417,1.2451297760166105,1.2451297760166105,35.057224951647584,35.06535481691767,0.9659250778626808,0.9997681510621363,1.3512660815767903,1.5626524986031058,1.3512280094351827,0.0026428466855222227,0.00819502458978949,0.01879401311914256,0.049572791913533365,0.009133892258911614,0.029794598228781055,0.12952931626955158,0.2222457423613641,0.9658032653923685,,,0,0.5738405920322877,0.4941162554213422,0.362332395678081,0.5492615457014082,24.010272634331127,24.010272634331127,0.999754610791236,0.4411121731425663,0.0,0.0,803.9490679877164,0.3349252471072798,173.8262032486782,1.0,0.05403811167884022,28.045779961318075,1.0,0.007998036886329885,4.15098114400521,1.0,-0.0020000000000000013,-1.0380000000000007,1.0,-0.0011476811840645752,-0.5956465345295145,1.0,-0.0004941162554213426,-0.25644633656367677,1.0,-1.585708011365348e-05,-0.008229824578986156,1.0,-0.00033829223624845864,-0.17557367061295004,1.0,0.0,0.0,0.0,0.0,0.0,0.0,1.1560693641618498,600.0,0.0019267822736030828,0.0,0.0,0.0,0.0,0.0,0.0,0.0,0.0,0.0
16384,4,train,,5,1,short_2.5D_no_current,0,,805.4602582891318,545,1,0,0,0,goal,37.920150707530894,1.2226451025645988,1.2226451025645988,36.697505604966295,36.706169138826354,0.9679858453604868,0.99976397608186,1.3470153812413346,1.567648852471722,1.346976080070816,0.0024941352882447876,0.004133257619957309,0.044773724268235705,0.0628842087249879,0.01429683340755066,0.036311489823392495,0.06812153976472828,0.10174815060684327,0.967869219947603,,,0,0.5733184330763483,0.5331106751516393,0.36352203873866196,0.5483214557170868,23.941044892568915,23.941044892568915,0.9997188792097749,0.8890037804307429,0.0,0.0,805.4602582891317,0.319626289832552,174.19632795874082,1.0,0.05386789813573036,29.358004483973048,1.0,0.007997751033678193,4.3587743133546155,1.0,-0.0020000000000000013,-1.0900000000000007,1.0,-0.0011466368661526977,-0.6249170920532202,1.0,-0.0005331106751516399,-0.29054531795764377,1.0,-1.4964811722299424e-05,-0.008155822388653186,1.0,-0.0008059270358482082,-0.43923023453727345,1.0,0.0,0.0,0.0,0.0,0.0,0.0,1.1009174311926606,600.0,0.001834862385321101,0.0,0.0,0.0,0.0,0.0,0.0,0.0,0.0,0.0
16384,4,train,,6,1,short_2.5D_no_current,0,,802.4323392938068,512,1,0,0,0,goal,35.39249185825872,1.2355453720297709,1.2355453720297709,34.15694648622891,34.19826900757704,0.966257734678181,0.9987916779840836,1.3358698831084819,1.5556053904508167,1.3357282373649295,0.004098495093733816,0.02173094581207735,0.08440871556844207,0.14555780576791122,0.016522644061357464,0.08668403625990617,0.18395478641557186,0.28077022805369606,0.9660034996147782,,,0,0.5817550472766015,0.5654131343417248,0.36678967626357917,0.5521541797061218,23.766584384029482,23.766584384029482,0.9985983751813897,1.6586057536024734,0.0,0.0,802.4323392938066,0.33928951787730005,173.71623315317763,1.0,0.0533702288847328,27.325557188983193,1.0,0.007988787001451116,4.090258944742971,1.0,-0.0020000000000000013,-1.0240000000000007,1.0,-0.001163510094553204,-0.5957171684112404,1.0,-0.0005654131343417244,-0.2894915247829629,1.0,-2.459097058353609e-05,-0.012590576938770479,1.0,-0.0015193568807893591,-0.7779107229641519,1.0,0.0,0.0,0.0,0.0,0.0,0.0,1.171875,600.0,0.001953125,0.0,0.0,0.0,0.0,0.0,0.0,0.0,0.0,0.0
16384,4,train,,7,1,short_2.5D_no_current,0,,799.8466601338987,470,1,0,0,0,goal,32.438753038968834,1.2315933120573765,1.2315933120573765,31.207159726911446,31.21651167283615,0.9623215675194295,0.999700416689004,1.328362198844091,1.565805680714727,1.3283165314834924,0.0052310991626824494,0.027319621806766392,0.03440966418830586,0.06279021670268259,0.0196374209749096,0.04024510918443136,0.10094775573654789,0.15301946110070608,0.9621172810454537,,,0,0.583665537651866,0.530225083128886,0.35588994893304843,0.54198899565542,23.671482547989815,23.671482547989815,0.9996415528987788,0.5184691101461902,0.0,0.0,799.8466601338985,0.36843827439752747,173.16598896683792,1.0,0.0531185697479344,24.965727781529168,1.0,0.007997132423190239,3.758652238899412,1.0,-0.0020000000000000013,-0.9400000000000007,1.0,-0.0011673310753037322,-0.5486456053927541,1.0,-0.0005302250831288861,-0.24920578907057644,1.0,-3.1386595062700694e-05,-0.014751699679469325,1.0,-0.0006193739557983051,-0.2911057592252034,1.0,0.0,0.0,0.0,0.0,0.0,0.0,1.2765957446808511,600.0,0.002127659574468085,0.0,0.0,0.0,0.0,0.0,0.0,0.0,0.0,0.0
20480,5,train,,0,1,short_2.5D_no_current,0,,803.2261789048048,526,1,0,0,0,goal,36.560040739824004,1.2433052850308335,1.2433052850308335,35.3167354547932,35.35741724204477,0.9671055208516427,0.9988494129259186,1.3443884882906783,1.5637616443974778,1.344259997298305,0.0032230678900495614,0.011202364205732174,0.12319990118471405,0.16361742043232663,0.011073735987402501,0.033581519694463324,0.28335849550965725,0.3875647738129076,0.966825061788292,,,0,0.5693701466885414,0.5354176860748872,0.36794062727927707,0.5529345616471631,23.911932714925147,23.911932714925147,0.9988891612512184,2.496501713695133,0.0,0.0,803.2261789048046,0.33056787207835353,173.87870071321396,1.0,0.05371366609094016,28.253388363834524,1.0,0.007991113290009743,4.203325590545125,1.0,-0.0020000000000000013,-1.0520000000000007,1.0,-0.0011387402933770825,-0.5989773943163453,1.0,-0.0005354176860748868,-0.28162970287539046,1.0,-1.9338407304402032e-05,-0.01017200224211547,1.0,-0.0022175982193065225,-1.166456663355231,1.0,0.0,0.0,0.0,0.0,0.0,0.0,1.1406844106463878,600.0,0.0019011406844106464,0.0,0.0,0.0,0.0,0.0,0.0,0.0,0.0,0.0
20480,5,train,,1,1,short_2.5D_no_current,0,,803.4354837346751,517,1,0,0,0,goal,35.853195852323736,1.2308846753719827,1.2308846753719827,34.62231117695174,34.63843429495316,0.9661184581041512,0.9995345309818535,1.3399781158589221,1.5553091378547457,1.3399318689994657,0.004261601657501142,0.021877692385237957,0.029732551331142693,0.05096608396397384,0.01576865852334563,0.05242465035583832,0.1638705179873156,0.29441719798704863,0.9658887519247832,,,0,0.5879679692321866,0.5509719380134324,0.3615553103949392,0.5483811974410162,23.825658329126266,23.825658329126266,0.9995116042598114,0.6521984612055105,0.0,0.0,803.4354837346748,0.336209626268719,173.82037678092772,1.0,0.053574175902439854,27.697848941561404,1.0,0.007996092834078485,4.133979995218577,1.0,-0.0020000000000000013,-1.0340000000000007,1.0,-0.0011759359384643723,-0.6079588801860805,1.0,-0.0005509719380134328,-0.28485249195294476,1.0,-2.556960999170971e-05,-0.01321948836571392,1.0,-0.0005351859236521578,-0.2766911225281656,1.0,0.0,0.0,0.0,0.0,0.0,0.0,1.1605415860735009,600.0,0.0019342359767891683,0.0,0.0,0.0,0.0,0.0,0.0,0.0,0.0,0.0
20480,5,train,,2,1,short_2.5D_no_current,0,,803.1106717787136,521,1,0,0,0,goal,35.96507867242337,1.2409523013274917,1.2409523013274917,34.72412637109588,34.747987580905004,0.9661590871911097,0.9993133067129839,1.3338958764262998,1.5485237681602753,1.3338314782862544,0.003141175915070926,0.013556546831967609,0.07081217741563814,0.10060375514055098,0.013547387186566302,0.04204410483237808,0.22457229131530915,0.3481742669925573,0.9659372400401013,,,0,0.5741677820904184,0.5926766143731894,0.3626177323957094,0.5461303900190827,23.736921442166505,23.736921442166505,0.9993090549667649,1.438763135867619,0.0,0.0,803.1106717787136,0.33356854856375096,173.78921380171425,1.0,0.05331919596329499,27.77930109687669,1.0,0.007994472439734118,4.165120141101475,1.0,-0.0020000000000000013,-1.0420000000000007,1.0,-0.0011483355641808367,-0.5982828289382159,1.0,-0.0005926766143731899,-0.30878451608843194,1.0,-1.884705553428772e-05,-0.009819315933363902,1.0,-0.0012746191938942193,-0.6640766000188882,1.0,0.0,0.0,0.0,0.0,0.0,0.0,1.1516314779270633,600.0,0.0019193857965451055,0.0,0.0,0.0,0.0,0.0,0.0,0.0,0.0,0.0
20480,5,train,,3,1,short_2.5D_no_current,0,,810.3834859553381,621,1,0,0,0,goal,43.58679673690228,1.232669893556383,1.232669893556383,42.35412684334588,42.400795381189376,0.9727898940848574,0.9988993475847817,1.3655650686373386,1.5450594651227247,1.365453264030146,0.004470539240542475,0.028609307848425747,0.09659499133012336,0.14899242152107783,0.016588241751545343,0.0431137743870047,0.29683215174399463,0.39400176969152273,0.9724900500083761,,,0,0.552124035048288,0.5592499712869021,0.3772973714339368,0.5583951400829879,24.228035198968875,24.228035198968875,0.9988241766797333,2.337249839305152,0.0,0.0,810.3834859553376,0.28165773638795116,174.9094542969177,1.0,0.054562482245856164,33.88330147467668,1.0,0.007990593413437863,4.962158509744913,1.0,-0.0020000000000000013,-1.2420000000000009,1.0,-0.0011042480700965763,-0.6857380515299738,1.0,-0.0005592499712869014,-0.3472942321691658,1.0,-2.6823235418213248e-05,-0.016657229194710427,1.0,-0.001738709843973967,-1.0797388131078336,1.0,0.0,0.0,0.0,0.0,0.0,0.0,0.966183574879227,600.0,0.001610305958132045,0.0,0.0,0.0,0.0,0.0,0.0,0.0,0.0,0.0
20480,5,train,,4,1,short_2.5D_no_current,0,,807.6598240995469,572,1,0,0,0,goal,39.96238555839919,1.2251762905961732,1.2251762905961732,38.737209267803024,38.75071756327162,0.9696797881758862,0.9996514052818106,1.354920194519989,1.5664271887159873,1.3548708208860685,0.0033727673982559226,0.016547292240374212,0.025436450274912176,0.05587784360648351,0.017476292092047575,0.0762166773159274,0.0876697818630365,0.17693313818254405,0.9693701438701583,,,0,0.5692976323392737,0.5539205529974526,0.3672657443692426,0.5515184867736342,24.055782313655072,24.055782313655072,0.9995907859727907,0.5249994626059354,0.0,0.0,807.659824099547,0.30503761770316556,174.4815173262107,1.0,0.054177915059864405,30.98976741424244,1.0,0.007996726287782321,4.574127436611488,1.0,-0.0020000000000000013,-1.1440000000000008,1.0,-0.0011385952646785476,-0.6512764913961292,1.0,-0.0005539205529974528,-0.316842556314543,1.0,-2.0236604376018925e-05,-0.011575337703082824,1.0,-0.0004578561050766379,-0.2618936921038369,1.0,0.0,0.0,0.0,0.0,0.0,0.0,1.048951048951049,600.0,0.0017482517482517483,0.0,0.0,0.0,0.0,0.0,0.0,0.0,0.0,0.0
20480,5,train,,5,1,short_2.5D_no_current,0,,798.4852915476635,456,1,0,0,0,goal,31.116102837415816,1.240713979001829,1.240713979001829,29.87538885841396,29.882976407457598,0.9603701518663373,0.9997460912547614,1.3106568599762112,1.561538461439812,1.3106268136811312,0.004307982069869417,0.021319185600526147,0.024355047760351977,0.04021913620177475,0.01692459669168877,0.043862249246262586,0.06481278794918505,0.12846961343674737,0.960249332543451,,,0,0.5620828556231827,0.5447597749237167,0.35089954678296,0.5304369097085375,23.382611423312877,23.382611423312877,0.9997172056235256,0.4033005226625203,0.0,0.0,798.4852915476636,0.37899722584978124,172.82273498750024,1.0,0.052412962909498255,23.900311086731204,1.0,0.007997737644988205,3.646968366114621,1.0,-0.0020000000000000013,-0.9120000000000007,1.0,-0.0011241657112463662,-0.512619564328343,1.0,-0.0005447597749237171,-0.248410457365215,1.0,-2.584789241069529e-05,-0.011786638939277052,1.0,-0.00043839085975808914,-0.19990623204968866,1.0,0.0,0.0,0.0,0.0,0.0,0.0,1.3157894736842106,600.0,0.0021929824561403508,0.0,0.0,0.0,0.0,0.0,0.0,0.0,0.0,0.0
20480,5,train,,6,1,short_2.5D_no_current,0,,796.7061590277158,437,1,0,0,0,goal,29.755522056533817,1.246839599846287,1.246839599846287,28.50868245668755,28.525480704970526,0.9586617452308086,0.9994111142786082,1.3055139910741638,1.55705224413186,1.305424687471445,0.002881025951743632,0.00999375513630918,0.055127450687101155,0.09786692508957806,0.01974099496283566,0.04923656764370232,0.14387559772464587,0.23378620057014868,0.9584038847002092,,,0,0.5653439972430331,0.5551712373207649,0.3535688129899431,0.5317375558882406,23.31062119599662,23.31062119599662,0.9993202459027664,0.93850570144676,0.0,0.0,796.7061590277159,0.39463958019023204,172.4574965431314,1.0,0.05218980770102978,22.806945965350014,1.0,0.007994561967222128,3.49362357967607,1.0,-0.0020000000000000013,-0.8740000000000007,1.0,-0.0011306879944860658,-0.49411065359041073,1.0,-0.000555171237320765,-0.2426098307091743,1.0,-1.7286155630902717e-05,-0.007554050010704487,1.0,-0.0009922941101403817,-0.43363252613134684,1.0,0.0,0.0,0.0,0.0,0.0,0.0,1.3729977116704806,600.0,0.002288329519450801,0.0,0.0,0.0,0.0,0.0,0.0,0.0,0.0,0.0
24576,6,train,,0,1,short_2.5D_no_current,0,,810.2457159468113,612,1,0,0,0,goal,43.12039751766076,1.2466848166771032,1.2466848166771032,41.87371270098366,41.914933694418764,0.9720442321351913,0.9990165559192906,1.3697690749810032,1.5683192198115996,1.3696926826734925,0.004267619038670239,0.025792658814367098,0.05745267461099529,0.09928266280264442,0.022690146305032917,0.04648809751936378,0.33185345630272883,0.45806263680129067,0.9717056916283471,,,0,0.5931076042481935,0.5579498121598614,0.375729787851276,0.562683676667755,24.287139793792342,24.287139793792342,0.9989488482968079,1.4491187693914167,0.0,0.0,810.2457159468112,0.2856142002908559,174.7958905780038,1.0,0.054736879347691114,33.49897016078696,1.0,0.007991590786374462,4.890853561261171,1.0,-0.0020000000000000013,-1.2240000000000009,1.0,-0.0011862152084963868,-0.7259637075997887,1.0,-0.0005579498121598618,-0.34146528504183543,1.0,-2.5605714227429992e-05,-0.015670697107187156,1.0,-0.0010341481429606892,-0.6328986634919418,1.0,0.0,0.0,0.0,0.0,0.0,0.0,0.9803921568627451,600.0,0.0016339869281045752,0.0,0.0,0.0,0.0,0.0,0.0,0.0,0.0,0.0
24576,6,train,,1,1,short_2.5D_no_current,0,,800.778715692084,482,1,0,0,0,goal,33.315256447389096,1.2260940524508956,1.2260940524508956,32.08916239493821,32.118802916044984,0.9640869181591464,0.9990771598435888,1.3327304114541472,1.5661150895369833,1.3326620473627393,0.002544763689124876,0.006345818946755788,0.03714613807298798,0.08838331452298931,0.023212341171858455,0.06328108794658327,0.27705585375047553,0.40493937934867275,0.96360946358214,,,0,0.5877173623742528,0.5408871274227006,0.3598831621968647,0.5455068490039017,23.729538829434233,23.729538829434233,0.9991682192230954,0.7965319437264413,0.0,0.0,800.7787156920841,0.35970020665274605,173.3754996066236,1.0,0.053260020572511495,25.67132991595054,1.0,0.00799334575378474,3.8527926533242445,1.0,-0.0020000000000000013,-0.9640000000000007,1.0,-0.001175434724748505,-0.5665595373287794,1.0,-0.0005408871274227007,-0.26070759541774174,1.0,-1.5268582149761055e-05,-0.007359456596184828,1.0,-0.0006686304864555522,-0.3222798944715762,1.0,0.0,0.0,0.0,0.0,0.0,0.0,1.2448132780082988,600.0,0.002074688796680498,0.0,0.0,0.0,0.0,0.0,0.0,0.0,0.0,0.0
24576,6,train,,2,1,short_2.5D_no_current,0,,800.6327537221915,479,1,0,0,0,goal,33.32045431140215,1.239488795398769,1.239488795398769,32.080965516003396,32.09119540285849,0.9631079787491669,0.999681224500157,1.339924651476347,1.5612648887149323,1.3398857735171121,0.003947506686907644,0.019752254952773107,0.04211628312690464,0.06299171107954038,0.021457022282449445,0.05217119213990795,0.1573103029261201,0.24117512162118834,0.962931571313813,,,0,0.6072857847830012,0.5273332919388701,0.3571306984397215,0.5482489478955189,23.86011190868124,23.86011190868124,0.9996482335723085,0.7094555054947176,0.0,0.0,800.6327537221916,0.36180411990382194,173.3041734339307,1.0,0.053579900653032794,25.66477241280271,1.0,0.007997185868578465,3.8306520310490844,1.0,-0.0020000000000000013,-0.9580000000000007,1.0,-0.0012145715695660022,-0.5817797818221151,1.0,-0.0005273332919388699,-0.2525926468387187,1.0,-2.3685040123989917e-05,-0.01134513421939117,1.0,-0.000758093095429257,-0.3631265927106141,1.0,0.0,0.0,0.0,0.0,0.0,0.0,1.2526096033402923,600.0,0.0020876826722338203,0.0,0.0,0.0,0.0,0.0,0.0,0.0,0.0,0.0
24576,6,train,,3,1,short_2.5D_no_current,0,,793.8657085652087,404,1,0,0,0,goal,27.371548964516453,1.2485392793623409,1.2485392793623409,26.12300968515412,26.1512083625697,0.9554157273478107,0.9989217065221373,1.2946142753747372,1.5686099450007778,1.2945308500009782,0.004493547502502749,0.016402840007635255,0.0719686958390144,0.10343908186951856,0.029378613611271163,0.06643308444434792,0.22538997336145938,0.3474626391108983,0.9550698836572321,,,0,0.5900975746070357,0.5727890015235124,0.34861032159464195,0.5293772620988069,23.14896033919681,23.14896033919681,0.9988748594930781,1.1206626603996694,0.0,0.0,793.8657085652088,0.42522126629719154,171.78939158406538,1.0,0.05172873204981012,20.89840774812329,1.0,0.007990998875944628,3.22836354588163,1.0,-0.0020000000000000013,-0.8080000000000006,1.0,-0.0011801951492140714,-0.4767988402824848,1.0,-0.0005727890015235125,-0.23140675661549906,1.0,-2.69612850036961e-05,-0.010892359141493224,1.0,-0.001295436526787016,-0.5233563568219545,1.0,0.0,0.0,0.0,0.0,0.0,0.0,1.4851485148514851,600.0,0.0024752475247524753,0.0,0.0,0.0,0.0,0.0,0.0,0.0,0.0,0.0
24576,6,train,,4,1,short_2.5D_no_current,0,,807.126045770443,562,1,0,0,0,goal,39.45842932402471,1.2290506511171768,1.2290506511171768,38.22937867290754,38.24797459855774,0.9693232917223602,0.9995138062643739,1.3611378860696701,1.5677793600519598,1.361094674134543,0.0041789361454598,0.0221400219101886,0.025111779888706106,0.06156229771176891,0.01705238808631546,0.046685917779515584,0.2052955866539942,0.32923189360508137,0.9691226519454269,,,0,0.583789500464218,0.5270802980148833,0.3668666346880253,0.5557371607295559,24.162367390720327,24.162367390720327,0.9994886988727271,0.6119321881223878,0.0,0.0,807.1260457704433,0.31030847385377797,174.39336230582322,1.0,0.0544190443742456,30.583502938326028,1.0,0.007995909590981816,4.493701190131781,1.0,-0.0020000000000000013,-1.1240000000000008,1.0,-0.001167579000928437,-0.6561793985217815,1.0,-0.0005270802980148836,-0.2962191274843646,1.0,-2.50736168467697e-05,-0.014091372667884572,1.0,-0.0004520120376579152,-0.25403076516374834,1.0,0.0,0.0,0.0,0.0,0.0,0.0,1.0676156583629892,600.0,0.0017793594306049821,0.0,0.0,0.0,0.0,0.0,0.0,0.0,0.0,0.0
24576,6,train,,5,1,short_2.5D_no_current,0,,810.9569664000563,618,1,0,0,0,goal,43.40085985510306,1.2185880108486529,1.2185880108486529,42.18227184425445,42.19267701096332,0.972162237149832,0.999753389274015,1.3654588029437957,1.549628036946667,1.3654146756287704,0.004577684226158756,0.02824177835083308,0.037893817315792076,0.062274700074670175,0.015719100679691504,0.06055389688950097,0.15754554265912288,0.2509439243403021,0.971946699803014,,,0,0.5566620729693353,0.50977523531388,0.3706509194255454,0.5540893987110518,24.219450489822194,24.219450489822194,0.9997331607441152,0.8276562991155887,0.0,0.0,810.9569664000561,0.2830842208295397,174.94604847265555,1.0,0.054604882646284,33.74581747540351,1.0,0.007997865285952917,4.942680746718903,1.0,-0.0020000000000000013,-1.2360000000000009,1.0,-0.00111332414593867,-0.6880343221900981,1.0,-0.0005097752353138809,-0.31504109542397835,1.0,-2.746610529603787e-05,-0.016974053072951405,1.0,-0.0006820887120305536,-0.4215308240348821,1.0,0.0,0.0,0.0,0.0,0.0,0.0,0.970873786407767,600.0,0.0016181229773462784,0.0,0.0,0.0,0.0,0.0,0.0,0.0,0.0,0.0
24576,6,train,,6,1,short_2.5D_no_current,0,,811.3277457798113,619,1,0,0,0,goal,43.63518279934349,1.2190133215748573,1.2190133215748573,42.41616947776864,42.430804180643825,0.972398909745881,0.9996550924933478,1.3709468232841284,1.5740428041403218,1.3709012537223404,0.002650390238921372,0.008036426218688497,0.016261760165802386,0.04203952468898775,0.018763701326889957,0.046003094388661125,0.16572983915659245,0.2787623290988485,0.9722170629484805,,,0,0.5936975996995493,0.5857088496902527,0.3722273261799373,0.5623200996891747,24.317073932016307,24.317073932016307,0.999587987381011,0.40432644539822593,0.0,0.0,811.3277457798113,0.2826679062540238,174.97143397124074,1.0,0.054818958937342344,33.93293558221491,1.0,0.007996703899048092,4.9499597135107685,1.0,-0.0020000000000000013,-1.2380000000000009,1.0,-0.001187395199399098,-0.7349976284280417,1.0,-0.0005857088496902528,-0.3625537779582665,1.0,-1.590234143058588e-05,-0.009843549345532658,1.0,-0.00029271168242851314,-0.18118853142324962,1.0,0.0,0.0,0.0,0.0,0.0,0.0,0.9693053311793215,600.0,0.0016155088852988692,0.0,0.0,0.0,0.0,0.0,0.0,0.0,0.0,0.0
28672,7,train,,0,1,short_2.5D_no_current,0,,800.1359477734682,487,1,0,0,0,goal,33.62784610502837,1.2366638480325889,1.2366638480325889,32.39118225699578,32.467965673320315,0.9655083341322115,0.9976351023314148,1.3333866806291725,1.5516225991142596,1.3331674311570825,0.002798656274993934,0.008953602249506698,0.13916091699199823,0.21257165527573774,0.015238602468354073,0.05216012527298819,0.4056848328988807,0.5418831511891414,0.9648477502674042,,,0,0.5844114276655095,0.5614819215123926,0.37045103158549364,0.5556979276683541,23.77177913691695,23.77177913691695,0.9977468262538075,2.6904681309838367,0.0,0.0,800.1359477734684,0.35601745591434975,173.38050103028831,1.0,0.05320933430307317,25.91294580559663,1.0,0.007981974610030454,3.8872216350848317,1.0,-0.0020000000000000013,-0.9740000000000008,1.0,-0.0011688228553310193,-0.5692167305462064,1.0,-0.0005614819215123928,-0.2734416957765353,1.0,-1.6791937669956677e-05,-0.0081776736452689,1.0,-0.0025048965041753264,-1.219884597533384,1.0,0.0,0.0,0.0,0.0,0.0,0.0,1.2320328542094456,600.0,0.002053388090349076,0.0,0.0,0.0,0.0,0.0,0.0,0.0,0.0,0.0
28672,7,train,,1,1,short_2.5D_no_current,0,,812.5418265272642,630,1,0,0,0,goal,44.89967629792086,1.2320105531399377,1.2320105531399377,43.667665744780884,43.680058670112516,0.9728368280493634,0.9997162795630568,1.3866685292099197,1.5729178214170807,1.3866286685676208,0.002871181259200176,0.01075319467401048,0.011941750354114421,0.030838498651319046,0.019179315073447074,0.051032418356094844,0.12748205582550734,0.23746717542279366,0.9725780656988202,,,0,0.5994622904319493,0.5235512105618707,0.37340515449879663,0.5678109668904827,24.56923168212314,24.56923168212314,0.9996388113740259,0.22865055027387204,0.0,0.0,812.541826527264,0.27787451838840965,175.0609465846981,1.0,0.05545100412035676,34.93413259582476,1.0,0.00799711049099221,5.038179609325092,1.0,-0.0020000000000000013,-1.260000000000001,1.0,-0.0011989245808638987,-0.7553224859442562,1.0,-0.0005235512105618708,-0.3298372626539786,1.0,-1.7227087595726214e-05,-0.010853065185307516,1.0,-0.00021495150603235985,-0.1354194488003867,1.0,0.0,0.0,0.0,0.0,0.0,0.0,0.9523809523809523,600.0,0.0015873015873015873,0.0,0.0,0.0,0.0,0.0,0.0,0.0,0.0,0.0
28672,7,train,,2,1,short_2.5D_no_current,0,,800.0288977140088,484,1,0,0,0,goal,33.160565129752925,1.2480846519463444,1.2480846519463444,31.91248047780656,31.95264010530789,0.9635734487721007,0.9987431515089535,1.3203570291449553,1.5483082560810555,1.3202438213190175,0.0040805269140912525,0.019663022163224575,0.09270752981232283,0.1275355351315426,0.021976871051304695,0.05236612393169926,0.26515030940431145,0.3537995044689295,0.9631071852937746,,,0,0.5583558653438971,0.5470804333795547,0.36252911525878534,0.5402867508713495,23.52300242011587,23.52300242011587,0.9985737759991232,1.765700657477681,0.0,0.0,800.0288977140087,0.35790336555508206,173.22522892865973,1.0,0.05274790161620927,25.52998438224529,1.0,0.007988590207992996,3.86647766066861,1.0,-0.0020000000000000013,-0.9680000000000007,1.0,-0.001116711730687794,-0.5404884776528923,1.0,-0.0005470804333795546,-0.26478692975570445,1.0,-2.448316153503367e-05,-0.011849850182956296,1.0,-0.0016687355371348925,-0.807667999973288,1.0,0.0,0.0,0.0,0.0,0.0,0.0,1.2396694214876034,600.0,0.002066115702479339,0.0,0.0,0.0,0.0,0.0,0.0,0.0,0.0,0.0
28672,7,train,,3,1,short_2.5D_no_current,0,,800.0475289359365,476,1,0,0,0,goal,32.94325109690355,1.237798527630656,1.237798527630656,31.705452569272886,31.731277140405744,0.9632102504718569,0.9991861477551446,1.3332469386725072,1.566888180920439,1.3331739900948385,0.0036477166782877338,0.016757304588330246,0.06525595937286031,0.08921455405386691,0.018766087382734446,0.052286955792700596,0.2443835961777785,0.32924854434662076,0.9629029045327347,,,0,0.6016707337117058,0.5547554133109701,0.35904283400531073,0.548630734169934,23.723463043099542,23.723463043099542,0.9991624999957484,1.2476152151036932,0.0,0.0,800.0475289359363,0.3639427334800494,173.23674113650353,1.0,0.053286474906340996,25.364362055418315,1.0,0.007993299999965986,3.804810799983809,1.0,-0.0020000000000000013,-0.9520000000000007,1.0,-0.0012033414674234104,-0.5727905384935433,1.0,-0.00055475541331097,-0.2640635767360217,1.0,-2.188629997833343e-05,-0.010417878789686712,1.0,-0.001174607273004453,-0.5591130619501197,1.0,0.0,0.0,0.0,0.0,0.0,0.0,1.2605042016806722,600.0,0.0021008403361344537,0.0,0.0,0.0,0.0,0.0,0.0,0.0,0.0,0.0
28672,7,train,,4,1,short_2.5D_no_current,0,,805.2444758802322,538,1,0,0,0,goal,37.47987510157637,1.2366669925229579,1.2366669925229579,36.24320810905344,36.25698324117066,0.9673720401391018,0.9996200695456205,1.3478432431661946,1.5613346355824815,1.3477975837177052,0.002993635380777366,0.0121511087905537,0.011120773593798797,0.03712876581744018,0.015770628768498537,0.05043027072960049,0.14541966418045552,0.23881933858530227,0.9671589973939138,,,0,0.5843897784288045,0.5407410308858899,0.36433972073476556,0.5512403204247743,23.960598077071968,23.960598077071968,0.9995765354534029,0.08248529411520861,0.0,0.0,805.2444758802322,0.32353310611014974,174.06081108726056,1.0,0.053893246258815475,28.994566487242725,1.0,0.007996612283627219,4.302177408591444,1.0,-0.0020000000000000013,-1.0760000000000007,1.0,-0.0011687795568576089,-0.6288034015893935,1.0,-0.0005407410308858902,-0.2909186746166089,1.0,-1.796181230420325e-05,-0.009663455019661349,1.0,-0.00020017392497549653,-0.10769357163681713,1.0,0.0,0.0,0.0,0.0,0.0,0.0,1.1152416356877324,600.0,0.0018587360594795538,0.0,0.0,0.0,0.0,0.0,0.0,0.0,0.0,0.0
28672,7,train,,5,1,short_2.5D_no_current,0,,791.901275597764,388,1,0,0,0,goal,25.913237200449295,1.2375148260221303,1.2375148260221303,24.67572237442717,24.75684671966505,0.9553745264692673,0.9967231551676795,1.2761261195703637,1.5543910133184948,1.2758883122302367,0.005323806591457083,0.02608897390782383,0.12685305279628678,0.2053134308619442,0.016416573918915336,0.045561023995826844,0.32730881837084436,0.41378985585513967,0.9548622322138177,,,0,0.5798515450094164,0.5489027012732437,0.3565996051909997,0.5347616865693294,22.885086363281296,22.885086363281296,0.9968002765627645,1.9774283004901336,0.0,0.0,791.901275597764,0.44176263976822083,171.40390423006968,1.0,0.05087777809160231,19.740577899541695,1.0,0.00797440221250211,3.094068058450819,1.0,-0.0020000000000000013,-0.7760000000000006,1.0,-0.0011597030900188329,-0.4499647989273071,1.0,-0.000548902701273244,-0.21297424809401866,1.0,-3.194283957117542e-05,-0.012393821753616063,1.0,-0.002283354952379557,-0.8859417215232681,1.0,0.0,0.0,0.0,0.0,0.0,0.0,1.5463917525773196,600.0,0.002577319587628866,0.0,0.0,0.0,0.0,0.0,0.0,0.0,0.0,0.0
28672,7,train,,6,1,short_2.5D_no_current,0,,797.72692038017,450,1,0,0,0,goal,30.795388931592175,1.2397112450477912,1.2397112450477912,29.5556776865444,29.58264352530147,0.9606192534543189,0.9990884574350489,1.3147841566800633,1.5586016712537436,1.3147024714085749,0.005045894479649216,0.026593810189790457,0.07417034783737911,0.11433791343681188,0.01884382846795111,0.05564354002228633,0.2399792647319763,0.3422737676411284,0.9602337840086589,,,0,0.5691352511114545,0.5370889518834236,0.3553138832251231,0.5370685192942619,23.442320420564048,23.442320420564048,0.9991234043727024,1.348740473338782,0.0,0.0,797.7269203801698,0.38389744324643316,172.7538494608949,1.0,0.05254342699830108,23.644542149235484,1.0,0.00799298723498162,3.5968442557417286,1.0,-0.0020000000000000013,-0.9000000000000007,1.0,-0.0011382705022229096,-0.5122217260003094,1.0,-0.0005370889518834238,-0.24169002834754072,1.0,-3.0275366846569005e-05,-0.013623915080956053,1.0,-0.0013350662583857785,-0.6007798162736003,1.0,0.0,0.0,0.0,0.0,0.0,0.0,1.3333333333333333,600.0,0.0022222222222222222,0.0,0.0,0.0,0.0,0.0,0.0,0.0,0.0,0.0
28672,7,train,,7,1,short_2.5D_no_current,0,,812.5145082859522,635,1,0,0,0,goal,44.90006690442233,1.2478787897280141,1.2478787897280141,43.652188114694304,43.66325661912154,0.9724541549585314,0.9997465030031137,1.375220680917214,1.568377159013396,1.3751843112978637,0.0034404478019637906,0.017534420187822697,0.010220850724492338,0.034107900959423176,0.018615656503923605,0.04390192864579845,0.1282477471497549,0.19912667281304616,0.9722818958748931,,,0,0.5831127599967042,0.5393661970463325,0.3724247847955058,0.5635322214228901,24.378488767724615,24.378488767724615,0.9996782734873422,0.07302028689338502,0.0,0.0,812.5145082859522,0.27558641785057525,174.9973753351153,1.0,0.054994882664181795,34.92175049175544,1.0,0.007997426187898738,5.078365629315699,1.0,-0.0020000000000000013,-1.270000000000001,1.0,-0.0011662255199934087,-0.7405532051958146,1.0,-0.0005393661970463322,-0.34249753512442094,1.0,-2.0642686855310536e-05,-0.01310810615312219,1.0,-0.0001839753130092488,-0.11682432376087298,1.0,0.0,0.0,0.0,0.0,0.0,0.0,0.9448818897637795,600.0,0.0015748031496062992,0.0,0.0,0.0,0.0,0.0,0.0,0.0,0.0,0.0
32768,8,train,,0,1,short_2.5D_no_current,0,,804.0774428752294,525,1,0,0,0,goal,36.42241697750404,1.2387189006169035,1.2387189006169035,35.18369807688711,35.19099079344597,0.9661904319853718,0.9997927675125252,1.3406091730836558,1.5539698380120306,1.3405657813849166,0.0024805713070048052,0.004599818631049413,0.02015882466468112,0.03948628217303707,0.014736025153885614,0.04841748413442026,0.05929837373701363,0.11570633759006849,0.9660182333495765,,,0,0.5725307581467288,0.5662601982677976,0.36232662707567215,0.5471185194736435,23.843794705187154,23.843794705187154,0.9997633184994031,0.39595893789593495,0.0,0.0,804.0774428752294,0.3311966420361522,173.8782370689799,1.0,0.05361325421239948,28.146958461509726,1.0,0.007998106547995222,4.199005937697492,1.0,-0.0020000000000000013,-1.0500000000000007,1.0,-0.0011450615162934574,-0.6011572960540651,1.0,-0.0005662601982677973,-0.2972866040905936,1.0,-1.488342785251527e-05,-0.007813799622570517,1.0,-0.00036285884417227557,-0.19050089319044466,1.0,0.0,0.0,0.0,0.0,0.0,0.0,1.1428571428571428,600.0,0.0019047619047619048,0.0,0.0,0.0,0.0,0.0,0.0,0.0,0.0,0.0
32768,8,train,,1,1,short_2.5D_no_current,0,,809.9860726197956,611,1,0,0,0,goal,42.99942675936287,1.2257636480855654,1.2257636480855654,41.7736631112773,41.80984786815811,0.9723350058161941,0.9991345398578126,1.3685711249806245,1.5586977327839013,1.3684726384862012,0.004539793862530786,0.027817793524926415,0.0840988031702557,0.12579980143268976,0.014397572217065764,0.05316182265405445,0.25813510595864775,0.36793109004482943,0.9720695884426825,,,0,0.5680195389714842,0.5358526789272317,0.3749082373933784,0.5605225665235676,24.27316401622359,24.27316401622359,0.9990592397852874,2.0192555424840055,0.0,0.0,809.9860726197957,0.28620102774514744,174.86882795228507,1.0,0.054695467248808256,33.41893048902185,1.0,0.007992473918282299,4.883401564070485,1.0,-0.0020000000000000013,-1.2220000000000009,1.0,-0.0011360390779429695,-0.6941198766231543,1.0,-0.0005358526789272318,-0.3274059868245386,1.0,-2.7238763274907196e-05,-0.016642884360968297,1.0,-0.0015137784578936532,-0.9249186377730222,1.0,0.0,0.0,0.0,0.0,0.0,0.0,0.9819967266775778,600.0,0.0016366612111292963,0.0,0.0,0.0,0.0,0.0,0.0,0.0,0.0,0.0
32768,8,train,,2,1,short_2.5D_no_current,0,,809.4600282996034,591,1,0,0,0,goal,41.67930048981301,1.2224153800422104,1.2224153800422104,40.45688510977075,40.4639165533327,0.9708396272922727,0.999826229288689,1.3693372776085506,1.5706173741199716,1.3693031339580257,0.003924584744803271,0.022416340125665624,0.013285834708248602,0.04673464199173871,0.013811197433541882,0.048934647506669204,0.08751606607708913,0.1664141700921736,0.9706803328152764,,,0,0.5822942246117214,0.5545295041988961,0.3684397247287424,0.5589447930745163,24.288291749674297,24.288291749674297,0.9997893243721923,0.22473065665005607,0.0,0.0,809.4600282996034,0.29563581435522934,174.72076628394055,1.0,0.05476397307583192,32.365508087816664,1.0,0.007998314594977537,4.727003925631724,1.0,-0.0020000000000000013,-1.1820000000000008,1.0,-0.001164588449223444,-0.6882717734910554,1.0,-0.0005545295041988955,-0.32772693698154726,1.0,-2.354750845149613e-05,-0.013916577494834213,1.0,-0.00023914502507279824,-0.14133470981802376,1.0,0.0,0.0,0.0,0.0,0.0,0.0,1.015228426395939,600.0,0.001692047377326565,0.0,0.0,0.0,0.0,0.0,0.0,0.0,0.0,0.0
32768,8,train,,3,1,short_2.5D_no_current,0,,807.6380370666689,575,1,0,0,0,goal,39.99856005720701,1.234363369457568,1.234363369457568,38.76419668774941,38.77735122122644,0.9694686800166316,0.9996607676114351,1.3487774337817924,1.5522446435425423,1.348729821881218,0.003730637743874933,0.019491047284447838,0.03239576998222427,0.056184899943337197,0.01690150123754186,0.039446170494525035,0.13530394901398204,0.2244926998658253,0.9692399171295062,,,0,0.5407135325670243,0.5160455431756766,0.36677301523478134,0.5437834477035896,23.957391660231753,23.957391660231753,0.9996148943696841,0.7319346134204366,0.0,0.0,807.6380370666686,0.3033828954283837,174.44516487132063,1.0,0.05393279539165136,31.011357350199532,1.0,0.007996919154957472,4.598228514100547,1.0,-0.0020000000000000013,-1.1500000000000008,1.0,-0.0010814270651340473,-0.6218205624520772,1.0,-0.0005160455431756763,-0.2967261873260139,1.0,-2.2383826478547664e-05,-0.012870700225164906,1.0,-0.0005831238590413692,-0.3352962189487873,1.0,0.0,0.0,0.0,0.0,0.0,0.0,1.0434782608695652,600.0,0.0017391304347826088,0.0,0.0,0.0,0.0,0.0,0.0,0.0,0.0,0.0
32768,8,train,,4,1,short_2.5D_no_current,0,,794.9718003011513,414,1,0,0,0,goal,28.100219305936506,1.247354593761077,1.247354593761077,26.852864712175432,26.8588625025252,0.9558239460732944,0.9997766923171372,1.2975295894939711,1.545008941016926,1.297500127880582,0.004048965661896637,0.01850787696980616,0.04139492598726697,0.07063584215056906,0.015300720861153706,0.03822168280739424,0.09727862384415724,0.14819663954546494,0.9556700936267675,,,0,0.5646516428765468,0.5254307785588834,0.3448979861602403,0.5243942713463939,23.17850132553317,23.17850132553317,0.9997616151480704,0.6315830487376056,0.0,0.0,794.9718003011511,0.41548282749681376,172.00989058368089,1.0,0.051889593646715776,21.482291769740332,1.0,0.007998092921184564,3.3112104693704096,1.0,-0.0020000000000000013,-0.8280000000000006,1.0,-0.0011293032857530943,-0.46753156030178106,1.0,-0.0005254307785588832,-0.21752834232337764,1.0,-2.4293794033613843e-05,-0.01005763072991613,1.0,-0.0007451086673561644,-0.30847498828545206,1.0,0.0,0.0,0.0,0.0,0.0,0.0,1.4492753623188406,600.0,0.0024154589371980675,0.0,0.0,0.0,0.0,0.0,0.0,0.0,0.0,0.0
32768,8,train,,5,1,short_2.5D_no_current,0,,801.487407317921,503,1,0,0,0,goal,34.50783984540288,1.230347260195899,1.230347260195899,33.27749258520699,33.325390415386885,0.9657338901735537,0.9985627226093114,1.325065225263893,1.5690688470093048,1.3249600769496548,0.002701538156706711,0.008208462349366563,0.09628399688345038,0.13807447177712406,0.019082466947646416,0.047219094953954155,0.29800783234045075,0.4326779931248471,0.9653586183166315,,,0,0.567066902889098,0.5533925154437098,0.3648543999665537,0.5441814659507741,23.588799176231127,23.588799176231127,0.9984821713165877,1.9326170867389632,0.0,0.0,801.4874073179211,0.3450939468862849,173.58225528380132,1.0,0.05292642955897728,26.62199406816557,1.0,0.007987857370532704,4.017892257377951,1.0,-0.0020000000000000013,-1.0060000000000007,1.0,-0.0011341338057781953,-0.5704693043064323,1.0,-0.0005533925154437094,-0.2783564352681858,1.0,-1.6209228907869216e-05,-0.008153242140658216,1.0,-0.0017331119477304495,-0.8717553097084161,1.0,0.0,0.0,0.0,0.0,0.0,0.0,1.1928429423459244,600.0,0.0019880715705765406,0.0,0.0,0.0,0.0,0.0,0.0,0.0,0.0,0.0
32768,8,train,,6,1,short_2.5D_no_current,0,,802.1189489496785,511,1,0,0,0,goal,35.22934305746589,1.2356627513843856,1.2356627513843856,33.99368030608151,34.03753213105628,0.9661699361107718,0.998711662619783,1.3321930383975056,1.5547355530970115,1.3320642732168597,0.004500550525659202,0.024213419459483188,0.10410157038548808,0.15233259381484432,0.01890547724928603,0.04654770682477283,0.27398706502903336,0.4241500898097506,0.96580601890809,,,0,0.5620405791480452,0.5432821831405309,0.3650224747431488,0.5467661314747805,23.714812344098476,23.714812344098476,0.9987327101385527,2.0560194890944112,0.0,0.0,802.1189489496784,0.33989536788250246,173.68653298795877,1.0,0.053219068972338954,27.194944244865205,1.0,0.007989861681108412,4.082819319046399,1.0,-0.0020000000000000013,-1.0220000000000007,1.0,-0.0011240811582960912,-0.5744054718893026,1.0,-0.0005432821831405308,-0.27761719558481124,1.0,-2.7003303135023965e-05,-0.013798687901997246,1.0,-0.0018738282716554214,-0.9575262468159204,1.0,0.0,0.0,0.0,0.0,0.0,0.0,1.1741682974559686,600.0,0.0019569471624266144,0.0,0.0,0.0,0.0,0.0,0.0,0.0,0.0,0.0
36864,9,train,,0,1,short_2.5D_no_current,0,,802.9749990981525,509,1,0,0,0,goal,35.26682797551157,1.2218637913054273,1.2218637913054273,34.04496418420616,34.05159086170047,0.9655416383164676,0.999805393013171,1.3379799945658355,1.5529982580217054,1.3379429284181112,0.003881530524481675,0.01930236279990938,0.026273032656234815,0.04549199381089508,0.012977324273626665,0.03769714021151227,0.09915267647047268,0.16196467425866276,0.9653965200311997,,,0,0.5502093912839655,0.5207858845657415,0.3609708684600875,0.5420612680098162,23.80179918028784,23.80179918028784,0.9997828967263349,0.528991784630851,0.0,0.0,802.9749990981525,0.341382461080872,173.76367269016384,1.0,0.05350878457242611,27.23597134736489,1.0,0.007998263173810687,4.071115955469639,1.0,-0.0020000000000000013,-1.0180000000000007,1.0,-0.0011004187825679316,-0.5601131603270771,1.0,-0.0005207858845657416,-0.26508001524396246,1.0,-2.3289183160691665e-05,-0.011854194228792057,1.0,-0.0004729145875169519,-0.24071352504612853,1.0,0.0,0.0,0.0,0.0,0.0,0.0,1.1787819253438114,600.0,0.0019646365422396855,0.0,0.0,0.0,0.0,0.0,0.0,0.0,0.0,0.0
36864,9,train,,1,1,short_2.5D_no_current,0,,811.4692613286896,639,1,0,0,0,goal,44.9857977901704,1.2491516882823424,1.2491516882823424,43.73664610188808,43.768851910006,0.9729482205508355,0.9992641843065896,1.3699171176840694,1.5492789727187413,1.3698167054438142,0.0034958696871612346,0.015159775714220558,0.10923869367061663,0.15773066342568898,0.014679882616124839,0.04023351764558214,0.28416620825029576,0.4160850032406653,0.9726474864846585,,,0,0.5657829970838458,0.5621561598639748,0.37645546198824015,0.5614139119364286,24.302991122250404,24.302991122250404,0.9992730292429798,2.6534193105054906,0.0,0.0,811.4692613286895,0.27386825633275447,175.0018157966301,1.0,0.05475636444680817,34.98931688151042,1.0,0.00799418423394384,5.1082837254901134,1.0,-0.0020000000000000013,-1.278000000000001,1.0,-0.001131565994167692,-0.7230706702731552,1.0,-0.0005621561598639749,-0.35921778615308,1.0,-2.0975218142725805e-05,-0.01340316439320179,1.0,-0.001966296485323511,-1.2564634541217237,1.0,0.0,0.0,0.0,0.0,0.0,0.0,0.9389671361502347,600.0,0.001564945226917058,0.0,0.0,0.0,0.0,0.0,0.0,0.0,0.0,0.0
36864,9,train,,2,1,short_2.5D_no_current,0,,811.7897808790617,631,1,0,0,0,goal,44.390261191164925,1.2291405988570545,1.2291405988570545,43.16112059230789,43.18513097458093,0.9728514727274492,0.9994440127485732,1.368783866072295,1.5655447059679684,1.3687296581372725,0.0031670755637411316,0.013787225557291283,0.03810395266212303,0.09111482448225461,0.015608943960966492,0.04553027523522957,0.19447663103850385,0.30545134346832464,0.9726684913333333,,,0,0.5762964848926359,0.5801976015348513,0.37362138414534074,0.5598543864540555,24.271034824726684,24.271034824726684,0.9994346573378494,0.9907189924178884,0.0,0.0,811.7897808790615,0.2773627644183748,175.0159043479945,1.0,0.05472091358771209,34.52889647384633,1.0,0.007995477258702798,5.045146150241465,1.0,-0.0020000000000000013,-1.262000000000001,1.0,-0.0011525929697852716,-0.7272861639345064,1.0,-0.0005801976015348516,-0.3661046865684914,1.0,-1.900245338871324e-05,-0.011990548088278053,1.0,-0.000685871148065748,-0.432784694429487,1.0,0.0,0.0,0.0,0.0,0.0,0.0,0.9508716323296355,600.0,0.001584786053882726,0.0,0.0,0.0,0.0,0.0,0.0,0.0,0.0,0.0
36864,9,train,,3,1,short_2.5D_no_current,0,,811.2787959462485,633,1,0,0,0,goal,44.364373098145876,1.2312013106313875,1.2312013106313875,43.13317178751448,43.18502629210324,0.9734168044382459,0.9987992480486638,1.3644558070174813,1.5465476430977765,1.364343778898467,0.0028060328473375968,0.008636867189632635,0.08415329786852672,0.14435747857309345,0.018141786303381452,0.05933672332165729,0.3408938569913367,0.5365122667303214,0.973023094373449,,,0,0.5609527330795571,0.5443375347017371,0.3790655179187585,0.5599799790841896,24.21557938103811,24.21557938103811,0.9987865931823557,2.1482934925125305,0.0,0.0,811.2787959462486,0.2764686177187262,175.00463501595368,1.0,0.054512697361787606,34.506537430011555,1.0,0.00799029274545885,5.057855307875452,1.0,-0.0020000000000000013,-1.266000000000001,1.0,-0.001121905466159115,-0.7101661600787198,1.0,-0.0005443375347017373,-0.3445656594661997,1.0,-1.6836197093963393e-05,-0.010657312760478828,1.0,-0.0015147593606425324,-0.9588426752867231,1.0,0.0,0.0,0.0,0.0,0.0,0.0,0.9478672985781991,600.0,0.001579778830963665,0.0,0.0,0.0,0.0,0.0,0.0,0.0,0.0,0.0
36864,9,train,,4,1,short_2.5D_no_current,0,,804.9267859471937,535,1,0,0,0,goal,37.31356242612214,1.220150986596951,1.220150986596951,36.093411439525156,36.100447544401504,0.9674886340825134,0.9998050964640353,1.349549440912206,1.56439497073775,1.3495109627839497,0.003553506097992064,0.01785886897645428,0.0368916204574183,0.053417324283715484,0.016345954641470265,0.044283115259036165,0.05895186424374057,0.15696907317971062,0.96731267328775,,,0,0.5710287825944268,0.5481878338573135,0.3634545523847375,0.5495879790214735,23.985800098533147,23.985800098533147,0.9997661357736518,0.6635041977689946,0.0,0.0,804.9267859471936,0.32544675155665503,174.11401208281043,1.0,0.05397145635816856,28.87472915162018,1.0,0.007998129086189224,4.278999061111235,1.0,-0.0020000000000000013,-1.0700000000000007,1.0,-0.001142057565188854,-0.6110007973760369,1.0,-0.0005481878338573137,-0.29328049111366283,1.0,-2.1321036562456314e-05,-0.011406754560914127,1.0,-0.0006640491687805847,-0.35526630529761277,1.0,0.0,0.0,0.0,0.0,0.0,0.0,1.1214953271028036,600.0,0.001869158878504673,0.0,0.0,0.0,0.0,0.0,0.0,0.0,0.0,0.0
36864,9,train,,5,1,short_2.5D_no_current,0,,809.8686437878948,602,1,0,0,0,goal,42.22151679744293,1.2162355890693244,1.2162355890693244,41.0052812083736,41.011916555714656,0.9713510945726722,0.9998382092840739,1.3625221447081268,1.5589329424361675,1.3624879113886705,0.002557124560065885,0.006532871478169167,0.032752613048209575,0.05826984567894611,0.014121410638073466,0.05574977223469135,0.05720467476164212,0.10830922532735475,0.9711944872606892,,,0,0.561527438491948,0.5336137115878,0.3688695986455065,0.5532415159158037,24.17364252745201,24.17364252745201,0.9997857025386775,0.642962794880487,0.0,0.0,809.8686437878946,0.2903902143140529,174.81490901705985,1.0,0.054492068050994866,32.80422496669891,1.0,0.007998285620309402,4.81496794342626,1.0,-0.0020000000000000013,-1.2040000000000008,1.0,-0.0011230548769838972,-0.6760790359443062,1.0,-0.0005336137115878,-0.3212354543758556,1.0,-1.5342747364489434e-05,-0.009236333913422639,1.0,-0.0005895470349780251,-0.3549073150567711,1.0,0.0,0.0,0.0,0.0,0.0,0.0,0.9966777408637874,600.0,0.0016611295681063123,0.0,0.0,0.0,0.0,0.0,0.0,0.0,0.0,0.0
40960,10,train,,0,1,short_2.5D_no_current,0,,801.0921640977718,486,1,0,0,0,goal,33.39585689169253,1.2342915795228668,1.2342915795228668,32.16156531216966,32.168371774668984,0.9632443892365314,0.9997884113455603,1.323801307599546,1.5626831736403157,1.3237579422247505,0.0045523874948047004,0.02334605912665566,0.011140519307904925,0.04729402831220497,0.012892396223417976,0.05501948147741542,0.07765598022832858,0.13906082450897791,0.9630638848162354,,,0,0.5614315958084239,0.5000407122824831,0.3573868483948855,0.5382870619832979,23.577985519686564,23.577985519686564,0.9997611092735758,0.15721927352183557,0.0,0.0,801.092164097772,0.3566816954267842,173.3473039774171,1.0,0.05294084825048507,25.729252249735744,1.0,0.007998088874188616,3.887071192855667,1.0,-0.0020000000000000013,-0.9720000000000008,1.0,-0.0011228631916168476,-0.545711511125788,1.0,-0.0005000407122824832,-0.24301978616928682,1.0,-2.7314325054810325e-05,-0.013274761976637819,1.0,-0.0002005293476642556,-0.09745726296482822,1.0,0.0,0.0,0.0,0.0,0.0,0.0,1.2345679012345678,600.0,0.00205761316872428,0.0,0.0,0.0,0.0,0.0,0.0,0.0,0.0,0.0
40960,10,train,,1,1,short_2.5D_no_current,0,,799.6874809006734,472,1,0,0,0,goal,32.51094525661911,1.249548165141462,1.249548165141462,31.261397091477658,31.273749886307915,0.96194526610821,0.99960501075582,1.3251588934876202,1.56364915412109,1.3250979577294801,0.0024703633919285857,0.005084971436389196,0.051386029121740145,0.08547742991573681,0.0115206171343089,0.03594691332091582,0.11856561399872019,0.17193921078854182,0.9617351170491302,,,0,0.5631936232907643,0.5475987810276496,0.3567626832873892,0.538902970551813,23.60859036979228,23.60859036979228,0.9995500402396132,0.9590694534996164,0.0,0.0,799.6874809006737,0.3666986344352317,173.08175545342937,1.0,0.0529854187991147,25.009117673182136,1.0,0.007996400321916909,3.7743009519447805,1.0,-0.0020000000000000013,-0.9440000000000007,1.0,-0.0011263872465815288,-0.5316547803864816,1.0,-0.0005475987810276497,-0.25846662464505066,1.0,-1.482218035548382e-05,-0.006996069127788363,1.0,-0.000924948524837618,-0.4365757037233557,1.0,0.0,0.0,0.0,0.0,0.0,0.0,1.271186440677966,600.0,0.00211864406779661,0.0,0.0,0.0,0.0,0.0,0.0,0.0,0.0,0.0
40960,10,train,,2,1,short_2.5D_no_current,0,,808.2156225352601,593,1,0,0,0,goal,41.412249444451824,1.2320781152407876,1.2320781152407876,40.180171329211035,40.222584490729034,0.9712726314150468,0.9989455386307219,1.3565795781021595,1.5753690741875837,1.3564496804142492,0.0035970396866146412,0.014439314398605685,0.10292452957996742,0.1429520559161377,0.014434367660589434,0.043500756477198976,0.2780879177629067,0.3909709995655126,0.9709251734551207,,,0,0.57375100283282,0.563389632184982,0.3725779019987201,0.5593967445910881,24.08288236339624,24.08288236339624,0.9988903371244036,2.3308145903343473,0.0,0.0,808.2156225352602,0.2945104943512867,174.64472315031298,1.0,0.054205964693707975,32.14413706336883,1.0,0.007991122696995223,4.738735759318168,1.0,-0.0020000000000000013,-1.1860000000000008,1.0,-0.0011475020056656393,-0.6804686893597242,1.0,-0.0005633896321849828,-0.3340900518856948,1.0,-2.1582238140451082e-05,-0.012798267217287492,1.0,-0.0018526415333509512,-1.0986164292771141,1.0,0.0,0.0,0.0,0.0,0.0,0.0,1.0118043844856661,600.0,0.0016863406408094434,0.0,0.0,0.0,0.0,0.0,0.0,0.0,0.0,0.0
40960,10,train,,3,1,short_2.5D_no_current,0,,804.1359592998306,527,1,0,0,0,goal,36.66684254471558,1.2344822366981172,1.2344822366981172,35.43236030801743,35.44291202175059,0.9666202367582538,0.999702289875994,1.3450820501613137,1.5570278319115198,1.3450397481746936,0.002551393275759894,0.006871681054334999,0.041864737097548475,0.06534525577278716,0.014747644322438417,0.0402491559148066,0.1362304205334512,0.19133883217384326,0.9664394076075505,,,0,0.5795295030882395,0.5585224172396434,0.36315675758433297,0.5488383522932285,23.91201993742211,23.91201993742211,0.9996653989877401,0.8740442439825978,0.0,0.0,804.1359592998306,0.33005662911382605,173.93984354298632,1.0,0.05378726422469444,28.34588824641397,1.0,0.007997323191901912,4.214589322132308,1.0,-0.0020000000000000013,-1.0540000000000007,1.0,-0.001159059006176479,-0.6108240962550044,1.0,-0.0005585224172396439,-0.29434131388529233,1.0,-1.5308359682280196e-05,-0.008067505552561664,1.0,-0.000753565267569596,-0.3971288960091771,1.0,0.0,0.0,0.0,0.0,0.0,0.0,1.1385199240986716,600.0,0.0018975332068311196,0.0,0.0,0.0,0.0,0.0,0.0,0.0,0.0,0.0
40960,10,train,,4,1,short_2.5D_no_current,0,,808.0641220175557,575,1,0,0,0,goal,40.36361787120245,1.2425451094496687,1.2425451094496687,39.12107276175276,39.1313427845285,0.9694706482801899,0.9997375499524188,1.3610901838096878,1.5692741590119688,1.3610477147665885,0.00255562313479601,0.0059305150089103975,0.01427169500515359,0.0392332963958224,0.01498705730523476,0.0437553749880899,0.07945045551095432,0.14635603224397134,0.9692941634622493,,,0,0.5777714656908874,0.5553648536668524,0.36804169744253157,0.5555802632803503,24.165143719724423,24.165143719724423,0.999705827928212,0.2741131482220801,0.0,0.0,808.0641220175556,0.3034068137725837,174.45891791923563,1.0,0.05442931862504735,31.296858209402227,1.0,0.007997646623425708,4.598646808469781,1.0,-0.0020000000000000013,-1.1500000000000008,1.0,-0.0011555429313817752,-0.6644371855445207,1.0,-0.0005553648536668528,-0.31933479085844035,1.0,-1.5333738817792885e-05,-0.008816899820230909,1.0,-0.00025689051013696757,-0.14771204332875634,1.0,0.0,0.0,0.0,0.0,0.0,0.0,1.0434782608695652,600.0,0.0017391304347826088,0.0,0.0,0.0,0.0,0.0,0.0,0.0,0.0,0.0
40960,10,train,,5,1,short_2.5D_no_current,0,,800.464227397706,483,1,0,0,0,goal,33.16647630156548,1.2485706046935239,1.2485706046935239,31.917905696871973,31.924997889701636,0.96256827524951,0.9997778482913552,1.3219460823893006,1.5492239087833146,1.3219039939783954,0.005273927618091836,0.029921106381343154,0.03999405401972357,0.07417608206236093,0.009399227839406877,0.030282964876803042,0.12477686904660287,0.21443507380635546,0.9624352737315427,,,0,0.5626883962698759,0.5891864466978387,0.3567054665205888,0.5377866140341167,23.55564815147414,23.55564815147414,0.9998007249498143,0.7431433894547465,0.0,0.0,800.464227397706,0.3586414058617923,173.22379903124568,1.0,0.052866096392334506,25.534324557497566,1.0,0.007998405799598518,3.863230001206084,1.0,-0.0020000000000000013,-0.9660000000000007,1.0,-0.0011253767925397523,-0.5435569907967004,1.0,-0.0005891864466978382,-0.2845770537550559,1.0,-3.1643565618753015e-05,-0.015283842193857705,1.0,-0.0007198929720448315,-0.34770830549765364,1.0,0.0,0.0,0.0,0.0,0.0,0.0,1.2422360248447204,600.0,0.002070393374741201,0.0,0.0,0.0,0.0,0.0,0.0,0.0,0.0,0.0
40960,10,train,,6,1,short_2.5D_no_current,0,,793.2068719708407,391,1,0,0,0,goal,26.467306725172758,1.239126017938649,1.239126017938649,25.22818070723415,25.232001654376997,0.9533271335983394,0.9998485674186604,1.2906394708121216,1.558792390778348,1.2906060482798156,0.004148556165574746,0.018274597485769206,0.027755119127249355,0.04561476523388297,0.00982045469612707,0.03959867983843113,0.05471171958943001,0.101444632947484,0.953208623106379,,,0,0.5975195836475895,0.5671731878662735,0.3396884109586706,0.5266185158201496,23.083120278085914,23.083120278085914,0.9998488143205421,0.3815492329381672,0.0,0.0,793.2068719708409,0.43880536671543424,171.5728983857348,1.0,0.05161776103781917,20.182544565787296,1.0,0.007998790514564338,3.127527091194656,1.0,-0.0020000000000000013,-0.7820000000000006,1.0,-0.0011950391672951798,-0.4672603144124153,1.0,-0.0005671731878662739,-0.22176471645571308,1.0,-2.489133702700368e-05,-0.009732512777558438,1.0,-0.0004995921438112098,-0.19534052823018302,1.0,0.0,0.0,0.0,0.0,0.0,0.0,1.5345268542199488,600.0,0.0025575447570332483,0.0,0.0,0.0,0.0,0.0,0.0,0.0,0.0,0.0
40960,10,train,,7,1,short_2.5D_no_current,0,,803.5086280295534,521,1,0,0,0,goal,36.162175267874616,1.239419831812203,1.239419831812203,34.9227554360624,34.93817569840002,0.9661524905399715,0.999558641456534,1.3411967638541282,1.5806780346993576,1.3411364828248242,0.004298902837080838,0.021662477848583883,0.05491546395324017,0.08379928850756846,0.016827472297159418,0.05200982648363395,0.1493932095859422,0.24204228209429984,0.9658697482280562,,,0,0.5602754765715728,0.5220397724904077,0.3627996247640727,0.5450505249473961,23.85153810499486,23.85153810499486,0.9995096643849016,1.101916813729532,0.0,0.0,803.5086280295532,0.33364816268544406,173.83069275911635,1.0,0.05362419260815722,27.93820434884991,1.0,0.007996077315079213,4.16595628115627,1.0,-0.0020000000000000013,-1.0420000000000007,1.0,-0.001120550953143147,-0.5838070465875795,1.0,-0.0005220397724904077,-0.2719827214675024,1.0,-2.579341705103874e-05,-0.013438370283591183,1.0,-0.0009884783516902994,-0.514997221230646,1.0,0.0,0.0,0.0,0.0,0.0,0.0,1.1516314779270633,600.0,0.0019193857965451055,0.0,0.0,0.0,0.0,0.0,0.0,0.0,0.0,0.0
45056,11,train,,0,2,medium_3D_current,0,,812.6710815692325,815,1,0,0,0,goal,50.2079171491346,1.2470609300883106,1.2470609300883106,48.9608562190463,49.54795956042518,0.9868555075338193,0.9881508068831191,1.215900848108593,1.421256268128237,1.209997910551679,0.005194740488069754,0.0257599661559742,0.3729384006363847,0.4647466647851406,0.03547649828973306,0.12418711540857341,1.4717916990795188,1.9811247117427755,0.9820389032439102,,,0,0.5587224624982458,0.5592498614733707,0.41981318821570623,0.5973957913784893,24.073092316304734,24.073092316304734,0.9915758648900597,9.846004005417276,0.1813826323104051,0.19293229281902313,812.6710815692322,0.21537321704096557,175.52917188838694,1.0,0.04806104283427041,39.16974990993038,0.9950920245398773,0.007932606919120466,6.46507463908318,1.0,-0.0020000000000000013,-1.6300000000000012,1.0,-0.0011174449249964898,-0.9107176138721391,1.0,-0.0005592498614733701,-0.45578863710079665,1.0,-3.116844296989252e-05,-0.025402281020462405,1.0,-0.006712891210030564,-5.471006336174909,1.0,0.0,0.0,0.0,0.0,0.0,0.0,0.7361963190184049,600.0,0.001226993865030675,0.0,0.0,0.0,0.0,0.0,0.0,0.0,0.0,0.0
45056,11,train,,1,2,medium_3D_current,0,,816.3284572802897,669,1,0,0,0,goal,49.92678334258907,1.233446086469732,1.233446086469732,48.69333725611939,48.985689706349085,0.9811505253646653,0.9940318804944405,1.4644451332241895,1.6657448888016195,1.4620997802470626,0.003236255675525366,0.01482513527167617,0.08354570362717789,0.26207849177141895,0.02372857692422142,0.06887296163893897,0.57752736247195,0.9576324528751621,0.9803492008686221,,,0,0.5822474641199202,0.5648772522162574,0.3939175938098776,0.5833318052626868,24.50609567311829,24.50609567311829,0.996768093451531,2.0295870421921776,0.10348134341974073,0.12022445350885391,816.32845728029,0.26241118433444316,175.5530823197425,1.0,0.058228205986390856,38.95466980489548,1.0,0.007974144747612245,5.334702836152592,1.0,-0.0020000000000000013,-1.338000000000001,1.0,-0.0011644949282398405,-0.7790471069924534,1.0,-0.0005648772522162568,-0.3779028817326758,1.0,-1.9417534088312148e-05,-0.012990330305080827,1.0,-0.0015038226628853548,-1.0060573614703023,1.0,0.0,0.0,0.0,0.0,0.0,0.0,0.8968609865470852,600.0,0.0014947683109118087,0.0,0.0,0.0,0.0,0.0,0.0,0.0,0.0,0.0
45056,11,train,,2,2,medium_3D_current,0,,834.6930065399408,1067,1,0,0,0,goal,68.84788105262092,1.2390070985463275,1.2390070985463275,67.60887395407461,69.09318131672882,1.0035629312094647,0.9785173104730837,1.295092433303257,1.5181797785299778,1.270595025989788,0.002553422530156554,0.005102772696516045,0.03889712017310422,0.0730975465715149,0.03400108585529136,0.1713528825387014,3.0828912036583693,4.506771347384124,0.9920203169066961,,,0,0.5643961460738955,0.5449508858771319,0.3791778412522729,0.5641171598585275,24.424666259202702,24.424666259202702,0.9987716931577074,1.4848270917002606,0.262335887707721,0.323035329580307,834.6930065399412,0.1656613552584467,176.76066606076262,1.0,0.050693640467546854,54.09011437887249,0.9953139643861293,0.007990173545261664,8.525515172794195,1.0,-0.0019999999999999875,-2.1339999999999866,1.0,-0.0011287922921477914,-1.2044213757216935,1.0,-0.0005449508858771312,-0.5814625952308989,1.0,-1.532053516763182e-05,-0.016347011023863153,1.0,-0.0007001481635536163,-0.7470580905117086,1.0,0.0,0.0,0.0,0.0,0.0,0.0,0.5623242736644799,600.0,0.0009372071227741331,0.0,0.0,0.0,0.0,0.0,0.0,0.0,0.0,0.0
45056,11,train,,3,2,medium_3D_current,0,,840.4657246324787,993,1,0,0,0,goal,79.36948797937629,1.2428904880578655,1.2428904880578655,78.1265974913183,78.3612172564827,0.9872964945527231,0.9970059198494027,1.5782722508858567,1.7555504612593864,1.5774832783347668,0.0038125660992405124,0.018197905592121533,0.1946306820400795,0.3035829515331603,0.021519755358031627,0.0846532311079069,1.0022185373015084,1.539026525447918,0.9862600079886382,,,0,0.549665742383075,0.5639340414816639,0.41085699578786544,0.5957849922947293,25.17464174594458,25.17464174594458,0.997272461945934,8.279869083177756,0.16019986657667737,0.2224317491054535,840.4657246324783,0.17843029299981167,177.181280948813,1.0,0.06294187109068948,62.50127799305466,1.0,0.007978179695567465,7.9223324376984925,1.0,-0.0020000000000000013,-1.9860000000000015,1.0,-0.001099331484766151,-1.091636164372788,1.0,-0.000563934041481664,-0.5599865031912924,1.0,-2.2875396604400207e-05,-0.022715268828169405,1.0,-0.003503352276631984,-3.4788288106955605,1.0,0.0,0.0,0.0,0.0,0.0,0.0,0.6042296072507553,600.0,0.0010070493454179255,0.0,0.0,0.0,0.0,0.0,0.0,0.0,0.0,0.0
49152,12,train,,0,2,medium_3D_current,0,,813.9611967706996,776,1,0,0,0,goal,52.58418719181153,1.2400912679692864,1.2400912679692864,51.34409592384215,52.41371452171521,0.9967581001209643,0.9795927724712239,1.3508689309720403,1.5651688796605872,1.3434560666935864,0.005395338637772671,0.020780559997113812,0.4349433196007411,0.5871422206966042,0.038873367507076734,0.5450351053759559,1.823885107066374,2.9489709502641115,0.9893343638348302,,,0,0.5679621614945438,0.547899463865666,0.45721767773640526,0.6301832196504339,24.206605789863787,24.206605789863787,0.9809739313392183,11.63304236326249,0.12140263655443781,0.17932666838169098,813.9611967706995,0.2264884865212838,175.75506554051623,1.0,0.05293208931350792,41.075301307282146,0.9987113402061856,0.007847791450713754,6.089886165753873,1.0,-0.0020000000000000013,-1.5520000000000012,1.0,-0.0011359243229890875,-0.8814772746395318,1.0,-0.0005478994638656652,-0.4251699839597562,1.0,-3.2372031838797055e-05,-0.025120696706906517,1.0,-0.007828979751992898,-6.075288287546489,1.0,0.0,0.0,0.0,0.0,0.0,0.0,0.7731958762886598,600.0,0.001288659793814433,0.0,0.0,0.0,0.0,0.0,0.0,0.0,0.0,0.0
49152,12,train,,1,2,medium_3D_current,0,,815.9452490996155,786,1,0,0,0,goal,49.22373406470767,1.2487589621768302,1.2487589621768302,47.97497510253083,48.284100978487686,0.9809109750799324,0.99359777090818,1.22860307833302,1.4412022577648809,1.2226454537851592,0.003515927645590468,0.016517568712269615,0.09047923478165269,0.13600964218269063,0.038516220722454045,0.17123300146616538,1.1174187470012806,1.6178943712696978,0.976590655815424,,,0,0.5649709223482862,0.501585512115139,0.3795283999170814,0.5645857079158378,24.28101405538311,24.28101405538311,0.9981345927470823,2.318053869556749,0.1811938563660356,0.2661057114601135,815.9452490996152,0.22319792938140234,175.43357249378224,1.0,0.04883774569595608,38.38646811702148,0.9923664122137404,0.007985076741976665,6.276270319193658,1.0,-0.0020000000000000013,-1.5720000000000012,1.0,-0.0011299418446965718,-0.8881342899315053,1.0,-0.0005015855121151384,-0.39424621252249875,1.0,-2.109556588307714e-05,-0.01658111478409863,1.0,-0.0016286262253740133,-1.2801002131439745,1.0,0.0,0.0,0.0,0.0,0.0,0.0,0.7633587786259542,600.0,0.001272264631043257,0.0,0.0,0.0,0.0,0.0,0.0,0.0,0.0,0.0
49152,12,train,,2,2,medium_3D_current,0,,814.3146443709941,562,1,0,0,0,goal,47.178800904731105,1.2281922613028928,1.2281922613028928,45.95060864342823,46.408765510148456,0.9836783601995821,0.9901277945732029,1.6515574914643572,1.8457065245724673,1.6388010735000758,0.003239764611124183,0.014470708324078707,0.017757883652655838,0.04326150830383302,0.03217869148693576,0.27435861402511996,1.334215839380009,1.9049622080540356,0.9802874511004203,,,0,0.5658887534541512,0.5377004863860025,0.3877959588535952,0.5768752240731623,24.605546840811506,24.605546840811506,0.9985688052504564,0.39265404892435735,0.3294857108826315,0.3384595215320587,814.3146443709941,0.31194681737310237,175.31411136368354,1.0,0.06541597425056153,36.76377752881558,0.9911032028469751,0.007988550442003643,4.489565348406047,1.0,-0.0020000000000000013,-1.1240000000000008,1.0,-0.001131777506908302,-0.6360589588824658,1.0,-0.0005377004863860022,-0.30218767334893326,1.0,-1.9438587700498834e-05,-0.010924486287680345,1.0,-0.0003196419063915982,-0.1796387513920782,1.0,0.0,0.0,0.0,0.0,0.0,0.0,1.0676156583629892,600.0,0.0017793594306049821,0.0,0.0,0.0,0.0,0.0,0.0,0.0,0.0,0.0
49152,12,train,,3,2,medium_3D_current,0,,836.0120068840613,1058,1,0,0,0,goal,70.08040313069185,1.2304549417940904,1.2304549417940904,68.84994818889766,69.1185699754687,0.9862752907766607,0.9961136090248064,1.306589224489012,1.4678114249132475,1.3022546409660343,0.0032181632317213617,0.017787403050840034,0.02300368799911651,0.06119647899426717,0.02956224932094574,0.1262132227217596,1.2451710546300663,1.5998612861140866,0.9838620918506985,,,0,0.5680740489879718,0.5558190679904742,0.38832200510121023,0.5769546849403129,24.82626706532882,24.82626706532882,0.9991284867735444,0.814196774957066,0.13996455103637817,0.17659050226211548,836.0120068840611,0.1671451825044946,176.8396030897553,1.0,0.05206086264552428,55.080392678964685,0.997164461247637,0.007993027894188353,8.456623512051278,1.0,-0.001999999999999989,-2.1159999999999886,1.0,-0.0011361480979759423,-1.2020446876585469,1.0,-0.0005558190679904748,-0.5880565739339224,1.0,-1.9308979370758705e-05,-0.02042890017426271,1.0,-0.00041406638463460204,-0.438082234943409,1.0,0.0,0.0,0.0,0.0,0.0,0.0,0.5671077504725898,600.0,0.000945179584120983,0.0,0.0,0.0,0.0,0.0,0.0,0.0,0.0,0.0
53248,13,train,,0,2,medium_3D_current,0,,819.9342888728029,780,1,0,0,0,goal,55.433513938837805,1.2469053524806886,1.2469053524806886,54.18660858635716,54.756762496916814,0.9877916553753442,0.9895875160517059,1.404019551202997,1.6051672918109239,1.3970555172503556,0.003186960891640741,0.01040801183377571,0.1929769787266461,0.35015833165655863,0.022944379644395073,0.13032959202501582,1.4074422024418012,2.051220129197262,0.9847715703667461,,,0,0.5548423960530319,0.5481718987298126,0.40529448364216547,0.586539516158593,24.421490590383605,24.421490590383605,0.9954014947830111,5.617328691137124,0.12302736605589207,0.1489320546388626,819.934288872803,0.22557837475834394,175.95113231150827,1.0,0.05557601437300596,43.34929121094465,0.9987179487179487,0.007963211958264087,6.211305327445989,1.0,-0.0020000000000000013,-1.5600000000000012,1.0,-0.0011096847921060638,-0.8655541378427297,1.0,-0.0005481718987298129,-0.42757408100925404,1.0,-1.9121765320544292e-05,-0.014914976950024549,1.0,-0.003473585617043471,-2.7093967812939073,1.0,0.0,0.0,0.0,0.0,0.0,0.0,0.7692307692307693,600.0,0.001282051282051282,0.0,0.0,0.0,0.0,0.0,0.0,0.0,0.0,0.0
53248,13,train,,1,2,medium_3D_current,0,,844.0192889728828,1154,1,0,0,0,goal,79.69054002666925,1.2452503589734805,1.2452503589734805,78.44528966769587,78.65159902213942,0.9869628063232833,0.9973769210415471,1.3631126346991245,1.5047116129474618,1.3619038924623028,0.0028838831176347867,0.012186254109482597,0.04490295226350864,0.14748029817847552,0.02588143314352344,0.1043768949890902,1.1701798172276652,1.7539421354117615,0.9854708824539918,,,0,0.5540312950542129,0.5245675247447465,0.40000698045929134,0.5847697468923221,25.166429849675808,25.166429849675808,0.9987384572135584,1.978354611785139,0.08196847908766988,0.12991125881671906,844.0192889728824,0.15354186004469933,177.18730649158303,1.0,0.05438160860294753,62.75637632780145,0.9982668977469671,0.007989907657708444,9.220353436995545,1.0,-0.001999999999999972,-2.3079999999999674,1.0,-0.0011080625901084254,-1.278704228985123,1.0,-0.000524567524744747,-0.6053509235554381,1.0,-1.730329871383693e-05,-0.019968006715767816,1.0,-0.00080825314059047,-0.9327241242414024,1.0,0.0,0.0,0.0,0.0,0.0,0.0,0.5199306759098787,600.0,0.0008665511265164644,0.0,0.0,0.0,0.0,0.0,0.0,0.0,0.0,0.0
53248,13,train,,2,2,medium_3D_current,0,,813.1980597842316,823,1,0,0,0,goal,48.97723061715972,1.2384991595415458,1.2384991595415458,47.73873145761825,47.90942282015437,0.978197873102461,0.9964372068689504,1.1642630089952453,1.3840554935396356,1.1634601880294082,0.0050844076106929415,0.016749321298420217,0.2674669923263174,0.32149764324729,0.023956883924952883,0.06572138450885356,0.6696504109389302,0.9652643373420505,0.9765004729630996,,,0,0.5505065473061358,0.5520973134337743,0.3943057940007705,0.5665835973875708,23.912754970836584,23.912754970836584,0.9951784677301465,7.170584794051053,0.19159210865291906,0.2094518393278122,813.1980597842319,0.21318140481055364,175.44829615908566,1.0,0.046405080539726216,38.19138128419468,0.9963547995139733,0.007961427741841167,6.552255031535281,1.0,-0.0020000000000000013,-1.6460000000000012,1.0,-0.0011010130946122719,-0.9061337768658997,1.0,-0.0005520973134337743,-0.45437608895599624,1.0,-3.050644570107843e-05,-0.025106804811987547,1.0,-0.004814405856561256,-3.9622560199499133,1.0,0.0,0.0,0.0,0.0,0.0,0.0,0.7290400972053463,600.0,0.001215066828675577,0.0,0.0,0.0,0.0,0.0,0.0,0.0,0.0,0.0
53248,13,train,,3,2,medium_3D_current,0,,837.6740022252711,1188,1,0,0,0,goal,71.0861288690265,1.240031027803584,1.240031027803584,69.84609784122297,72.01054080827018,1.013004111406135,0.9699426925176114,1.2122986668058955,1.4590129100259661,1.1765563813772215,0.0026428049248431776,0.009412624504585132,0.009835470109584582,0.03288757721866631,0.024955700821998994,0.17834593652705077,3.993078353740917,6.009912291034096,0.9921796735918089,,,0,0.5591759696361367,0.5504590242003405,0.3780816355312513,0.5594671823786767,24.371227271473682,24.371227271473682,0.9990912325245943,0.2719700395445361,0.3484419499483173,0.35391858220100403,837.6740022252711,0.148872111416466,176.8600683627616,1.0,0.047059156413658876,55.90627781942674,0.9924242424242424,0.007992729860196756,9.495363073913746,1.0,-0.001999999999999966,-2.37599999999996,1.0,-0.0011183519392722757,-1.3286021038554634,1.0,-0.0005504590242003407,-0.6539453207500048,1.0,-1.585682955848107e-05,-0.01883791351547551,1.0,-0.00017703846187717333,-0.21032169271008191,1.0,0.0,0.0,0.0,0.0,0.0,0.0,0.5050505050505051,600.0,0.0008417508417508417,0.0,0.0,0.0,0.0,0.0,0.0,0.0,0.0,0.0
57344,14,train,,0,2,medium_3D_current,0,,813.736052295422,827,1,0,0,0,goal,52.440485333911234,1.2358895217132209,1.2358895217132209,51.20459581219807,51.76055283058163,0.9870342065104818,0.98925905949646,1.2517666948145467,1.4549799870237323,1.2472048661593127,0.007338371252358112,0.024487726893175132,0.43288828633598897,0.5275097369156634,0.03838312201959577,0.2606700420681176,1.4582518974581016,2.2621402732255658,0.9820194837773764,,,0,0.5645577304784272,0.5530183971302073,0.4395249810389625,0.6214109793881983,24.19560186173383,24.19560186173383,0.9885001033228629,11.94081787451311,0.15831213970606675,0.19002889096736908,813.7360522954225,0.21252461372214157,175.75785554821107,1.0,0.04953300216521663,40.96379279063415,0.9975816203143894,0.007908000826582903,6.539916683584061,1.0,-0.0020000000000000013,-1.6540000000000012,1.0,-0.0011291154609568536,-0.9337784862113179,1.0,-0.0005530183971302073,-0.45734621442668144,1.0,-4.403022748327871e-05,-0.03641299812867149,1.0,-0.007791989151439084,-6.443975028240123,1.0,0.0,0.0,0.0,0.0,0.0,0.0,0.7255139056831923,600.0,0.0012091898428053204,0.0,0.0,0.0,0.0,0.0,0.0,0.0,0.0,0.0
57344,14,train,,1,2,medium_3D_current,0,,838.2798059835807,1170,1,0,0,0,goal,76.14815564527015,1.239844000527125,1.239844000527125,74.90831164474308,75.16520392595326,0.9870915886144914,0.9965822978214319,1.2848752807855226,1.443560928300082,1.2814681071049308,0.0033172548389232477,0.012051380126622657,0.17807331973661286,0.22625017161487548,0.036765241658175234,0.11280556551673104,1.1114373252439809,2.1424126922846196,0.9839358373355424,,,0,0.5539562842577823,0.5545623107479475,0.3998915709427789,0.583329124825123,24.953029791121548,24.953029791121548,0.9980309204397827,7.7076918307944995,0.16296120652785667,0.20278213918209076,838.2798059835807,0.15134123131409777,177.06924063749437,1.0,0.05122017331584356,59.92760277953697,0.9965811965811966,0.007984247363518252,9.341569415316355,1.0,-0.0019999999999999693,-2.339999999999964,1.0,-0.0011079125685155631,-1.296257705163209,1.0,-0.0005545623107479475,-0.6488379035750986,1.0,-1.990352901589067e-05,-0.023287128948592084,1.0,-0.0032053197530599797,-3.7502241110801764,1.0,0.0,0.0,0.0,0.0,0.0,0.0,0.5128205128205128,600.0,0.0008547008547008547,0.0,0.0,0.0,0.0,0.0,0.0,0.0,0.0,0.0
57344,14,train,,2,2,medium_3D_current,0,,821.5358575691162,894,1,0,0,0,goal,56.699660035869016,1.2280131180586098,1.2280131180586098,55.47164691781036,55.61511264466409,0.9808720653612591,0.997420382337975,1.2441859652050091,1.4205152338573355,1.2411314698758198,0.004019359262990124,0.013013793050506539,0.17859942701084977,0.21704419406976605,0.03183755683106382,0.0823295221627709,0.6410042053206745,1.141601124104599,0.9792360976803245,,,0,0.5348715036914744,0.49572914179624944,0.3849692139816231,0.5643196447733665,24.37591575914786,24.37591575914786,0.998288441861635,5.965507431993943,0.16087655971447626,0.18726661801338196,821.5358575691164,0.19698156854844304,176.10152228230808,1.0,0.049639474579597255,44.377690274159946,0.9966442953020134,0.007986307534893081,7.139758936194415,1.0,-0.0020000000000000013,-1.7880000000000014,1.0,-0.0010697430073829497,-0.956350248600357,1.0,-0.0004957291417962503,-0.44318185276584776,1.0,-2.411615558993172e-05,-0.02155984309739896,1.0,-0.00321478968577447,-2.8740219790823764,1.0,0.0,0.0,0.0,0.0,0.0,0.0,0.6711409395973155,600.0,0.0011185682326621924,0.0,0.0,0.0,0.0,0.0,0.0,0.0,0.0,0.0
57344,14,train,,3,2,medium_3D_current,0,,831.6157862185563,931,1,0,0,0,goal,68.30285344993105,1.2377989133999383,1.2377989133999383,67.06505453653116,68.27494864157558,0.999591454720469,0.9822790916856478,1.4667013671659672,1.6911059035134228,1.4497007565696585,0.003784030314297293,0.016568088823528004,0.16649078857837674,0.23397380250348299,0.04846421171666561,0.27451076695955656,2.0482950791002197,2.7432257027782248,0.9938993739244238,,,0,0.5642679319721992,0.5135383047276025,0.4030734847842943,0.5909574993202817,24.78260111974402,24.78260111974402,0.9964669314024488,6.011040214699944,0.20323048256713772,0.27105024456977844,831.6157862185561,0.18983673632214856,176.7380015159203,1.0,0.05763486603037845,53.658060274282334,0.9935553168635876,0.007971735451219597,7.421685705085444,1.0,-0.0020000000000000013,-1.8620000000000014,1.0,-0.001128535863944397,-1.0506668893322337,1.0,-0.0005135383047276024,-0.47810416170139786,1.0,-2.270418186289909e-05,-0.021137593314359052,1.0,-0.0029968341916047293,-2.790052632384003,1.0,0.0,0.0,0.0,0.0,0.0,0.0,0.644468313641246,600.0,0.0010741138560687433,0.0,0.0,0.0,0.0,0.0,0.0,0.0,0.0,0.0
61440,15,train,,0,2,medium_3D_current,0,,811.6284188446796,587,1,0,0,0,goal,46.98171669585585,1.2483614452019978,1.2483614452019978,45.73335525065384,47.03080624279338,1.0010448649046888,0.9724127418645233,1.6024124784597402,1.8179956197069211,1.5964443792223975,0.003220820326879875,0.010073497264495135,0.24270816046182112,0.5317617161327957,0.04728689461268426,2.428685825604347,1.1146663270286845,1.5899292392011595,0.9995327883874777,,,0,0.577205982389249,0.5730978134857709,0.4406553188138967,0.6213716479491131,24.18993023629502,24.18993023629502,0.9770869494976189,5.51437650975059,0.26606739394912526,0.2932952642440796,811.6284188446797,0.2984960489370471,175.21718072604665,1.0,0.06232825247107855,36.58668420052311,1.0,0.007816695595980956,4.588400314840821,1.0,-0.0020000000000000013,-1.1740000000000008,1.0,-0.001154411964778498,-0.6776398233249783,1.0,-0.0005730978134857705,-0.3364084165161473,1.0,-1.9324921967962695e-05,-0.011343729195194103,1.0,-0.004368746895561419,-2.564454427694553,1.0,0.0,0.0,0.0,0.0,0.0,0.0,1.0221465076660987,600.0,0.0017035775127768314,0.0,0.0,0.0,0.0,0.0,0.0,0.0,0.0,0.0
61440,15,train,,1,2,medium_3D_current,0,,812.9106160201602,619,1,0,0,0,goal,45.60705644217404,1.242966338268515,1.242966338268515,44.36409010390557,44.748476845191284,0.9811744132605584,0.9914100597744241,1.4458312389399435,1.6585258630877668,1.437042935753592,0.003342905896895142,0.01634469158192564,0.031093773304996995,0.13497698759622523,0.027433123604608284,0.10269922700664136,1.303029293888095,1.9957814175377704,0.9775710598717854,,,0,0.555576158337098,0.5390645116823387,0.38583779794815476,0.5681922854629973,24.383049012944152,24.383049012944152,0.9982544553203492,0.6530070001794949,0.1657852214642218,0.18480543792247772,812.9106160201599,0.28286641852336225,175.09431306596122,1.0,0.057336499973343356,35.49129348349954,0.9983844911147012,0.007986035642562788,4.943356062746366,1.0,-0.0020000000000000013,-1.2380000000000009,1.0,-0.001111152316674196,-0.6878032840213273,1.0,-0.0005390645116823382,-0.33368093273136734,1.0,-2.005743535248112e-05,-0.012415552483185814,1.0,-0.0005596879205354001,-0.34644682281141265,1.0,0.0,0.0,0.0,0.0,0.0,0.0,0.9693053311793215,600.0,0.0016155088852988692,0.0,0.0,0.0,0.0,0.0,0.0,0.0,0.0,0.0
61440,15,train,,2,2,medium_3D_current,0,,816.4023904556857,625,1,0,0,0,goal,49.53761751429422,1.2497418684557002,1.2497418684557002,48.28787564583846,48.31820572988721,0.9753841253254631,0.9993722845542269,1.5461825833563947,1.7501094325153541,1.5458635791351172,0.0032893114404122363,0.014670213289601719,0.03489667209395076,0.05306285475462058,0.016537500214605465,0.04470588993557145,0.2489514574110488,0.4991804979071757,0.9750499207937839,,,0,0.5553576018750668,0.5367823351964355,0.3856353127002716,0.5712348495364189,24.735742438667064,24.735742438667064,0.99955265683295,0.8319967801190538,0.1572222980260849,0.20400196313858032,816.4023904556859,0.2807342961535971,175.45893509599819,1.0,0.061808480826673326,38.63030051667083,1.0,0.00799642125466361,4.997763284164756,1.0,-0.0020000000000000013,-1.2500000000000009,1.0,-0.001110715203750135,-0.6941970023438344,1.0,-0.0005367823351964357,-0.3354889594977723,1.0,-1.973586868399291e-05,-0.012334917927495569,1.0,-0.000628140098205954,-0.39258756137872125,1.0,0.0,0.0,0.0,0.0,0.0,0.0,0.96,600.0,0.0016,0.0,0.0,0.0,0.0,0.0,0.0,0.0,0.0,0.0
61440,15,train,,3,2,medium_3D_current,0,,823.4317603511377,1158,1,0,0,0,goal,58.62604798529595,1.2486315858623278,1.2486315858623278,57.377416399433706,70.0562152948132,1.1949673856983172,0.8190196424111097,1.209951904919056,1.9478939793265126,1.1775637752667532,0.0037861704937518035,0.024842677593057694,0.23459976929972534,0.6175276101493763,0.42171246532972245,2.5877017751229174,2.1165639736530486,5.024167696432132,1.0,,,0,0.5647319478404247,0.559854609814162,0.520089071745854,0.6703995123299704,19.803119539737317,19.803119539737317,0.7908016367397492,3.8256786480429104,0.3574818341328484,0.39286795258522034,823.4317603511379,0.15212980739806897,176.16631696696388,1.0,0.042204784339557676,48.87314026520779,0.8402417962003454,0.0065464920958462946,7.5808378469900095,0.8911917098445595,-0.001999999999999971,-2.3159999999999665,1.0,-0.0011294638956808494,-1.3079191911984236,1.0,-0.0005598546098141616,-0.6483116381647991,1.0,-2.27170229806656e-05,-0.026306312611610767,1.0,-0.004222795842874706,-4.88999758604891,1.0,0.0,0.0,0.0,0.0,0.0,0.0,0.5181347150259067,600.0,0.0008635578583765112,0.0,0.0,0.0,0.0,0.0,0.0,0.0,0.0,0.0
61440,15,train,,4,2,medium_3D_current,0,,796.2299756503554,1048,1,0,0,0,goal,50.804139498214745,1.247123095262348,1.247123095262348,49.5570164029524,60.783302739979995,1.1964242154345694,0.8153064109554622,1.1599866935110676,1.669389224414004,1.1517893327248434,0.006311022837591963,0.022297321655020408,0.4126008052373143,0.732388435781552,0.5949033996942953,2.940389927239198,2.015682299407437,3.506660015394069,0.9832453977433416,,,0,0.5709334368655771,0.5226203062011059,0.6311639932105104,0.7771482018341545,20.335540572342705,20.335540572342705,0.7036452146186757,7.189714418661482,0.11499707267854277,0.15069881081581116,796.2299756503554,0.1675395228548755,175.5814199519095,1.0,0.039307865345477894,41.19464288206083,0.8282442748091603,0.005837099882747612,6.117280677119497,0.8683206106870229,-0.0019999999999999914,-2.0959999999999908,1.0,-0.0011418668737311537,-1.196676483670249,1.0,-0.0005226203062011047,-0.5477060808987577,1.0,-3.786613697632092e-05,-0.039683711551184324,1.0,-0.0074268144891356915,-7.783301584614205,1.0,0.0,0.0,0.0,-0.01431297709923664,-15.0,0.01431297709923664,0.5725190839694656,600.0,0.0009541984732824427,0.0,0.0,0.0,0.0,0.0,0.0,0.0,0.0,0.0
65536,16,train,,0,2,medium_3D_current,0,,832.465101550636,1089,1,0,0,0,goal,65.74811654261256,1.245732039723866,1.245732039723866,64.50238450288879,64.77398394450638,0.9851838706668529,0.9958069671636939,1.1896048474656833,1.4188763377081592,1.1857844694741455,0.003668680547799095,0.02538143461452469,0.01981939105329763,0.04933432567745477,0.0422237485260366,0.17067902512022792,1.0438546297933033,1.7270516910028169,0.9823695618054753,,,0,0.5643684513305884,0.5576642208276839,0.3852327105591777,0.5704775582331928,24.493324045008336,24.493324045008336,0.9982407831805589,0.6926490068776274,0.21862848383554961,0.29730433225631714,832.465101550636,0.16215751443757814,176.5895332225226,1.0,0.047388297805547444,51.605856310241165,0.9944903581267218,0.007985926265444476,8.696673703069035,1.0,-0.001999999999999983,-2.1779999999999817,1.0,-0.0011287369026611765,-1.2291944869980211,1.0,-0.0005576642208276839,-0.6072963364813477,1.0,-2.2012083292773187e-05,-0.02397115870583,1.0,-0.00035674903857826445,-0.38849970301173,1.0,0.0,0.0,0.0,0.0,0.0,0.0,0.5509641873278237,600.0,0.0009182736455463728,0.0,0.0,0.0,0.0,0.0,0.0,0.0,0.0,0.0
65536,16,train,,1,2,medium_3D_current,0,,813.2584846026073,780,1,0,0,0,goal,53.092479646317784,1.2404540851582537,1.2404540851582537,51.852025561159536,53.857320722289174,1.0144058269846592,0.9627665258086309,1.3809569415971585,1.662196405348463,1.3595757888225732,0.00630460432825289,0.02439104076730203,0.5156323083565977,0.6908312511031269,0.08918959111051368,0.7106085678293752,2.5318390663537027,3.766575299221275,0.9997773971586734,,,0,0.5471877336776696,0.5599889572733678,0.49779967670448316,0.6746315812548765,23.647967002069603,23.647967002069603,0.9777208703194441,12.716483651024935,0.22225693372579722,0.2402525097131729,813.2584846026073,0.2253775324167809,175.7944752850891,1.0,0.05318258781781221,41.482418497893526,0.9948717948717949,0.007821766962555562,6.100978230793339,1.0,-0.0020000000000000013,-1.5600000000000012,1.0,-0.0010943754673553392,-0.8536128645371646,1.0,-0.000559988957273368,-0.43679138667322703,1.0,-3.782762589323209e-05,-0.029505548196721028,1.0,-0.009281381553540427,-7.239477611761533,1.0,0.0,0.0,0.0,0.0,0.0,0.0,0.7692307692307693,600.0,0.001282051282051282,0.0,0.0,0.0,0.0,0.0,0.0,0.0,0.0,0.0
65536,16,train,,2,2,medium_3D_current,0,,833.4840031505735,1021,1,0,0,0,goal,73.1111296629383,1.2406449081657218,1.2406449081657218,71.87048475477268,72.66367989508443,0.9938798679501092,0.9890840218736912,1.4233825640565017,1.5942553111318563,1.4182122894236977,0.005030516432868558,0.018821828453582157,0.28929317677242916,0.5244298865755597,0.02690881581703053,0.1800651847601622,1.7557058852127614,2.4223844640356234,0.9912163331346276,,,0,0.552871062744584,0.5281708997368254,0.42872694407632606,0.6117451160226699,24.868842014565043,24.868842014565043,0.9916336699112879,10.464219442718337,0.10210656514072045,0.1440252661705017,833.4840031505736,0.17330609742335895,176.9455254692495,1.0,0.05631389423254434,57.49648601142777,0.9980411361410382,0.007933069359290314,8.09966381583541,1.0,-0.0019999999999999966,-2.0419999999999967,1.0,-0.0011057421254891682,-1.1289627101244406,1.0,-0.0005281708997368258,-0.5392624886312992,1.0,-3.0183098578991e-05,-0.030816943649149813,1.0,-0.0052072771826976155,-5.316630003534265,1.0,0.0,0.0,0.0,0.0,0.0,0.0,0.5876591576885406,600.0,0.0009794319294809011,0.0,0.0,0.0,0.0,0.0,0.0,0.0,0.0,0.0
65536,16,train,,3,2,medium_3D_current,0,,824.6086376481272,769,1,0,0,0,goal,59.38594239423698,1.2326960337183555,1.2326960337183555,58.15324636051866,59.40107803349139,1.0002548690589759,0.9789931140261593,1.5448914963196698,1.739218148121582,1.5231865810535627,0.004367865952716263,0.02673651134787569,0.10468084561968573,0.13770097596729292,0.040927039209046306,0.40183957254142255,2.384861858999127,3.3817895652936842,0.9926711113226471,,,0,0.5644502869682442,0.5737416316181063,0.400441564396702,0.5832693758475145,24.60570727011926,24.60570727011926,0.9966091836063246,3.549177627184245,0.28123052199268217,0.3004874289035797,824.6086376481272,0.22921153866629082,176.26367323437765,1.0,0.06050754508637859,46.530302171425134,0.9908972691807543,0.007972873468850608,6.131139697546117,1.0,-0.0020000000000000013,-1.5380000000000011,1.0,-0.0011289005739364892,-0.8681245413571602,1.0,-0.0005737416316181062,-0.4412073147143237,1.0,-2.620719570112019e-05,-0.020153333494161426,1.0,-0.0018842552219193113,-1.4489922656559504,1.0,0.0,0.0,0.0,0.0,0.0,0.0,0.7802340702210663,600.0,0.0013003901170351106,0.0,0.0,0.0,0.0,0.0,0.0,0.0,0.0,0.0
69632,17,train,,0,2,medium_3D_current,0,,834.0395118103388,1156,1,0,0,0,goal,71.32222538154163,1.2404596331234115,1.2404596331234115,70.0817657484181,71.66589216629067,1.0048185089978696,0.977895671567212,1.2398943281365158,1.4465102174917088,1.2221711000938846,0.003001972613768605,0.009662507897556516,0.18430568750698564,0.24026075289582316,0.055886345152133254,0.26194161331360144,3.354928614236572,5.6335294514624,0.9910865201180361,,,0,0.571200625760687,0.5392066158038471,0.4073028912361724,0.5895339244957304,24.77413591135826,24.77413591135826,0.995758077688546,6.908428778813526,0.26878340769185327,0.35685691237449646,834.0395118103391,0.15300119439336898,176.86938071873453,1.0,0.048506188158634896,56.07315351138194,0.9939446366782007,0.00796606462150837,9.208770702463674,1.0,-0.0019999999999999714,-2.311999999999967,1.0,-0.0011424012515213744,-1.3206158467587088,1.0,-0.0005392066158038478,-0.6233228478692481,1.0,-1.801183566681374e-05,-0.02082168203083668,1.0,-0.0033175023750711807,-3.835032745582285,1.0,0.0,0.0,0.0,0.0,0.0,0.0,0.5190311418685121,600.0,0.0008650519031141869,0.0,0.0,0.0,0.0,0.0,0.0,0.0,0.0,0.0
69632,17,train,,1,2,medium_3D_current,0,,836.7478086491305,986,1,0,0,0,goal,73.47297601632411,1.2300795978903136,1.2300795978903136,72.24289641843394,72.71718968147567,0.9897134106194294,0.9934775633502969,1.4749937055066036,1.670217158409488,1.471929476216403,0.0031677648792783363,0.014566447335323307,0.12566003982801321,0.23466932548911634,0.04839909386640033,0.3558537660379417,1.4305744843198185,2.521055764123306,0.9874659229705892,,,0,0.5776287440992665,0.5403618404356495,0.40809726898707677,0.6001617060501967,25.009998442323894,25.009998442323894,0.9964344431686294,4.334686074024127,0.10618977549412188,0.18125960230827332,836.7478086491304,0.1794994443889598,176.98645216751436,1.0,0.05861492610014919,57.794317134747104,1.0,0.007971475545349037,7.859874887714151,1.0,-0.0020000000000000013,-1.9720000000000015,1.0,-0.0011552574881985333,-1.1390838833637538,1.0,-0.0005403618404356497,-0.5327967746695507,1.0,-1.900658928618957e-05,-0.018740497036182916,1.0,-0.0022618807157968584,-2.230214385775702,1.0,0.0,0.0,0.0,0.0,0.0,0.0,0.6085192697768763,600.0,0.0010141987829614604,0.0,0.0,0.0,0.0,0.0,0.0,0.0,0.0,0.0
69632,17,train,,2,2,medium_3D_current,0,,834.647559032977,883,1,0,0,0,goal,69.86033520816267,1.2182539316420087,1.2182539316420087,68.6420812765206,68.7240101274111,0.9837343311141343,0.9988078569521983,1.556602720892659,1.7408596211715184,1.554486891631724,0.0037658658109822676,0.02434236371165044,0.05649023252199871,0.0850666506878226,0.019890343087815975,0.07410948400827033,0.6108528831804332,1.035209366568226,0.983173988872084,,,0,0.5818831822808541,0.5395739241065468,0.3937828250288423,0.5874035819976813,25.19286064027746,25.19286064027746,0.9995281096368475,2.1736076765064145,0.15251211960412908,0.19256579875946045,834.6475590329771,0.20029567863270029,176.86108423267436,1.0,0.06218988111123046,54.913665021216495,1.0,0.007996224877094782,7.060666566474692,1.0,-0.0020000000000000013,-1.7660000000000013,1.0,-0.0011637663645617086,-1.0276056999079888,1.0,-0.0005395739241065467,-0.4764437749860807,1.0,-2.2595194894323187e-05,-0.019951557091687375,1.0,-0.0010168241850540278,-0.8978557554027066,1.0,0.0,0.0,0.0,0.0,0.0,0.0,0.6795016987542469,600.0,0.0011325028312570782,0.0,0.0,0.0,0.0,0.0,0.0,0.0,0.0,0.0
69632,17,train,,3,2,medium_3D_current,0,,814.9998708543701,656,1,0,0,0,goal,47.64179457620802,1.234765438588704,1.234765438588704,46.40702913761932,47.238517910283605,0.9915352335168791,0.9823980766237529,1.440198716776939,1.680224588972194,1.4230234219418407,0.0025953615394322766,0.006978047721720948,0.02274557004108218,0.07690362229541226,0.04652850033269643,0.3720889865312733,1.4453767608541008,1.9052617132331506,0.9876874085855274,,,0,0.5778243513444222,0.5288110968966332,0.3879514852788572,0.5811253957586681,24.247711361268493,24.247711361268493,0.9966044030147047,0.33847068281189263,0.21560359596297507,0.2674538493156433,814.9998708543701,0.2672786816099084,175.33481513609993,1.0,0.05660164096682437,37.130676474236786,0.9908536585365854,0.007972835224117628,5.2301799070211645,1.0,-0.0020000000000000013,-1.312000000000001,1.0,-0.001155648702688846,-0.7581055489638829,1.0,-0.0005288110968966333,-0.34690007956419144,1.0,-1.557216918810655e-05,-0.010215342987397897,1.0,-0.00040942026139068413,-0.2685796914722888,1.0,0.0,0.0,0.0,0.0,0.0,0.0,0.9146341463414634,600.0,0.001524390243902439,0.0,0.0,0.0,0.0,0.0,0.0,0.0,0.0,0.0
73728,18,train,,0,2,medium_3D_current,0,,806.613557031087,811,1,0,0,0,goal,43.44813705126543,1.2406907100204476,1.2406907100204476,42.207446341244975,42.534323245043815,0.9789677102808025,0.9923149851964103,1.0489352218259893,1.2897526252771656,1.0373427874564305,0.004839799849479667,0.018110073406689686,0.3709367589315955,0.4490227948456149,0.04286541348362896,0.11093609922838832,1.07075681821379,1.5806727473577242,0.9732085992276414,,,0,0.589051000360496,0.5643415084653034,0.38630717267017034,0.5723586009146988,23.737576230851662,23.737576230851662,0.9948358972819925,9.29346644808203,0.34353182307741936,0.3869604170322418,806.6135570310871,0.21561033194612875,174.85997920831042,1.0,0.04164326692752027,33.772689478218936,0.9913686806411838,0.007958687178255944,6.45449530156557,1.0,-0.0020000000000000013,-1.6220000000000012,1.0,-0.0011781020007209924,-0.9554407225847248,1.0,-0.0005643415084653024,-0.4576809633653603,1.0,-2.9038799169533632e-05,-0.023550466126491774,1.0,-0.006676861658361629,-5.414934804931281,1.0,0.0,0.0,0.0,0.0,0.0,0.0,0.7398273736128237,600.0,0.0012330456226880395,0.0,0.0,0.0,0.0,0.0,0.0,0.0,0.0,0.0
73728,18,train,,1,2,medium_3D_current,0,,813.0970638927229,733,1,0,0,0,goal,47.276539154169825,1.2290808894215872,1.2290808894215872,46.04745826474819,46.22866008804147,0.9778351147339446,0.9960803141828437,1.2613549819383734,1.455725376171347,1.2601586068112358,0.004704242171765563,0.0289317871722794,0.16517337159730994,0.22847662508640765,0.03415336027205748,0.10334441169587993,0.8074860680424533,1.1899527359700943,0.9762754752700349,,,0,0.5832914446220424,0.5335756030113079,0.3830742380933742,0.5700074598030537,24.35092499429996,24.35092499429996,0.9977443447812921,4.170121605863791,0.12433591232943828,0.1355353742837906,813.0970638927226,0.23918201295303787,175.32041549457676,1.0,0.05025658725248027,36.83807845606804,0.9972714870395635,0.007981954758250328,5.85077283779749,1.0,-0.0020000000000000013,-1.466000000000001,1.0,-0.0011665828892440846,-0.855105257815914,1.0,-0.0005335756030113077,-0.3911109170072885,1.0,-2.822545306808358e-05,-0.020689257098905265,1.0,-0.0029731206873090015,-2.1792974637974982,1.0,0.0,0.0,0.0,0.0,0.0,0.0,0.8185538881309686,600.0,0.001364256480218281,0.0,0.0,0.0,0.0,0.0,0.0,0.0,0.0,0.0
73728,18,train,,2,2,medium_3D_current,0,,839.621863787836,1195,1,0,0,0,goal,74.03183452779157,1.2313872138952893,1.2313872138952893,72.80044731389633,72.89699995994226,0.9846709922145277,0.9986754921862486,1.2200334721329233,1.4036315532845773,1.219448421153316,0.0035930829607047645,0.026987359405668876,0.03605422554783672,0.12072306814817146,0.029410435174831072,0.13357267272776951,0.5386805506476235,0.8189534427093591,0.9838615898610035,,,0,0.5656355486087751,0.5295300988755169,0.39240830264455606,0.577943874702294,24.974810193678895,24.974810193678895,0.9989589489642421,0.9963032293779539,0.20255932291681297,0.27271199226379395,839.6218637878362,0.14812219397694215,177.00602180244587,1.0,0.048737858292193695,58.24174065917146,0.9966527196652719,0.007991671591713947,9.550047552098167,1.0,-0.0019999999999999653,-2.3899999999999584,1.0,-0.0011312710972175507,-1.351868961174973,1.0,-0.0005295300988755173,-0.6327884681562432,1.0,-2.1558497746400258e-05,-0.02576240480694831,1.0,-0.0006489760600344356,-0.7755263917411506,1.0,0.0,0.0,0.0,0.0,0.0,0.0,0.502092050209205,600.0,0.0008368200836820083,0.0,0.0,0.0,0.0,0.0,0.0,0.0,0.0,0.0
73728,18,train,,3,2,medium_3D_current,0,,842.3619016801188,1296,1,0,0,0,goal,76.72422328731263,1.2411103396414218,1.2411103396414218,75.48311294767122,75.91772213583047,0.9894883112930057,0.9942752604275761,1.1715697860467658,1.3544339825189693,1.1676411800049413,0.0027011092190262604,0.01005391849194881,0.027486118300430875,0.0835243188559116,0.027446058603345404,0.12278781588080756,1.879885811240771,2.5848817880036434,0.9850383336616824,,,0,0.5773049897396072,0.5605221892113116,0.38636435561433985,0.575703276798451,24.82446441803173,24.82446441803173,0.9990546465266357,1.2264397184142255,0.25761466433098656,0.29868391156196594,842.3619016801185,0.13664218727790226,177.08827471216134,1.0,0.046599104688420066,60.39243967619241,0.9953703703703703,0.007992437172213098,10.358198575188174,1.0,-0.0019999999999999506,-2.591999999999936,1.0,-0.0011546099794792145,-1.496374533405062,1.0,-0.0005605221892113116,-0.7264367572178598,1.0,-1.6206655302943958e-05,-0.021003825272615368,1.0,-0.0004947501292653113,-0.6411961675278435,1.0,0.0,0.0,0.0,0.0,0.0,0.0,0.46296296296296297,600.0,0.0007716049382716049,0.0,0.0,0.0,0.0,0.0,0.0,0.0,0.0,0.0
77824,19,train,,0,2,medium_3D_current,0,,832.3951603213396,851,1,0,0,0,goal,69.958460662878,1.237945105274208,1.237945105274208,68.72051555760385,69.48527767272701,0.9932362292470784,0.9889938971140733,1.6330265022967616,1.8113414388893048,1.6260755599467018,0.005654338457659675,0.024591159237143057,0.19196065798471235,0.3335822003032156,0.041784217789063445,0.4429446781515276,1.9975463903798945,2.8511304163028854,0.9896693002449841,,,0,0.60401074641869,0.5585213276282933,0.4172120897053411,0.6145341411259213,25.27301024897506,25.27301024897506,0.995589052327452,6.875157268923404,0.24629359512855808,0.27847233414649963,832.3951603213395,0.20777299934339846,176.81482244123208,1.0,0.06460284366667154,54.97701996033748,0.9964747356051704,0.007964712418619613,6.777970268245291,1.0,-0.0020000000000000013,-1.7020000000000013,1.0,-0.0012080214928373806,-1.028026290404611,1.0,-0.0005585213276282933,-0.47530164981167755,1.0,-3.392603074725633e-05,-0.028871052165915137,1.0,-0.0034552918402974662,-2.9404533560931436,1.0,0.0,0.0,0.0,0.0,0.0,0.0,0.7050528789659224,600.0,0.0011750881316098707,0.0,0.0,0.0,0.0,0.0,0.0,0.0,0.0,0.0
77824,19,train,,1,2,medium_3D_current,0,,817.5823649647479,883,1,0,0,0,goal,52.93291015453354,1.2440066174380753,1.2440066174380753,51.68890353709544,54.03366254510623,1.0207952365996718,0.9566055881173442,1.223865516310447,1.527502591607044,1.180484109477584,0.003410508710270195,0.011552452255455314,0.20718283188728348,0.25021353491300546,0.03244944576746519,0.18199596306709243,3.4206930612684614,5.193984026432757,0.9945371892264475,,,0,0.603159823702777,0.5364623235618761,0.3656553938006086,0.5565545665920794,23.88539340090073,23.88539340090073,0.9981010671681608,5.822140453299851,0.35243211965058696,0.35753580927848816,817.582364964748,0.19905970212668855,175.76971697786598,1.0,0.04686066968730891,41.37797133389377,0.9898074745186863,0.007984808537345291,7.050585938475892,1.0,-0.0020000000000000013,-1.7660000000000013,1.0,-0.001206319647405554,-1.0651802486591042,1.0,-0.0005364623235618758,-0.47369623170513636,1.0,-2.046305225647124e-05,-0.018068875142464105,1.0,-0.0037292909739309096,-3.292963929980993,1.0,0.0,0.0,0.0,0.0,0.0,0.0,0.6795016987542469,600.0,0.0011325028312570782,0.0,0.0,0.0,0.0,0.0,0.0,0.0,0.0,0.0
77824,19,train,,2,2,medium_3D_current,0,,832.3666515331637,951,1,0,0,0,goal,69.10550769686195,1.2448433425304903,1.2448433425304903,67.86066435433145,68.25116975190056,0.9876371945821015,0.9942784072567749,1.4353558307444931,1.6243122079158656,1.4322566124443756,0.004186965309303615,0.02041678163283578,0.15910733014649525,0.21434245275474018,0.03384226087719881,0.19831107658177727,1.6842488156533852,2.5133825207510454,0.9845080390121811,,,0,0.5867651276658636,0.5299292166715391,0.4028086363407465,0.5950008042070517,25.158177144358373,25.158177144358373,0.9976389293394347,5.727433160789262,0.08467774199308156,0.14797022938728333,832.3666515331638,0.18586492178737687,176.7575406197954,1.0,0.057085756044210886,54.288553998044556,0.9989484752891693,0.007981111434715474,7.590036974414416,1.0,-0.0020000000000000013,-1.9020000000000015,1.0,-0.0011735302553317266,-1.1160272728204719,1.0,-0.0005299292166715387,-0.5039626850546334,1.0,-2.5121791851116208e-05,-0.023890824050411513,1.0,-0.002863931942339662,-2.7235992771650186,1.0,0.0,0.0,0.0,0.0,0.0,0.0,0.6309148264984227,600.0,0.0010515247108307045,0.0,0.0,0.0,0.0,0.0,0.0,0.0,0.0,0.0
77824,19,train,,3,2,medium_3D_current,0,,841.6803741544414,1351,1,0,0,0,goal,76.31394482324116,1.240069266700419,1.240069266700419,75.0738755565407,75.23663263504399,0.9858831542427475,0.9978367309540188,1.113791748853351,1.3069398425215644,1.1116101912279248,0.0030360216114429708,0.015912700598891938,0.0484973387962806,0.07807322321522081,0.03273797633876927,0.1571778535474717,0.6048423612964321,1.5073604985316156,0.9842512323353912,,,0,0.6080713597671588,0.5208957028166108,0.39104066865255355,0.5903642065299166,25.1878645844993,25.1878645844993,0.9988465908827262,2.2660881104337847,0.32858429578919485,0.4186761677265167,841.6803741544414,0.13106963454611348,177.0750762717993,1.0,0.044457787648534246,60.062471113169764,0.9955588452997779,0.007990772727061812,10.795533954260508,1.0,-0.0019999999999999437,-2.701999999999924,1.0,-0.0012161427195343166,-1.6430088140908619,1.0,-0.0005208957028166114,-0.7037300945052419,1.0,-1.8216129685577997e-05,-0.024609991205215877,1.0,-0.0008729520984359628,-1.1793582849869857,1.0,0.0,0.0,0.0,0.0,0.0,0.0,0.44411547002220575,600.0,0.0007401924500370096,0.0,0.0,0.0,0.0,0.0,0.0,0.0,0.0,0.0
81920,20,train,,0,2,medium_3D_current,0,,822.6399080001884,946,1,0,0,0,goal,59.249736516025024,1.2337744838032982,1.2337744838032982,58.01596203222173,59.12959963872285,0.9979723643619971,0.9811661568266086,1.2500972439476263,1.492320125917732,1.2212594299790032,0.004136666017321889,0.02731407264420893,0.24004075358517066,0.3026077376854124,0.049086613563075476,0.15139045493889558,2.4464712530979207,3.655958491900581,0.9861666437795775,,,0,0.5758259395298885,0.5147354611959315,0.3906864270363121,0.5726708816541615,24.303290257192998,24.303290257192998,0.996320396318667,7.7864427481535445,0.2971178941885462,0.31442779302597046,822.639908000188,0.1863126931129389,176.2518076848402,1.0,0.04907742457511315,46.42724364805704,0.9915433403805497,0.007970563170549337,7.540152759339672,1.0,-0.0020000000000000013,-1.8920000000000015,1.0,-0.0011516518790597762,-1.0894626775905483,1.0,-0.0005147354611959307,-0.4869397462913505,1.0,-2.4819996093411947e-05,-0.023479716304367702,1.0,-0.0043207335643367885,-4.087413951862602,1.0,0.0,0.0,0.0,0.0,0.0,0.0,0.6342494714587738,600.0,0.0010570824524312897,0.0,0.0,0.0,0.0,0.0,0.0,0.0,0.0,0.0
81920,20,train,,1,2,medium_3D_current,0,,811.346171665403,729,1,0,0,0,goal,47.454796767041245,1.2488772359199785,1.2488772359199785,46.2059195311213,46.361047978487626,0.9769517759411571,0.9966539055062271,1.2719080378185914,1.5238609397768579,1.2701346323019662,0.0058700343336942256,0.025967691363816936,0.30356072406068807,0.381930771756676,0.02267132784443782,0.07599235598825826,0.7103265461687378,0.9460288956107222,0.9750853913555632,,,0,0.5865867912605793,0.5037521553725332,0.390299761236041,0.5840532004281327,24.200429044271093,24.200429044271093,0.9957863834248887,7.701894852405659,0.11793423848244552,0.17788483202457428,811.3461716654027,0.24041550690938232,175.26290453693971,1.0,0.05070688499016764,36.96531915783221,0.9945130315500685,0.00796629106739911,5.807426188133951,1.0,-0.0020000000000000013,-1.458000000000001,1.0,-0.001173173582521158,-0.8552435416579243,1.0,-0.0005037521553725329,-0.36723532126657643,1.0,-3.5220205928958955e-05,-0.02567553012221108,1.0,-0.005464093037663214,-3.9833238244564835,1.0,0.0,0.0,0.0,0.0,0.0,0.0,0.823045267489712,600.0,0.0013717421124828531,0.0,0.0,0.0,0.0,0.0,0.0,0.0,0.0,0.0
81920,20,train,,2,2,medium_3D_current,0,,815.0923129575199,732,1,0,0,0,goal,48.50100968609962,1.2481171506020616,1.2481171506020616,47.25289253549756,47.42091517628686,0.9777304737199664,0.9964567819881864,1.2956534201171253,1.488733474726038,1.290945178251341,0.0036918834664609757,0.019709237038223915,0.08890762470502069,0.1524468884259078,0.04744676517120352,0.12594587645666522,0.8471474194819633,1.5266273006154987,0.9750826842587195,,,0,0.5970860808347276,0.5361884521158881,0.3875920206634073,0.575766301586654,24.483071277131273,24.483071277131273,0.9973292911411856,2.296797437597293,0.13799344854113835,0.18268902599811554,815.0923129575201,0.23957364626920905,175.36790906906103,1.0,0.051642526155608735,37.802329145905595,0.9986338797814208,0.007978634329129484,5.840360328922782,1.0,-0.0020000000000000013,-1.464000000000001,1.0,-0.0011941721616694559,-0.8741340223420417,1.0,-0.0005361884521158881,-0.39248994694883005,1.0,-2.2151300742138345e-05,-0.01621475214324527,1.0,-0.001600337247179105,-1.1714468649351049,1.0,0.0,0.0,0.0,0.0,0.0,0.0,0.819672131147541,600.0,0.001366120218579235,0.0,0.0,0.0,0.0,0.0,0.0,0.0,0.0,0.0
81920,20,train,,3,2,medium_3D_current,0,,827.0020062855809,778,1,0,0,0,goal,61.179389408845786,1.2358676654775902,1.2358676654775902,59.94352174336831,60.13189210613426,0.9828782648399549,0.9968673800845383,1.5458069950163051,1.7272537643657626,1.5443823385789834,0.0032911500553704977,0.016582619373043617,0.04397464790625298,0.09636875255617028,0.04829655868070727,0.3209981792442447,0.693743388187293,1.2802916381689793,0.9812951528523722,,,0,0.5848285007221112,0.5484458819102193,0.40443879079581224,0.5979592785392445,25.09733029493528,25.09733029493528,0.997298593451399,1.1743058493683352,0.14598944876103598,0.1816001832485199,827.002006285581,0.22668877962255535,176.36387054634807,1.0,0.06163858276953032,47.95481739469459,1.0,0.007978388747611188,6.207186445641503,1.0,-0.0020000000000000013,-1.5560000000000012,1.0,-0.0011696570014442227,-0.9099931471236054,1.0,-0.0005484458819102185,-0.42669089612615,1.0,-1.974690036413428e-05,-0.01536308848329647,1.0,-0.0007915436624293302,-0.6158209693700188,1.0,0.0,0.0,0.0,0.0,0.0,0.0,0.7712082262210797,600.0,0.0012853470437017994,0.0,0.0,0.0,0.0,0.0,0.0,0.0,0.0,0.0
81920,20,train,,4,2,medium_3D_current,0,,784.9907582304263,682,1,0,0,0,goal,40.09558422523851,1.2431402709743742,1.2431402709743742,38.852443954264174,42.00961652492172,1.0477367355200775,0.9248464320357549,1.2319535637806938,1.6355601546222103,1.2148624415623062,0.01083588983695008,0.04266324027403767,0.643433997379015,0.8249006703699426,0.3011097200729824,1.7601648548307267,2.0640347258884875,2.945716529973458,1.0,,,0,0.5684795176454674,0.5300299699139669,0.5939568544238194,0.7669366231827267,22.302205645637144,22.302205645637144,0.9041388043086321,10.714940431259466,0.16788806753162064,0.2256118357181549,784.990758230426,0.25574663442893825,174.41920468053587,1.0,0.04557565243864756,31.082594963157632,0.9941348973607038,0.00723311043446906,4.932981316307899,1.0,-0.0020000000000000013,-1.364000000000001,1.0,-0.0011369590352909352,-0.7754060620684178,1.0,-0.0005300299699139669,-0.3614804394813254,1.0,-6.501533912739923e-05,-0.04434046128488628,1.0,-0.011581811974693263,-7.898795766740806,1.0,0.0,0.0,0.0,-0.021994134897360705,-15.0,0.021994134897360705,0.8797653958944281,600.0,0.001466275659824047,0.0,0.0,0.0,0.0,0.0,0.0,0.0,0.0,0.0
86016,21,train,,0,3,3D_with_obstacles,6,,850.3524736524367,1524,1,0,0,0,goal,98.6403533983436,1.2461400510939544,1.2461400510939544,97.39421334724963,97.88194244273342,0.9923113520026894,0.9950171698342714,1.284539927069992,1.4848687778030139,1.2816916977055348,0.004840775899770013,0.02187195097423711,0.4307729824400439,0.5550164290114115,0.033840459336768006,0.17281517370676847,1.3807665554733242,2.342946255888851,0.9897273594347684,33.44166549685768,26.6450018292946,0,0.5508345579245711,0.5338577661923625,0.4337763218918028,0.6192687224655404,25.17799425172935,25.17799425172935,0.9934288708920446,22.023315543351014,0.17283248187597655,0.23514901101589203,850.3524736524366,0.11661812988946456,177.72602995154398,1.0,0.05112620104026882,77.91633038536968,0.9973753280839895,0.007947430967136382,12.111884793915845,1.0,-0.001999999999999925,-3.047999999999886,1.0,-0.0011016691158491423,-1.678943732554093,1.0,-0.000533857766192363,-0.8135992356771613,1.0,-2.9044655391503697e-05,-0.04426405481665163,1.0,-0.0077539136846096895,-11.816964455345166,1.0,0.0,0.0,0.0,0.0,0.0,0.0,0.3937007874015748,600.0,0.0006561679790026247,0.0,0.0,0.0,0.0,0.0,0.0,0.0,0.0,0.0
86016,21,train,,1,3,3D_with_obstacles,6,,828.3850182156162,964,1,0,0,0,goal,61.826026749730076,1.2266383375298446,1.2266383375298446,60.59938841220014,60.78396276736847,0.9831452215653474,0.9969634366243175,1.2610780657130416,1.45167751378916,1.2594405173488663,0.0026218088967258756,0.007611400656805323,0.03908899511131618,0.08917864892422944,0.02331250656268573,0.1182684365386022,1.1213655086065164,1.6888329766348467,0.9812537068061193,38.793747259003304,20.645947570108373,0,0.5592150928363729,0.5490738724037634,0.3860840832281286,0.5673019969024351,24.687003911488517,24.687003911488517,0.9991572627097395,1.2507710612149932,0.15207913036446602,0.20277439057826996,828.3850182156164,0.18301739728491848,176.4287709826614,1.0,0.050290100748653734,48.479657121702196,0.9979253112033195,0.007993258101677926,7.70550081001752,1.0,-0.0020000000000000013,-1.9280000000000015,1.0,-0.0011184301856727453,-1.0781666989885266,1.0,-0.0005490738724037637,-0.5293072129972282,1.0,-1.57308533719353e-05,-0.01516454265054563,1.0,-0.0007036019129962636,-0.6782722441283981,1.0,0.0,0.0,0.0,0.0,0.0,0.0,0.6224066390041494,600.0,0.001037344398340249,0.0,0.0,0.0,0.0,0.0,0.0,0.0,0.0,0.0
86016,21,train,,2,3,3D_with_obstacles,6,,831.7890187565324,1264,1,0,0,0,goal,77.38239034039765,1.2440464369010211,1.2440464369010211,76.13834390349658,77.36083473451671,0.999721440423511,0.9841975486017522,1.2240638407360238,1.4377269912274997,1.2113671310863148,0.007403579281083511,0.02990242674563781,0.5087324940206053,0.5889887468162756,0.035873417485924965,0.18098442517853464,3.346771410582235,5.145030110813881,0.9862959180979433,35.421820214571525,20.669885188045523,0,0.5702786507236748,0.5393624321907196,0.4199065954212241,0.6098446405869967,24.740649451585764,24.740649451585764,0.9936657161440081,20.11386215938058,0.2587226216292268,0.2777601480484009,831.7890187565329,0.14011567276178644,177.10621037089805,1.0,0.04819391587047607,60.91710966028175,0.9944620253164557,0.007949325729152057,10.0479477216482,1.0,-0.001999999999999955,-2.527999999999943,1.0,-0.00114055730144735,-1.4416644290294505,1.0,-0.0005393624321907198,-0.6817541142890697,1.0,-4.442147569741505e-05,-0.056148745281532624,1.0,-0.009157184895328426,-11.574681707695131,1.0,0.0,0.0,0.0,0.0,0.0,0.0,0.47468354430379744,600.0,0.0007911392405063291,0.0,0.0,0.0,0.0,0.0,0.0,0.0,0.0,0.0
90112,22,train,,0,3,3D_with_obstacles,6,,839.1816184919996,1192,1,0,0,0,goal,84.11094576787639,1.2481064224592755,1.2481064224592755,82.86283934541719,85.8910695502989,1.0211639967446706,0.9647433636496002,1.4411253280251495,1.6768147111218064,1.4128223610448594,0.006086851466115247,0.02499648385044173,0.43968430257572394,0.6451759998715736,0.06112749626952333,0.37675417923670773,4.203654466788999,6.4658733941097815,1.0,19.02817262153088,5.806337013730424,0,0.5614125353781583,0.5440448782002029,0.46162876614288195,0.6440061771892162,24.416817946963004,24.416817946963004,0.9861425143858317,16.378355827132065,0.27478292296896845,0.2951207458972931,839.1816184919993,0.14876595136771648,177.32901403031804,1.0,0.05561833723154449,66.29705798000103,0.9941275167785235,0.007889140115086657,9.403855017183295,1.0,-0.0019999999999999658,-2.383999999999959,1.0,-0.0011228250707563173,-1.3384074843415301,1.0,-0.0005440448782002028,-0.6485014948146417,1.0,-3.6521108799726164e-05,-0.04353316168927359,1.0,-0.00791431744518258,-9.433866394657636,1.0,0.0,0.0,0.0,0.0,0.0,0.0,0.5033557046979866,600.0,0.0008389261744966443,0.0,0.0,0.0,0.0,0.0,0.0,0.0,0.0,0.0
90112,22,train,,1,3,3D_with_obstacles,6,,852.9692127862161,1752,1,0,0,0,goal,98.44508212820018,1.2326108366042698,1.2326108366042698,97.21247129159576,97.48006637508334,0.9901974204068401,0.9972548738071456,1.1127861458342847,1.2809247954711798,1.1077152916806763,0.0042075277203234155,0.0151431189121638,0.31985160703547155,0.39155146394959317,0.031154161327747704,0.10209061872622671,1.0594962367529972,1.7314489750652886,0.987944660493274,30.167791088363334,14.775854505635987,0,0.5626556804103587,0.5289436187123687,0.40488916547058923,0.5935197268701988,25.129746875321334,25.129746875321334,0.9975152941191545,18.45110380835957,0.3443965147415253,0.41418468952178955,852.9692127862165,0.10145334282862867,177.74625663575742,1.0,0.044392183970437996,77.77510631620737,0.9960045662100456,0.007980122352953234,13.981174362374064,1.0,-0.0019999999999999064,-3.5039999999998357,1.0,-0.0011253113608207185,-1.9715455041578986,1.0,-0.0005289436187123683,-0.9267092199840692,1.0,-2.5245166341118095e-05,-0.0442295314296389,1.0,-0.005757328922688798,-10.086840272550774,1.0,0.0,0.0,0.0,0.0,0.0,0.0,0.3424657534246575,600.0,0.0005707762557077625,0.0,0.0,0.0,0.0,0.0,0.0,0.0,0.0,0.0
90112,22,train,,2,3,3D_with_obstacles,6,,830.7071671414272,945,1,0,0,0,goal,69.85008265610949,1.228271069268127,1.228271069268127,68.6218115868414,69.06043236304116,0.9886950700265311,0.9936487397893192,1.4615964521278557,1.6402055127848811,1.4597799680644836,0.004982204055358862,0.01722292545368731,0.2983592650802203,0.4772873494649037,0.02387791274165547,0.1645825028678578,1.1047149957352524,1.6624561319067064,0.9874533011806352,26.414546143064378,17.013401978149304,0,0.551070858910187,0.536597328283208,0.4197005613534539,0.6050944195774497,24.84384819179991,24.84384819179991,0.9942932003926112,10.540018540364015,0.07699217806180948,0.12960311770439148,830.7071671414271,0.18712678292719545,176.8348098661997,1.0,0.05809253890949534,54.89744926947309,1.0,0.00795434560314089,7.51685659496814,1.0,-0.0020000000000000013,-1.8900000000000015,1.0,-0.0011021417178203742,-1.0415239233402536,1.0,-0.0005365973282832079,-0.5070844752276314,1.0,-2.989322426922933e-05,-0.02824909693442172,1.0,-0.005370466765832323,-5.075091093711545,1.0,0.0,0.0,0.0,0.0,0.0,0.0,0.6349206349206349,600.0,0.0010582010582010583,0.0,0.0,0.0,0.0,0.0,0.0,0.0,0.0,0.0
94208,23,train,,0,3,3D_with_obstacles,6,,833.3262259092794,1195,1,0,0,0,goal,67.91693707896846,1.2494840851664137,1.2494840851664137,66.6674529938021,67.14608436119387,0.9886500665234903,0.9928717903367654,1.123783838681068,1.33795817000375,1.1154546043898368,0.0027427759664287897,0.00909746861389582,0.08342891811378485,0.1870821334692323,0.0343664624058526,0.11052880455953273,1.850648876999036,2.9037861750204272,0.9835806418467331,30.611030415003025,20.491811123122385,0,0.5866131669792998,0.5289911310154376,0.390134490340574,0.5784002983202245,24.77796866900535,24.77796866900535,0.9978214652422337,3.0206954545401734,0.318231729259052,0.37422311305999756,833.3262259092793,0.14785648291366807,176.68849708183333,1.0,0.04463341190177524,53.33692722262141,0.99581589958159,0.007982571721937866,9.53917320771575,1.0,-0.0019999999999999653,-2.3899999999999584,1.0,-0.0011732263339585991,-1.402005469080526,1.0,-0.0005289911310154381,-0.6321444015634485,1.0,-1.6456655816851335e-05,-0.019665703701137346,1.0,-0.00150172052598002,-1.794556028546124,1.0,0.0,0.0,0.0,0.0,0.0,0.0,0.502092050209205,600.0,0.0008368200836820083,0.0,0.0,0.0,0.0,0.0,0.0,0.0,0.0,0.0
94208,23,train,,1,3,3D_with_obstacles,6,,826.4306230141444,1060,1,0,0,0,goal,64.0429681432355,1.2309087275684276,1.2309087275684276,62.81205941566702,62.88829025453689,0.9819702627442859,0.9987878373134127,1.1865715142365458,1.3544573344735256,1.1852787529802522,0.005048956092167304,0.026910497514581078,0.2589966340006183,0.30787585431390285,0.02338615531724967,0.06894561895215823,0.35696887796902443,0.7059354526969691,0.9808217812223478,36.0611630446449,31.147620797955014,0,0.5674896881155634,0.4993182182851256,0.3901058042949101,0.5846831890350243,24.848064850943558,24.848064850943558,0.9983374023770514,9.28361204306309,0.2344764012070197,0.2575988471508026,826.4306230141445,0.16654753953381204,176.54039190584078,1.0,0.047406087290582245,50.25045252801718,0.9962264150943396,0.007986699219016406,8.46590117215739,1.0,-0.0019999999999999888,-2.119999999999988,1.0,-0.0011349793762311287,-1.2030781388049965,1.0,-0.0004993182182851261,-0.5292773113822337,1.0,-3.0293736579261434e-05,-0.03211136077401712,1.0,-0.004661939415952441,-4.941655780909588,1.0,0.0,0.0,0.0,0.0,0.0,0.0,0.5660377358490566,600.0,0.0009433962264150943,0.0,0.0,0.0,0.0,0.0,0.0,0.0,0.0,0.0
94208,23,train,,2,3,3D_with_obstacles,6,,842.1745482640246,1173,1,0,0,0,goal,78.78894981881407,1.2471867902993488,1.2471867902993488,77.54176302851484,78.10534559775886,0.9913236028322847,0.9927843278212151,1.3317194475321232,1.4726818300417435,1.3209931586852393,0.003350424105274984,0.0200549497212954,0.095358920641446,0.12857117028242193,0.028028834075810395,0.1309433146324963,2.2232187729202004,3.213678378583459,0.9867767221671966,33.76426691663559,19.01376729364512,0,0.5841272572596944,0.5406892574007185,0.3938507975252998,0.5866815630864203,25.156865795628008,25.156865795628008,0.9991238445986039,3.8441813586594913,0.19364184808090826,0.21182750165462494,842.1745482640247,0.15102361176846368,177.1506966044079,1.0,0.052886319763959744,62.03565308312478,0.9957374254049446,0.00799299075678885,9.375778157713322,1.0,-0.001999999999999969,-2.3459999999999632,1.0,-0.0011682545145193898,-1.3703625455312443,1.0,-0.0005406892574007188,-0.6342284989310432,1.0,-2.0102544649615195e-05,-0.023580284873998623,1.0,-0.001716460572792066,-2.0134082518850933,1.0,0.0,0.0,0.0,0.0,0.0,0.0,0.5115089514066496,600.0,0.0008525149190110827,0.0,0.0,0.0,0.0,0.0,0.0,0.0,0.0,0.0
98304,24,train,,0,3,3D_with_obstacles,6,,817.3814739290528,754,1,0,0,0,goal,54.6782303203642,1.241012822179381,1.241012822179381,53.43721749818479,53.71376918051668,0.9823611493240241,0.9948513819351897,1.4247684132763054,1.6210333416519265,1.4221102668692933,0.006081868540590156,0.0244521809577245,0.32862265224926285,0.42531082631245054,0.044443026987557144,0.09884845084525917,0.9867146290298698,1.4012477836548343,0.9796474256254335,33.85656382695127,22.250688574005572,0,0.5963004754525202,0.5168812216274361,0.41081661522507035,0.6105730385872824,24.85184051409704,24.85184051409704,0.9949613227037717,9.430270672837047,0.08179131220650689,0.13466326892375946,817.3814739290528,0.23330849131777276,175.91460245360065,1.0,0.056697341298770174,42.74979533927271,0.9986737400530504,0.007959690581630171,6.001606698549149,1.0,-0.0020000000000000013,-1.5080000000000011,1.0,-0.0011926009509050414,-0.8992211169824011,1.0,-0.0005168812216274363,-0.389728441107087,1.0,-3.64912112051295e-05,-0.027514373248667644,1.0,-0.005915207733463465,-4.460066631031452,1.0,0.0,0.0,0.0,0.0,0.0,0.0,0.7957559681697612,600.0,0.001326259946949602,0.0,0.0,0.0,0.0,0.0,0.0,0.0,0.0,0.0
98304,24,train,,1,3,3D_with_obstacles,6,,823.0460603517677,1039,1,0,0,0,goal,65.48831917852033,1.2463475937329274,1.2463475937329274,64.24197158478727,72.00341642179836,1.0994848749365205,0.8922072698391954,1.3860137906024714,1.8495637256200084,1.359672104480391,0.005700031755817372,0.02635810312218556,0.4904327709100836,0.807806633132305,0.35442153631617856,2.5450872470788277,2.5457561243853415,3.7015298509909296,1.0,22.99312544842608,17.084900798869093,0,0.5728816339357096,0.48897415902053254,0.5622442154154627,0.7473630605120287,22.142635041246123,22.142635041246123,0.863666268685964,11.953957728862289,0.29801595371657547,0.3415408730506897,823.0460603517674,0.16994640204945963,176.57431172938854,1.0,0.050314778123910255,52.277054470742755,0.8893166506256015,0.006909330149487724,7.178794025317745,1.0,-0.001999999999999993,-2.0779999999999927,1.0,-0.0011457632678714194,-1.1904480353184048,1.0,-0.0004889741590205328,-0.5080441512223336,1.0,-3.420019057037067e-05,-0.03553399800261513,1.0,-0.008827789883674966,-9.172073689138289,1.0,0.0,0.0,0.0,0.0,0.0,0.0,0.5774783445620789,600.0,0.0009624639076034649,0.0,0.0,0.0,0.0,0.0,0.0,0.0,0.0,0.0
98304,24,train,,2,3,3D_with_obstacles,6,,819.8857018055473,1366,1,0,0,0,goal,81.97223370706516,1.2382490228159337,1.2382490228159337,80.73398468424918,90.27615520045124,1.1013016373698057,0.8943002114454879,1.3217592269465765,1.6802569795743638,1.312895677770637,0.0081024201125653,0.04019582992444981,0.479797311113841,0.7808261040482902,0.3956089179454926,2.9395860316515305,2.0763900883210105,3.2832882424422016,0.9994929533010847,22.243857156307286,1.3968287246493511,0,0.5934458094257671,0.5055539066154008,0.5918697196319372,0.7855173071865456,22.627114480065877,22.627114480065877,0.8133736293906828,15.270841029199941,0.13372359236655962,0.16994599997997284,819.8857018055473,0.12978109201296792,177.2809716897142,1.0,0.048349097138184596,66.04486669076016,0.8894582723279648,0.00665028458367758,9.084288741303574,0.9150805270863837,-0.001999999999999942,-2.7319999999999207,1.0,-0.0011868916188515334,-1.6212939513511946,1.0,-0.0005055539066154003,-0.6905866364366369,1.0,-4.861452068206035e-05,-0.06640743525169444,1.0,-0.008636351596101448,-11.797256280274578,1.0,-0.000451596641959418,-0.6168810129165649,0.013177159590043924,-0.010980966325036604,-15.0,0.010980966325036604,0.43923865300146414,600.0,0.0007320644216691069,0.0,0.0,0.0,0.0,0.0,0.0,0.0,0.0,0.0
102400,25,train,,0,3,3D_with_obstacles,6,,844.6838358139233,1072,1,0,0,0,goal,81.95566196347231,1.238351040472255,1.238351040472255,80.71731092299984,80.75286244580404,0.9853237776518191,0.9995597490698507,1.5065832545858981,1.64957830577823,1.5063219805009356,0.003800355245764373,0.027821718624867486,0.09295963276223483,0.12872009625161196,0.02298629273438221,0.06378421609865992,0.2557374593152687,0.4975385213451212,0.9850222298723809,31.604396198553914,21.324852838049633,0,0.5754634557516008,0.5087705040486302,0.39863476306617035,0.5901410808133434,25.407818633491072,25.407818633491072,0.9994377137935866,3.570179419276595,0.0690260721377528,0.09192920476198196,844.6838358139232,0.16537331887089352,177.28019782959785,1.0,0.06023679919626874,64.57384873840009,1.0,0.007995501710348706,8.571177833493813,1.0,-0.0019999999999999866,-2.1439999999999855,1.0,-0.0011509269115032015,-1.233793649131432,1.0,-0.0005087705040486305,-0.5454019803401319,1.0,-2.28021314904707e-05,-0.02444388495778459,1.0,-0.001673273389122352,-1.7937490731391614,1.0,0.0,0.0,0.0,0.0,0.0,0.0,0.5597014925373134,600.0,0.0009328358208955224,0.0,0.0,0.0,0.0,0.0,0.0,0.0,0.0,0.0
102400,25,train,,1,3,3D_with_obstacles,6,,833.8618475102423,1114,1,0,0,0,goal,76.32513239900537,1.2417632902652045,1.2417632902652045,75.0833691087402,75.82174336550318,0.9934046752664559,0.9902617082648226,1.3612521250539176,1.5480437692759201,1.3548812616117412,0.0046154735536846035,0.01911779818779591,0.4019081663213104,0.4789827329871086,0.04542795330114063,0.16126742454435838,2.0462998622558466,3.055901344969037,0.9889642338349901,23.091267561884898,11.232594506264304,0,0.576796878337412,0.4917842100886043,0.4148916269734475,0.6127595959676019,25.181189034813308,25.181189034813308,0.9957839341581574,15.718396206301861,0.14257260111011766,0.17986440658569336,833.8618475102422,0.1589510861139785,177.07150993097207,1.0,0.05391990537295166,60.066774585468146,0.9982046678635548,0.00796627147326526,8.8744264212175,1.0,-0.001999999999999979,-2.227999999999976,1.0,-0.0011535937566748227,-1.2851034449357526,1.0,-0.0004917842100886044,-0.5478476100387053,1.0,-2.7692841299896297e-05,-0.030849825208084474,1.0,-0.007234346990334791,-8.059062547232957,1.0,0.0,0.0,0.0,0.0,0.0,0.0,0.5385996409335727,600.0,0.0008976660682226212,0.0,0.0,0.0,0.0,0.0,0.0,0.0,0.0,0.0
102400,25,train,,2,3,3D_with_obstacles,6,,839.3284029281549,1021,1,0,0,0,goal,77.26223245301304,1.2497338138106973,1.2497338138106973,76.01249863920233,76.19311464823771,0.9861624784732241,0.9976294969713574,1.4925193858616632,1.702304751699473,1.4902115214438005,0.002803513242473785,0.008397117366129692,0.1613313592040203,0.2156388289086255,0.019853405926078264,0.15895662553216372,0.5282883659952299,0.7594793001820087,0.9855176505990133,59.055881579478154,48.56766093804096,0,0.592297443795318,0.4869602897962014,0.3982027312056558,0.5971169736415118,25.441143460804767,25.441143460804767,0.9991092036823402,5.7711407068863165,0.09460644126139092,0.1566275656223297,839.3284029281546,0.1734460919878827,177.08845991962824,1.0,0.05955925456548664,60.80999891136186,1.0,0.007992873629458727,8.16072397567736,1.0,-0.0019999999999999966,-2.0419999999999967,1.0,-0.001184594887590638,-1.2094713802300412,1.0,-0.00048696028979620113,-0.49718645588192134,1.0,-1.6821079443388263e-05,-0.017174322111699416,1.0,-0.00290396446649288,-2.9649477202892305,1.0,0.0,0.0,0.0,0.0,0.0,0.0,0.5876591576885406,600.0,0.0009794319294809011,0.0,0.0,0.0,0.0,0.0,0.0,0.0,0.0,0.0
102400,25,train,,3,3,3D_with_obstacles,6,,822.0592522469192,841,1,0,0,0,goal,61.19919728678899,1.2465933955508954,1.2465933955508954,59.95260389123814,60.7005741467084,0.9918524562055289,0.9876777070730415,1.4435332734056703,1.6632916966509659,1.439865246522749,0.005193052521254049,0.024977891847073774,0.38083369466181877,0.5918983757031491,0.025214763023492348,0.4204662947504283,1.4257094964137065,1.9882765918501264,0.9895359200176372,22.162092001669944,17.289590100380906,0,0.5880574982870241,0.517120538924751,0.4305024103535058,0.6297670657814045,24.86812128591716,24.86812128591716,0.9900333069936853,11.280995862489064,0.08858454401973595,0.1329440325498581,822.0592522469198,0.20967122561946663,176.33350074597143,1.0,0.057029825342438174,47.962083112990506,1.0,0.007920266455949478,6.660944089453511,1.0,-0.0020000000000000013,-1.6820000000000013,1.0,-0.0011761149965740481,-0.9891127121187745,1.0,-0.0005171205389247512,-0.4348983732357158,1.0,-3.1158315205253136e-05,-0.026204143087617888,1.0,-0.006855006507792623,-5.765060473053596,1.0,0.0,0.0,0.0,0.0,0.0,0.0,0.713436385255648,600.0,0.0011890606420927466,0.0,0.0,0.0,0.0,0.0,0.0,0.0,0.0,0.0
106496,26,train,,0,3,3D_with_obstacles,6,,848.4555469707277,1259,1,0,0,0,goal,88.9351827569656,1.243652872487289,1.243652872487289,87.69152988447837,87.78385729268754,0.9870543307093178,0.9989482416123343,1.3945013072706538,1.5453671191399363,1.3929165280782734,0.004273439240506255,0.02696787089349595,0.19789985744867225,0.23961531687330018,0.03020094423272081,0.08214805940583725,0.721657809558586,1.1461705568174092,0.9860839732366347,28.51339290173249,21.468724297331338,0,0.6148627912781014,0.5239861483772221,0.4007040502664776,0.6044948293433197,25.639511589396264,25.639511589396264,0.9990185238232727,9.265907679826606,0.09758736612756068,0.15135757625102997,848.4555469707275,0.14097133744783494,177.48291384682418,1.0,0.05572162808037276,70.1535297531893,0.9976171564733916,0.007992148190586171,10.062114571947989,1.0,-0.001999999999999956,-2.5179999999999443,1.0,-0.001229725582556204,-1.5482245084382609,1.0,-0.0005239861483772227,-0.6596985608069234,1.0,-2.564063542977712e-05,-0.032281560006089394,1.0,-0.0035621974360467027,-4.484806571982799,1.0,0.0,0.0,0.0,0.0,0.0,0.0,0.4765687053216839,600.0,0.0007942811755361397,0.0,0.0,0.0,0.0,0.0,0.0,0.0,0.0,0.0
106496,26,train,,1,3,3D_with_obstacles,6,,851.8705665116962,1075,1,0,0,0,goal,88.98713847948707,1.2483362505970104,1.2483362505970104,87.73880222889011,87.88776718808442,0.9876457282458175,0.9983050546855335,1.6351212500108745,1.772469330871971,1.6344398460194496,0.0030535783875342546,0.013912948559051674,0.016163210654885636,0.1107686687508358,0.02203521915124833,0.06736208665301868,1.1308878969325957,1.6557189955774385,0.9866463270012499,30.615566621054658,12.661046452501035,0,0.6279092042330046,0.5144874772236704,0.40603951584461123,0.6080570866410122,25.831982354009043,25.831982354009043,0.9988543218033012,1.1646618802640822,0.17668306239815645,0.21086078882217407,851.8705665116969,0.165092939622649,177.47491009434768,1.0,0.06529399235638327,70.19104178311201,1.0,0.007990834574426408,8.59014716750839,1.0,-0.0019999999999999857,-2.149999999999985,1.0,-0.0012558184084660085,-1.3500047891009592,1.0,-0.0005144874772236701,-0.5530740380154453,1.0,-1.832147031192681e-05,-0.01969558058532132,1.0,-0.0002909377912274829,-0.31275812556954413,1.0,0.0,0.0,0.0,0.0,0.0,0.0,0.5581395348837209,600.0,0.0009302325581395349,0.0,0.0,0.0,0.0,0.0,0.0,0.0,0.0,0.0
106496,26,train,,2,3,3D_with_obstacles,6,,852.7579214543468,1424,1,0,0,0,goal,91.23707398964359,1.234251665643356,1.234251665643356,90.00282232400028,90.14420883183865,0.9880216987457424,0.9984315519580168,1.266070348761781,1.4151203207375131,1.2642469270343302,0.0032272711908530732,0.020852818009666763,0.10931457472361414,0.14581865699392083,0.030972674189693756,0.12545941831651763,0.8242624766182785,1.5118712756857269,0.9867014179243773,20.87434712235158,15.765955924776616,0,0.6272686393529286,0.5098147850583067,0.3990774309587027,0.6033772119593,25.65091834698373,25.65091834698373,0.9989735987411167,5.214254841781122,0.2053893654387486,0.25172707438468933,852.7579214543466,0.12469449919132244,177.56496684844316,1.0,0.05056363040114743,72.00260969123394,0.9978932584269663,0.007991788789928938,11.380307236858808,1.0,-0.0019999999999999354,-2.847999999999908,1.0,-0.0012545372787058577,-1.7864610848771414,1.0,-0.000509814785058306,-0.7259762539230278,1.0,-1.93636271246504e-05,-0.027573805025502173,1.0,-0.0019676623443565734,-2.8019511783637605,1.0,0.0,0.0,0.0,0.0,0.0,0.0,0.42134831460674155,600.0,0.0007022471910112359,0.0,0.0,0.0,0.0,0.0,0.0,0.0,0.0,0.0
110592,27,train,,0,3,3D_with_obstacles,6,,854.9560740482838,1233,1,0,0,0,goal,94.80416968499033,1.2384648599865615,1.2384648599865615,93.56570482500382,93.84474436556067,0.9898799248744272,0.9970265831886126,1.5222180756781962,1.6845257563762133,1.5176390915137004,0.0027758225054670595,0.007347841133275246,0.128426283926968,0.1764183513945583,0.021937345434903853,0.16305285014721926,1.085963219697406,1.6454819556598301,0.9891100829936208,34.01641909215647,10.688718299835017,0,0.592793623051196,0.4886385426521966,0.4013185211716391,0.6010932453695779,25.62436112792733,25.62436112792733,0.9991961877903563,5.205229405965103,0.1294568966158695,0.16787302494049072,854.9560740482841,0.1440783356590587,177.64858786761937,1.0,0.060707675474454964,74.85256386000297,1.0,0.007993569502322832,9.85607119636405,1.0,-0.0019999999999999593,-2.46599999999995,1.0,-0.0011855872461023925,-1.46182907444425,1.0,-0.0004886385426521965,-0.6024913230901583,1.0,-1.665493503565116e-05,-0.02053553489895788,1.0,-0.0023116731088962017,-2.8502929432690167,1.0,0.0,0.0,0.0,0.0,0.0,0.0,0.48661800486618007,600.0,0.0008110300081103001,0.0,0.0,0.0,0.0,0.0,0.0,0.0,0.0,0.0
110592,27,train,,1,3,3D_with_obstacles,6,,835.140963691292,887,1,0,0,0,goal,73.66791188808995,1.2479526519083122,1.2479526519083122,72.41995923618167,73.38196671231442,0.9961184568905671,0.9868904102842566,1.6546102979101331,1.8574754546907053,1.6448435714587846,0.0054069030496454494,0.02861103547738386,0.21704477820193857,0.393607460791606,0.03632804827593529,0.5633372996925812,1.9460601975537088,2.860094684548413,0.9930839178167462,38.52503037396836,24.845363959815376,0,0.6054426282232159,0.5283359630015524,0.41837678317152793,0.6213992866262239,25.352336602693757,25.352336602693757,0.9955561069884289,7.3969789969024085,0.27023144897909285,0.3215775191783905,835.140963691292,0.19949352364176018,176.9507554702413,1.0,0.06531741124498446,57.93654377430121,0.9966178128523112,0.00796444885590741,7.064466135189873,1.0,-0.0020000000000000013,-1.7740000000000014,1.0,-0.0012108852564464332,-1.0740552224679862,1.0,-0.0005283359630015522,-0.4686339991823768,1.0,-3.2441418285281754e-05,-0.028775538019044918,1.0,-0.003906806007633593,-3.4653369287709967,1.0,0.0,0.0,0.0,0.0,0.0,0.0,0.6764374295377678,600.0,0.0011273957158962795,0.0,0.0,0.0,0.0,0.0,0.0,0.0,0.0,0.0
110592,27,train,,2,3,3D_with_obstacles,6,,828.8108064715015,971,1,0,0,0,goal,63.53558928234788,1.232347886022673,1.232347886022673,62.303241396325134,62.379465011288104,0.9818035169875888,0.9987780655869828,1.2848499487392004,1.5147331601662304,1.2823776504356557,0.004096497765368297,0.02737120445044372,0.09424859475344893,0.12322476610958333,0.025953697249925835,0.08932626911612962,0.6785126469957656,1.043422061209,0.9808405111016179,34.443517219815455,26.097381027571906,0,0.6102586088799915,0.5201684119568056,0.38126386999009687,0.5774261281354666,24.86042361742917,24.86042361742917,0.999269719409773,2.5995814557107635,0.15286849600279245,0.20310917496681213,828.8108064715009,0.18178031632029304,176.50868714700454,1.0,0.05133176212644685,49.84314102477989,0.9969104016477858,0.007994157755278185,7.762327180375118,1.0,-0.0020000000000000013,-1.9420000000000015,1.0,-0.0012205172177599832,-1.1851222184449437,1.0,-0.0005201684119568057,-0.5050835280100583,1.0,-2.4578986582816193e-05,-0.023866195971914524,1.0,-0.001696474704667005,-1.6472769382316619,1.0,0.0,0.0,0.0,0.0,0.0,0.0,0.6179196704428425,600.0,0.0010298661174047373,0.0,0.0,0.0,0.0,0.0,0.0,0.0,0.0,0.0
110592,27,train,,3,3,3D_with_obstacles,6,,824.3225334036681,1000,1,0,0,0,goal,60.685726653424005,1.2442665663630887,1.2442665663630887,59.441460087060854,60.523068144329045,0.9973196578822578,0.9821289949364626,1.2104613628865806,1.4737719842538997,1.1891786529065578,0.003789297820308011,0.013276495816158196,0.21211493875080015,0.27581128933234833,0.03196657640674405,0.12677471476255686,2.425931299081234,3.6050055526927975,0.9878452343614664,20.058362931217985,7.907087919413003,0,0.6052115907715634,0.4829624548507854,0.37381436716020106,0.5680503031015396,24.375829351579142,24.375829351579142,0.998661607818385,6.688413719315273,0.2911165007501841,0.33619070053100586,824.3225334036681,0.17630937958073012,176.3093795807301,1.0,0.04755805128128694,47.55805128128694,0.994,0.007989292862547088,7.989292862547089,1.0,-0.0020000000000000013,-2.0000000000000013,1.0,-0.0012104231815431282,-1.2104231815431281,1.0,-0.0004829624548507852,-0.4829624548507852,1.0,-2.2735786911076524e-05,-0.022735786911076524,1.0,-0.0038180688975909716,-3.8180688975909716,1.0,0.0,0.0,0.0,0.0,0.0,0.0,0.6,600.0,0.001,0.0,0.0,0.0,0.0,0.0,0.0,0.0,0.0,0.0
114688,28,train,,0,3,3D_with_obstacles,6,,839.0898471585251,1224,1,0,0,0,goal,85.81037407402421,1.2468824292630731,1.2468824292630731,84.56349164476119,85.63883686804137,0.9980009735671952,0.9874432528207127,1.399327399804596,1.5546513074074417,1.3960212783528196,0.006856466291439596,0.026120489864783547,0.5018035473780814,0.6930284461281171,0.03775268255154477,1.4573018206593034,2.133479015887769,3.2090775195464256,0.9939025105341333,22.721752743805443,14.830474257095581,0,0.5846082709368822,0.5151182539151218,0.44340282661560315,0.6493420319302994,25.151826269988085,25.151826269988085,0.9875704963558098,20.603349315386524,0.0691235407782122,0.10782427340745926,839.0898471585253,0.14492195994962215,177.3844789783375,1.0,0.05527025597696798,67.65079331580881,1.0,0.007900563970846475,9.670290300316086,1.0,-0.0019999999999999606,-2.447999999999952,1.0,-0.0011692165418737649,-1.4311210472534883,1.0,-0.0005151182539151221,-0.6305047427921094,1.0,-4.1138797775490625e-05,-0.05035388847720053,1.0,-0.009032463854096609,-11.055735757414249,1.0,0.0,0.0,0.0,0.0,0.0,0.0,0.49019607843137253,600.0,0.0008169934640522876,0.0,0.0,0.0,0.0,0.0,0.0,0.0,0.0,0.0
114688,28,train,,1,3,3D_with_obstacles,6,,838.7576776054616,1080,1,0,0,0,goal,79.1976439335778,1.2465486822537202,1.2465486822537202,77.9510952513242,78.28743278597598,0.9885070931104314,0.9957038119314578,1.4497672738143714,1.658791816482113,1.4460938557059355,0.004807471469003389,0.017966236195139818,0.27136183684426524,0.4298015906987329,0.03289550076463245,0.1300203150933097,1.1235183262423174,1.7126877703936592,0.9871324658483261,29.052618372314132,18.803999197565787,0,0.6140414514613373,0.54581188191013,0.40945597987759996,0.6142686705001527,25.33346164643172,25.33346164643172,0.9967805284922193,10.271170214334312,0.09570694394685604,0.14367829263210297,838.7576776054616,0.16404338012188996,177.16685053164116,1.0,0.05774155203801783,62.360876201059256,1.0,0.00797424422793776,8.612183766172782,1.0,-0.001999999999999985,-2.1599999999999837,1.0,-0.0012280829029226727,-1.3263295351564865,1.0,-0.0005458118819101292,-0.5894768324629396,1.0,-2.8844828753765006e-05,-0.031152415054066206,1.0,-0.004884513065498316,-5.275274110738182,1.0,0.0,0.0,0.0,0.0,0.0,0.0,0.5555555555555556,600.0,0.000925925925925926,0.0,0.0,0.0,0.0,0.0,0.0,0.0,0.0,0.0
114688,28,train,,2,3,3D_with_obstacles,6,,798.9539200856024,967,1,0,0,0,goal,55.824655107443554,1.2356959634750004,1.2356959634750004,54.5889591439686,63.49797569688544,1.1374539721682713,0.8596960540057992,1.3132983598114893,1.86212786056931,1.2889518365736838,0.005604991396979814,0.032927877048256615,0.552923693434552,0.8726646259971648,0.44418118415684343,2.783826604979798,2.608694555966097,3.608266515416463,1.0,28.929530005099593,20.24638400605671,0,0.6062587250800343,0.5504087520370331,0.5908311599443715,0.7660988517637214,21.292292853892054,21.292292853892054,0.8269338370004033,11.141263915428635,0.2842208803501346,0.35629215836524963,798.9539200856024,0.1820223831101669,176.01564446753142,1.0,0.04635559956775605,44.8258647820201,0.8634953464322648,0.0066265464765559,6.407870442829555,0.9596690796277145,-0.0020000000000000013,-1.9340000000000015,1.0,-0.0012125174501600683,-1.172504374304786,1.0,-0.0005504087520370328,-0.5322452632198107,1.0,-3.362994839427335e-05,-0.03252016009726233,1.0,-0.009952626483099128,-9.624189809156857,1.0,0.0,0.0,0.0,-0.015511892450879007,-15.0,0.015511892450879007,0.6204756980351603,600.0,0.001034126163391934,0.0,0.0,0.0,0.0,0.0,0.0,0.0,0.0,0.0
118784,29,train,,0,3,3D_with_obstacles,6,,824.1500777105539,950,1,0,0,0,goal,66.32802470535982,1.241912394579697,1.241912394579697,65.08611231078015,66.31339110492095,0.9997793753017088,0.9814927456778823,1.3960713916825465,1.5753833312999173,1.3874971175387882,0.007027575516545592,0.029194015345380464,0.4978492390825634,0.6348647647673129,0.06026367610159812,0.8496166685415103,2.0800782219882996,3.046742204549247,0.9938571792582215,65.64788932858163,52.08922279470721,0,0.5849261876945628,0.520383472701069,0.4471508028083726,0.6496660578015604,24.674923245986466,24.674923245986466,0.9882132920626259,15.857672544095657,0.1267575153786885,0.15380707383155823,824.1500777105541,0.1859260176259563,176.6297167446585,1.0,0.054809413875193724,52.06894318143404,0.9978947368421053,0.00790570633650101,7.510421019675959,1.0,-0.0020000000000000013,-1.9000000000000015,1.0,-0.0011698523753891276,-1.1113597566196713,1.0,-0.0005203834727010684,-0.49436429906601503,1.0,-4.216545312845746e-05,-0.04005718047203458,1.0,-0.008961286314796466,-8.513221999056642,1.0,0.0,0.0,0.0,0.0,0.0,0.0,0.631578947368421,600.0,0.0010526315789473684,0.0,0.0,0.0,0.0,0.0,0.0,0.0,0.0,0.0
118784,29,train,,1,3,3D_with_obstacles,6,,832.6732399531153,1122,1,0,0,0,goal,74.88480612939497,1.2322467710580796,1.2322467710580796,73.65255935833692,74.5240040747364,0.9951819057388606,0.988306523150238,1.3284136198705274,1.5226287181721239,1.3178843935823572,0.006592013761834114,0.024454616734161938,0.396662389496147,0.45244075957969576,0.035073035772932803,0.17464316719494377,2.5494550340380515,3.51883865106944,0.9876583379244362,24.019996291815044,11.899201632537409,0,0.6126707669657966,0.5060227005030717,0.40181055277878164,0.6073711288830601,25.100670797586453,25.100670797586453,0.9970253729817208,15.21598132961012,0.1861399505586229,0.2536672353744507,832.6732399531155,0.15778793088173276,177.03805844930417,1.0,0.05252035960856676,58.92784348081191,0.9937611408199644,0.007976202983853766,8.949299747883925,1.0,-0.001999999999999977,-2.2439999999999745,1.0,-0.001225341533931592,-1.3748332010712463,1.0,-0.0005060227005030715,-0.5677574699644462,1.0,-3.9552082585201566e-05,-0.04437743666059616,1.0,-0.007139923009971645,-8.010993617188186,1.0,0.0,0.0,0.0,0.0,0.0,0.0,0.5347593582887701,600.0,0.00089126559714795,0.0,0.0,0.0,0.0,0.0,0.0,0.0,0.0,0.0
118784,29,train,,2,3,3D_with_obstacles,6,,854.8281688382967,1495,1,0,0,0,goal,95.96241869411305,1.2416848647274057,1.2416848647274057,94.72073382938568,95.84161440008737,0.9987411291246132,0.9883048655042199,1.2821620655530108,1.4439923619630082,1.2660730999528271,0.0031502497476147895,0.009912698984550605,0.184630055738045,0.22856600350869316,0.03343518733419317,0.14082885880066032,3.2107520882053744,5.2495789467701846,0.9900240121758651,33.81360150444733,16.45950518311907,0,0.59884807360561,0.5312799851378943,0.39872761137509427,0.5950633451791113,25.374871134674418,25.374871134674418,0.998847633425268,8.750042584116278,0.2628044316800542,0.2916354835033417,854.828168838297,0.1188434308446464,177.67092911274636,1.0,0.05069063136168667,75.78249388572156,0.9959866220735786,0.007990781067402149,11.946217695766212,1.0,-0.001999999999999928,-2.9899999999998923,1.0,-0.0011976961472112211,-1.7905557400807757,1.0,-0.0005312799851378944,-0.7942635777811521,1.0,-1.89014984907408e-05,-0.028257740243657493,1.0,-0.0033233410018941637,-4.968394797831775,1.0,0.0,0.0,0.0,0.0,0.0,0.0,0.4013377926421405,600.0,0.0006688963210702341,0.0,0.0,0.0,0.0,0.0,0.0,0.0,0.0,0.0
122880,30,train,,0,3,3D_with_obstacles,6,,850.6839799854788,1254,1,0,0,0,goal,87.60184946840316,1.2211044657567847,1.2211044657567847,86.38074500264639,86.66897490793612,0.989350971855868,0.9966743588972189,1.3822803015619793,1.5164886325243494,1.377669314377417,0.0030142965333450366,0.014509358181298726,0.056310873495578076,0.08137013010517302,0.02666995383225627,0.11844048708501509,1.6845120814147527,2.410216131015265,0.987092933405109,30.814485067241737,18.656298181786827,0,0.6158554222482291,0.4712389372006962,0.3981281711260953,0.6046074488700814,25.778305553222744,25.778305553222744,0.9992869710740113,2.4174862565068027,0.1399079020917891,0.17734648287296295,850.6839799854789,0.14153981994240986,177.49093420778195,1.0,0.05510799562482272,69.10542651352769,0.9968102073365231,0.007994295768592088,10.024846893814479,1.0,-0.0019999999999999562,-2.5079999999999454,1.0,-0.0012317108444964558,-1.5445653989985557,1.0,-0.0004712389372006963,-0.5909336272496731,1.0,-1.8085779202175954e-05,-0.022679567119528645,1.0,-0.0010135957227092964,-1.2710490362774578,1.0,0.0,0.0,0.0,0.0,0.0,0.0,0.4784688995215311,600.0,0.0007974481658692185,0.0,0.0,0.0,0.0,0.0,0.0,0.0,0.0,0.0
122880,30,train,,1,3,3D_with_obstacles,6,,820.6465801583016,1116,1,0,0,0,goal,81.50239212730358,1.2410510117561193,1.2410510117561193,80.26134111554752,85.88698722984823,1.053797133901249,0.9344994358779221,1.539193319531332,1.9244654969755541,1.5133929181469552,0.00892738131760815,0.03230913414167924,0.505087395718089,0.8547078555601288,0.23336850803085846,1.8990547910161357,3.164127912082543,4.764025700814853,1.0,33.360061563515025,19.585807648396862,0,0.6188389352158941,0.49135484051845607,0.5300704567930177,0.7224234541524268,23.770761516073133,23.770761516073133,0.9349106758219684,15.910115917164218,0.3295810417836285,0.38526082038879395,820.646580158302,0.15883432696136893,177.2591088888877,1.0,0.0577134073556037,64.40816260885373,0.9435483870967742,0.007479285406575744,8.34688251373853,1.0,-0.0019999999999999784,-2.231999999999976,1.0,-0.001237677870431788,-1.3812485034018753,1.0,-0.0004913548405184562,-0.5483520020185971,1.0,-5.356428792961056e-05,-0.05977774532944538,1.0,-0.009091573120455351,-10.146195602428172,1.0,0.0,0.0,0.0,-0.013440860215053764,-15.0,0.013440860215053764,0.5376344086021505,600.0,0.0008960573476702509,0.0,0.0,0.0,0.0,0.0,0.0,0.0,0.0,0.0
122880,30,train,,2,3,3D_with_obstacles,6,,858.7904991085311,1383,1,0,0,0,goal,99.5362994687925,1.2312617876594747,1.2312617876594747,98.30503768113329,99.46280946063662,0.9992616763075572,0.9883597518933769,1.4383631158443455,1.5752995118595918,1.4251625454775796,0.0037159883926734544,0.02077170413630336,0.13832134238632762,0.17239982008606747,0.026617252700353155,0.1417590982689645,3.54346859650815,5.078108345806599,0.9918104843885869,43.92697164731743,16.909746531472265,0,0.6286011206488504,0.5083299265041091,0.4011248091824315,0.6116086131827778,25.82931724197268,25.82931724197268,0.9990863310323601,7.323750847128855,0.19476889046912424,0.2138429880142212,858.7904991085313,0.12854186843452053,177.77340404494188,1.0,0.056865612186916534,78.64514165450557,0.9971077368040492,0.007992690648258909,11.053891166542071,1.0,-0.0019999999999999398,-2.765999999999917,1.0,-0.001257202241297699,-1.7387106997147177,1.0,-0.0005083299265041097,-0.7030202883551837,1.0,-2.2295930344117933e-05,-0.030835271665915102,1.0,-0.0024897841632122737,-3.4433714977225742,1.0,0.0,0.0,0.0,0.0,0.0,0.0,0.43383947939262474,600.0,0.0007230657989877079,0.0,0.0,0.0,0.0,0.0,0.0,0.0,0.0,0.0
126976,31,train,,0,3,3D_with_obstacles,6,,832.5920056070411,933,1,0,0,0,goal,72.21293354760282,1.2279016236230957,1.2279016236230957,70.98503192397976,71.34126712593864,0.9879292201709328,0.9950066039431279,1.5292876125603123,1.7413170229332555,1.5268444604102405,0.005463795173004824,0.0218259046080016,0.3022210218744761,0.43086639932286763,0.03305781663854877,0.0868416887296024,1.1602486883148961,1.9478370083437275,0.9857892991866697,44.24918383558198,35.27890592655384,0,0.6050138962120696,0.49977907599553884,0.4160804814416496,0.6193660060692446,25.451296768570096,25.451296768570096,0.9957152124104904,11.26399738851904,0.1125889066586796,0.20513740181922913,832.5920056070415,0.18964554951095758,176.93929769372343,1.0,0.06086605095303737,56.78802553918386,1.0,0.007965721699283921,7.432018345431898,1.0,-0.0020000000000000013,-1.8660000000000014,1.0,-0.001210027792424137,-1.1289559303317198,1.0,-0.0004997790759955393,-0.4662938779038382,1.0,-3.278277105013992e-05,-0.030586325389780546,1.0,-0.0054399783897881365,-5.075499837672331,1.0,0.0,0.0,0.0,0.0,0.0,0.0,0.6430868167202572,600.0,0.0010718113612004287,0.0,0.0,0.0,0.0,0.0,0.0,0.0,0.0,0.0
126976,31,train,,1,3,3D_with_obstacles,6,,823.8048978536156,920,1,0,0,0,goal,60.59202693570673,1.2449432721501117,1.2449432721501117,59.34708366355661,59.4528484023722,0.9811992007703704,0.9982210315963371,1.2924532261385266,1.4564974359498033,1.2916982832274515,0.004003609739545283,0.014378579656849855,0.23343332111338602,0.28679439028681086,0.023137464706371697,0.07533159800679945,0.7094850081769397,1.191597183486728,0.9798916594864526,39.65933779598197,25.871741430024667,0,0.6096898710922055,0.5152889621876808,0.38945026042992653,0.5933627841022352,25.082312796386095,25.082312796386095,0.9985194238075987,7.456171351313941,0.13684726069154945,0.1506236344575882,823.8048978536156,0.19163224142501095,176.30166211101007,1.0,0.051606286644696076,47.47778371312039,0.9978260869565218,0.007988155390460768,7.349102959223907,1.0,-0.0020000000000000013,-1.8400000000000014,1.0,-0.001219379742184411,-1.121829362809658,1.0,-0.0005152889621876808,-0.4740658452126663,1.0,-2.402165841298405e-05,-0.022099925739945323,1.0,-0.004201799778235352,-3.8656557959765236,1.0,0.0,0.0,0.0,0.0,0.0,0.0,0.6521739130434783,600.0,0.0010869565217391304,0.0,0.0,0.0,0.0,0.0,0.0,0.0,0.0,0.0
126976,31,train,,2,3,3D_with_obstacles,6,,823.2282011877247,834,1,0,0,0,goal,60.56708859491479,1.2407097016568769,1.2407097016568769,59.32637889325783,60.90569404868138,1.00559058494674,0.9740694990822839,1.4605682026062698,1.6572190189330742,1.4301720945504768,0.003406663025234856,0.014886883282628993,0.27126775785106594,0.33956634039562505,0.040937540328215706,0.4093222212080976,2.742275043255821,4.001029526736716,0.9947831174251619,20.90167541900188,13.133708442059966,0,0.6208571206758188,0.49271532250523603,0.402823726738171,0.6074407530738581,25.077484065865328,25.077484065865328,0.9961420060629972,8.343129165238427,0.2778072560147988,0.2960464358329773,823.2282011877248,0.2114061404376111,176.31272112496765,1.0,0.056922126345236496,47.473053371927236,0.9904076738609112,0.007969136048503975,6.6462594644523145,1.0,-0.0020000000000000013,-1.6680000000000013,1.0,-0.001241714241351637,-1.0355896772872653,1.0,-0.0004927153225052364,-0.4109245789693671,1.0,-2.043997813198796e-05,-0.01704694176207796,1.0,-0.004882819635016349,-4.072271575603635,1.0,0.0,0.0,0.0,0.0,0.0,0.0,0.7194244604316546,600.0,0.001199040767386091,0.0,0.0,0.0,0.0,0.0,0.0,0.0,0.0,0.0
131072,32,train,,0,3,3D_with_obstacles,6,,859.1708093329338,1400,1,0,0,0,goal,97.57789968459284,1.225247696053414,1.225247696053414,96.35265198853949,97.62842910408455,1.0005178367197392,0.9869323195379393,1.3946918443440621,1.5572388721837565,1.3784296136816103,0.0026932270463285294,0.006379213274471773,0.06345421925408418,0.11939158566508068,0.02721778256789391,0.15227468203769945,3.678651472899314,5.774713256027309,0.9906663893315854,29.14498166502943,17.65576814042003,0,0.6119132212921977,0.5080329562143638,0.4009802928886243,0.6066790775528976,25.756225741537225,25.756225741537225,0.9991086323099041,2.7972617330984884,0.22109353531684195,0.28888097405433655,859.1708093329337,0.12695700719994354,177.73981007992094,1.0,0.05506232511505986,77.0872551610838,0.9957142857142857,0.007992869058479228,11.190016681870919,1.0,-0.001999999999999938,-2.7999999999999132,1.0,-0.001223826442584394,-1.7133570196181516,1.0,-0.0005080329562143647,-0.7112461387001106,1.0,-1.6159362271958236e-05,-0.02262310718074153,1.0,-0.0011421759460307648,-1.5990463244430708,1.0,0.0,0.0,0.0,0.0,0.0,0.0,0.42857142857142855,600.0,0.0007142857142857143,0.0,0.0,0.0,0.0,0.0,0.0,0.0,0.0,0.0
131072,32,train,,1,3,3D_with_obstacles,6,,861.644618458886,1359,1,0,0,0,goal,99.5353351680104,1.226525980070606,1.226525980070606,98.3088091879397,98.44924019824434,0.9890883476914726,0.9985735693843675,1.4488482737048483,1.5851180970325571,1.4477700423124442,0.003009524507341073,0.015107899014739967,0.021623709922040952,0.07852472541799438,0.022852370881832756,0.1307541636151468,0.9495029044678506,1.5874347419956232,0.9881866877230405,29.813305459189046,18.375287302833566,0,0.6208284472590251,0.5072026072786826,0.40373426056285394,0.612519047205899,25.958975176539578,25.958975176539578,0.9992479123453333,0.9192069696196155,0.05855318280848359,0.10015621036291122,861.6446184588862,0.13081820950870993,177.78194672233678,1.0,0.05787126368679318,78.64704735035193,1.0,0.007993983298762667,10.863823303018465,1.0,-0.001999999999999943,-2.7179999999999223,1.0,-0.0012416568945180495,-1.6874117196500293,1.0,-0.0005072026072786833,-0.6892883432917306,1.0,-1.8057147048303388e-05,-0.024539662838644304,1.0,-0.0003892267778077957,-0.5289591910407944,1.0,0.0,0.0,0.0,0.0,0.0,0.0,0.44150110375275936,600.0,0.0007358351729212656,0.0,0.0,0.0,0.0,0.0,0.0,0.0,0.0,0.0
131072,32,train,,2,3,3D_with_obstacles,6,,819.1252676520419,676,1,0,0,0,goal,52.302609402967214,1.2363949887587322,1.2363949887587322,51.06621441420845,51.10648233517562,0.9771306425923038,0.9992120780157976,1.5120261045909928,1.7190361801062488,1.5117135637621393,0.003924107411136002,0.022867833725009223,0.027124305520333455,0.0754542329643777,0.015450574590842911,0.08203866991351294,0.39477045146317424,0.6538765078998444,0.9767007878814264,20.364301170198775,11.432797159654843,0,0.6185760549517602,0.5064846140235393,0.38885239095112983,0.5925663520400164,25.27216532828178,25.27216532828178,0.9992651808450285,0.9201464046499586,0.0945942589638413,0.15929627418518066,819.125267652042,0.2599777118017193,175.74493317796225,1.0,0.060433389839300015,40.85297153136681,1.0,0.007994121446760231,5.404026098009916,1.0,-0.0020000000000000013,-1.352000000000001,1.0,-0.0012371521099035214,-0.8363148262947805,1.0,-0.000506484614023539,-0.3423835990799124,1.0,-2.354464445048148e-05,-0.015916179648525482,1.0,-0.00048823750040500154,-0.33004855027378105,1.0,0.0,0.0,0.0,0.0,0.0,0.0,0.8875739644970414,600.0,0.0014792899408284023,0.0,0.0,0.0,0.0,0.0,0.0,0.0,0.0,0.0
135168,33,train,,0,3,3D_with_obstacles,6,,818.723903610434,948,1,0,0,0,goal,55.5647377340304,1.24538473428526,1.24538473428526,54.31935299974519,54.62393542077404,0.983068356810039,0.9944240117691509,1.152403700860212,1.3606609224767563,1.1465966898595812,0.003993117182345918,0.0156395164069405,0.2748294534583923,0.3189707348768658,0.02433394140497254,0.11088552922843542,0.9817757964918508,1.4482648120150678,0.9803045180472387,29.25588964453397,22.08814427733946,0,0.6198397963170261,0.509753465275344,0.378254007673842,0.5798494560950542,24.55500842282964,24.55500842282964,0.9978529666600834,8.261160845554688,0.2667321909832049,0.3367517292499542,818.723903610434,0.18561774289031877,175.96562026002218,1.0,0.0458411726095079,43.45743163381349,0.9947257383966245,0.007982823733280655,7.56771689915006,1.0,-0.0020000000000000013,-1.8960000000000015,1.0,-0.0012396795926340502,-1.1752162538170796,1.0,-0.0005097534652753447,-0.48324628508102674,1.0,-2.395870306587345e-05,-0.022712850506448033,1.0,-0.0049469301615476255,-4.689689793147149,1.0,0.0,0.0,0.0,0.0,0.0,0.0,0.6329113924050633,600.0,0.0010548523206751054,0.0,0.0,0.0,0.0,0.0,0.0,0.0,0.0,0.0
135168,33,train,,1,3,3D_with_obstacles,6,,824.5771260038687,871,1,0,0,0,goal,60.29763222504507,1.2354264761651808,1.2354264761651808,59.062205748879855,60.2676632234101,0.9995029821150668,0.9799982708793333,1.383872863912977,1.5856455186660439,1.361384124184775,0.004478316197659918,0.02755013991557087,0.17087381184927797,0.21793860613943972,0.02874533090567808,0.18543630633823627,2.7054004524135844,4.062406420614779,0.9890951696328011,24.823650917327235,19.328940173991448,0,0.6104390032645037,0.49719258800713534,0.3906507553226912,0.5944936908396596,25.047592585315012,25.047592585315012,0.9980126760984677,5.308122988994915,0.24489671518827277,0.2706783413887024,824.5771260038687,0.2024248162549606,176.31201495807068,1.0,0.054250013212538535,47.251761508121064,0.9942594718714122,0.007984101408787758,6.954152327054137,1.0,-0.0020000000000000013,-1.7420000000000013,1.0,-0.0012208780065290081,-1.063384743686766,1.0,-0.0004971925880071362,-0.4330547441542156,1.0,-2.686989715927701e-05,-0.023403680425730277,1.0,-0.0030757286120671194,-2.678959621110461,1.0,0.0,0.0,0.0,0.0,0.0,0.0,0.6888633754305397,600.0,0.001148105625717566,0.0,0.0,0.0,0.0,0.0,0.0,0.0,0.0,0.0
135168,33,train,,2,3,3D_with_obstacles,6,,832.6259791981211,1313,1,0,0,0,goal,74.35284729218132,1.234490219665798,1.234490219665798,73.11835707251566,73.40071327219795,0.9871943838782419,0.9961532226718923,1.1180611313358433,1.2791313360533045,1.1124586504070226,0.0046770421526029435,0.020896646453055112,0.35639863832763957,0.4329185612377282,0.03328518277762756,0.11646796541255044,0.8868860580011717,1.6852972019962735,0.9841498840348218,29.214432290239362,13.054237426923734,0,0.6168781362187759,0.49507270764838973,0.39797022104581076,0.6030446263562153,25.145791857388353,25.145791857388353,0.9970239688162172,15.102469589331037,0.34159598424066046,0.3593338429927826,832.6259791981217,0.13481449812848662,177.01143604270294,1.0,0.044552724293428526,58.497726997271656,0.9954303122619954,0.007976191750529752,10.472739768445564,1.0,-0.0019999999999999484,-2.6259999999999324,1.0,-0.0012337562724375531,-1.6199219857105074,1.0,-0.0004950727076483902,-0.6500304651423364,1.0,-2.8062252933916684e-05,-0.03684573810223261,1.0,-0.006415175492264563,-8.423125421343371,1.0,0.0,0.0,0.0,0.0,0.0,0.0,0.456968773800457,600.0,0.0007616146230007616,0.0,0.0,0.0,0.0,0.0,0.0,0.0,0.0,0.0
139264,34,train,,0,3,3D_with_obstacles,6,,836.3530907079031,895,1,0,0,0,goal,73.40161153772247,1.224115634062917,1.224115634062917,72.17749590365955,72.55530937058529,0.9884702508649656,0.9947927523126392,1.6213476954320758,1.760484874242511,1.614854705452665,0.004884709775790772,0.02820100271172077,0.13710697754308668,0.20046104467094494,0.03414482909406576,0.1621507194412244,1.6663708029203046,2.9368887793131453,0.9851624621723646,23.08238117762903,14.942012388655876,0,0.5971303402378573,0.496321580931024,0.4026460546771241,0.605048069357872,25.598678348672756,25.598678348672756,0.9987488760577491,5.01324885153724,0.22271961013698044,0.2493884265422821,836.3530907079031,0.19776329324992425,176.9981474586822,1.0,0.06451619745578512,57.74199672292768,1.0,0.007989991008462,7.15104195257349,1.0,-0.0020000000000000013,-1.7900000000000014,1.0,-0.0011942606804757159,-1.0688633090257658,1.0,-0.0004963215809310235,-0.44420781493326605,1.0,-2.9308258690808505e-05,-0.02623089152827361,1.0,-0.0024679255986513396,-2.208793410792949,1.0,0.0,0.0,0.0,0.0,0.0,0.0,0.6703910614525139,600.0,0.0011173184357541898,0.0,0.0,0.0,0.0,0.0,0.0,0.0,0.0,0.0
139264,34,train,,1,3,3D_with_obstacles,6,,824.0547514381899,999,1,0,0,0,goal,64.17060726315924,1.2406662807226134,1.2406662807226134,62.929940982436676,63.10637858068936,0.9834156364127029,0.9972041241753853,1.263390962576359,1.4435049933442234,1.26206147224863,0.0049791521078001375,0.02033984126965338,0.392725435814209,0.4511422787720867,0.027746209052617734,0.11687798623691537,0.7721534098989689,1.1856729918781805,0.9816906731140452,18.793230414469047,10.195212560100684,0,0.5842155791125498,0.5141089991514886,0.4069413469658719,0.6076474954580163,25.05125737100536,25.05125737100536,0.9961752338502355,13.479875197436257,0.17215300549019324,0.20398662984371185,824.0547514381899,0.17669659971338894,176.51990311367555,1.0,0.050394501795656896,50.34410729386124,0.997997997997998,0.007969401870801878,7.961432468931076,1.0,-0.0020000000000000013,-1.9980000000000016,1.0,-0.0011684311582250996,-1.1672627270668745,1.0,-0.0005141089991514886,-0.5135948901523372,1.0,-2.9874912656579182e-05,-0.029845037743922602,1.0,-0.007069057841155983,-7.061988783314827,1.0,0.0,0.0,0.0,0.0,0.0,0.0,0.6006006006006006,600.0,0.001001001001001001,0.0,0.0,0.0,0.0,0.0,0.0,0.0,0.0,0.0
139264,34,train,,2,3,3D_with_obstacles,6,,805.9577914462961,1626,1,0,0,0,goal,66.6884529494908,1.2246273355399768,1.2246273355399768,65.46382561395073,87.81973707962744,1.316865712061746,0.7454340879498854,1.080193568015097,1.588130775094053,1.0740273043467845,0.005918913880402924,0.027244801950338182,0.44686246554202824,0.8223694762590803,0.698873785459583,2.8024922012872517,2.269728601893007,4.421030912064073,1.0,35.37904836410113,27.709740194494607,0,0.5934943088526788,0.49894935392309553,0.6601053700950753,0.8292639666634439,19.829280476948444,19.829280476948444,0.6125454157333302,10.15161431867534,0.07978462798550706,0.11857409030199051,805.9577914462961,0.10866825730884414,176.69458638418055,1.0,0.03380272574621835,54.963232063351036,0.7589175891758918,0.005184393421678236,8.429823703648813,0.7798277982779828,-0.001999999999999916,-3.2519999999998634,1.0,-0.0011869886177053568,-1.9300434923889103,1.0,-0.0004989493539230956,-0.8112916494789535,1.0,-3.551348328934633e-05,-0.05774492382847713,1.0,-0.008043524378344472,-13.078770639188111,1.0,0.0,0.0,0.0,-0.00922509225092251,-15.0,0.00922509225092251,0.36900369003690037,600.0,0.0006150061500615006,0.0,0.0,0.0,0.0,0.0,0.0,0.0,0.0,0.0
143360,35,train,,0,3,3D_with_obstacles,6,,851.420514224828,1307,1,0,0,0,goal,95.40933455860156,1.249857803066327,1.249857803066327,94.15947675553505,96.89800695597697,1.0156030057673346,0.9717380131287332,1.4827545058297937,1.704938063778708,1.4466112433026173,0.005342681979798159,0.02856550257020496,0.2992556860435004,0.43252166147348126,0.02877779007042701,0.1860032544658461,4.822569609859452,7.355779490627578,0.998868193597217,23.430227649519164,15.764056483117722,0,0.6197406564202864,0.5176718287332398,0.4069347834555174,0.6156016095144519,25.408229811487598,25.408229811487598,0.9967597393579749,13.7462856745597,0.3154573317648531,0.32052841782569885,851.4205142248276,0.13591584426269726,177.64200845134533,1.0,0.05765047564793144,75.34917167184639,0.9931140015302219,0.007974077914863788,10.422119834726972,1.0,-0.0019999999999999493,-2.6139999999999337,1.0,-0.001239481312840575,-1.6200020758826315,1.0,-0.0005176718287332395,-0.676597080154344,1.0,-3.205609188668565e-05,-0.04189731209589814,1.0,-0.005386602345033164,-7.0402892649583455,1.0,0.0,0.0,0.0,0.0,0.0,0.0,0.4590665646518745,600.0,0.0007651109410864575,0.0,0.0,0.0,0.0,0.0,0.0,0.0,0.0,0.0
143360,35,train,,1,3,3D_with_obstacles,6,,847.5467116021157,1203,1,0,0,0,goal,92.30781527341337,1.228338137592442,1.228338137592442,91.0794771358209,91.89327486933887,0.995509151604914,0.9911440991228676,1.5277352430480293,1.7035081609688232,1.5232323489311064,0.0057300162193336494,0.021673535751611794,0.3668425271649772,0.5684020578838362,0.04796159559912041,0.3879120637625686,2.1361810266514025,3.111499644936727,0.99154051590723,31.79289666064989,17.382035134436034,0,0.6191449565572954,0.4998955749335652,0.4339377301329389,0.6422163464085617,25.791156836919786,25.791156836919786,0.9933905385078604,16.786537840380834,0.12183853302612369,0.15725255012512207,847.5467116021157,0.14763486602035256,177.60474382248412,1.0,0.060568230846763695,72.86358170865672,1.0,0.007947124308062894,9.560390542599661,1.0,-0.001999999999999964,-2.4059999999999566,1.0,-0.0012382899131145899,-1.4896627654768515,1.0,-0.0004998955749335642,-0.6013743766450778,1.0,-3.4380097360939514e-05,-0.041359257125210235,1.0,-0.006603165479948252,-7.943608072377748,1.0,0.0,0.0,0.0,0.0,0.0,0.0,0.49875311720698257,600.0,0.0008312551953449709,0.0,0.0,0.0,0.0,0.0,0.0,0.0,0.0,0.0
143360,35,train,,2,3,3D_with_obstacles,6,,810.0849326935489,823,1,0,0,0,goal,51.90966671713377,1.244754689344189,1.244754689344189,50.664912027789505,51.44617741094762,0.9910712332500266,0.984813927438819,1.2502108726840264,1.4700775300814852,1.2468116849290867,0.010338109632528174,0.03935585732128777,0.642148739914272,0.7437200643599149,0.028298610427333382,0.3527622487918731,1.5333611163346639,2.1111948909875213,0.983648810753501,34.02690672635945,28.672089936854817,0,0.5964763048144549,0.4893351278419438,0.45928784443534015,0.6604133088544536,24.614636252172023,24.614636252172023,0.981712430915757,16.65055205019158,0.15930804660043624,0.21243713796138763,810.084932693549,0.21346747952119885,175.68373564594665,1.0,0.04924904767190455,40.53196623397744,0.9975698663426489,0.007853699447326048,6.463594645149337,1.0,-0.0020000000000000013,-1.6460000000000012,1.0,-0.0011929526096289096,-0.9817999977245926,1.0,-0.0004893351278419443,-0.4027228102139202,1.0,-6.202865772380542e-05,-0.051049585306691854,1.0,-0.011558677324762094,-9.512791438279203,1.0,0.0,0.0,0.0,0.0,0.0,0.0,0.7290400972053463,600.0,0.001215066828675577,0.0,0.0,0.0,0.0,0.0,0.0,0.0,0.0,0.0
147456,36,train,,0,3,3D_with_obstacles,6,,853.9794862940481,1352,1,0,0,0,goal,94.03795032882302,1.239210519679184,1.239210519679184,92.79873980914378,93.03706764854252,0.9893566089352149,0.9974383560722377,1.376287982966607,1.523246622197645,1.3733778869315085,0.0036295569388889036,0.020919705022071522,0.14893960327770775,0.2042399390459475,0.02124030789939693,0.0922248498945164,1.3006053825287693,2.1792441571462065,0.9879769384055368,23.538623750606725,13.679964415780809,0,0.607675221522019,0.5128226253912184,0.39900089912226744,0.6036433901681879,25.652483983686434,25.652483983686434,0.9991428527399719,7.028834926188023,0.11848865787790724,0.15926381945610046,853.9794862940483,0.1313816577850578,177.62800132539817,1.0,0.05491071229132526,74.23928301787176,0.9977810650887574,0.007993142821919744,10.806729095235495,1.0,-0.0019999999999999437,-2.703999999999924,1.0,-0.0012153504430440385,-1.6431537989955403,1.0,-0.0005128226253912185,-0.6933361895289274,1.0,-2.177734162239082e-05,-0.029442965873472386,1.0,-0.0026809128624698413,-3.624594190059226,1.0,0.0,0.0,0.0,0.0,0.0,0.0,0.4437869822485207,600.0,0.0007396449704142012,0.0,0.0,0.0,0.0,0.0,0.0,0.0,0.0,0.0
147456,36,train,,1,3,3D_with_obstacles,6,,848.9647425098742,1197,1,0,0,0,goal,84.96889000978635,1.2482348097045641,1.2482348097045641,83.72065520008174,85.69407904840395,1.0085347594694256,0.9769712928800193,1.4318141862724139,1.6536743248000123,1.401060347571976,0.0032836242858146104,0.021539859440787623,0.02241238461105719,0.11282007212228118,0.028174874930564513,0.14469547970161223,3.830877037299457,5.531770206986542,0.9939591597539899,43.062675950481086,26.801836450643336,0,0.614434360936533,0.4918139850765112,0.39150086585541216,0.5942221108385196,25.312250426718865,25.312250426718865,0.9987446753939283,0.43099910016848864,0.2841142083618575,0.34089627861976624,848.9647425098744,0.14816684328921567,177.35571141719115,1.0,0.05597760192967569,67.0051895098218,0.9924812030075187,0.00798995740315143,9.563979011572261,1.0,-0.001999999999999965,-2.393999999999958,1.0,-0.0012288687218730667,-1.4709558600820607,1.0,-0.0004918139850765114,-0.5887013401365842,1.0,-1.9701745727996742e-05,-0.0235829896364121,1.0,-0.00040342292302066653,-0.4828972388557378,1.0,0.0,0.0,0.0,0.0,0.0,0.0,0.5012531328320802,600.0,0.000835421888053467,0.0,0.0,0.0,0.0,0.0,0.0,0.0,0.0,0.0
147456,36,train,,2,3,3D_with_obstacles,6,,834.6210298096328,1269,1,0,0,0,goal,86.6194592975936,1.2451564711757617,1.2451564711757617,85.37430282641787,93.15676247064758,1.0754715306013876,0.9164584573591006,1.4681916859046062,1.8669522743401206,1.4446275114879872,0.0047204064905403435,0.01883631885518433,0.4521818684569724,0.7916758578994916,0.2717688897467389,2.220184836296785,2.7526239295508184,3.946833715496689,1.0,33.191137750346044,18.75824590239372,0,0.5975571239019991,0.49077447077068237,0.5435958480252536,0.7267336040688275,23.12298404703493,23.12298404703493,0.8958250433938141,15.191973518192738,0.30670005634978964,0.3611679971218109,834.6210298096323,0.13980496168348616,177.41249637634394,1.0,0.05449660345916448,69.15618978967973,0.9078014184397163,0.007166600347150496,9.09441584053398,1.0,-0.0019999999999999545,-2.537999999999942,1.0,-0.0011951142478039977,-1.516599980463273,1.0,-0.0004907744707706826,-0.6227928034079961,1.0,-2.832243899153704e-05,-0.035941175080260505,1.0,-0.008139273631184994,-10.328738237973758,1.0,0.0,0.0,0.0,-0.004728132387706856,-6.0,0.004728132387706856,0.4728132387706856,600.0,0.0007880220646178094,0.0,0.0,0.0,0.0,0.0,0.0,0.0,0.0,0.0
151552,37,train,,0,3,3D_with_obstacles,6,,843.7666036626349,1171,1,0,0,0,goal,79.31465957931462,1.238731653183737,1.238731653183737,78.07592792613093,79.80473055225247,1.0061788195969974,0.9783370908696993,1.3630184552049962,1.6103188677609819,1.3386849417794067,0.003173758248081237,0.018111226992616025,0.03939225745575137,0.10033856192579016,0.029211626247159526,0.13162357049978546,3.6115921909739908,5.957927371648035,0.9918775543316152,34.48929036063053,26.121379723521105,0,0.6355291375179356,0.48091577286382675,0.3888159228837154,0.597806090089778,25.44439613574503,25.44439613574503,0.9990725416905982,1.4066822487720387,0.2752778253857648,0.34841838479042053,843.7666036626352,0.1513140654711035,177.18877066666218,1.0,0.053343033188298694,62.46469186349777,0.9948761742100769,0.007992580333524787,9.359311570557525,1.0,-0.001999999999999969,-2.3419999999999637,1.0,-0.001271058275035872,-1.4884092400670061,1.0,-0.00048091577286382724,-0.5631523700235417,1.0,-1.9042549495279846e-05,-0.0222988254589727,1.0,-0.0007090606341014408,-0.8303100025327872,1.0,0.0,0.0,0.0,0.0,0.0,0.0,0.5123825789923142,600.0,0.0008539709649871904,0.0,0.0,0.0,0.0,0.0,0.0,0.0,0.0,0.0
151552,37,train,,1,3,3D_with_obstacles,6,,797.6794974088721,990,1,0,0,0,goal,64.84748511160174,1.244980783943678,1.244980783943678,63.60250432765806,66.3157278522571,1.0226414754269735,0.9590862739131245,1.3397116737829713,1.650435186966632,1.326733117538509,0.01031314446061491,0.04066197155535134,0.7019509853462477,0.8726646259971648,0.19501138934908155,1.6947602041456216,2.845827700322646,4.151420882268854,1.0,36.18272536010469,26.132545787545663,0,0.6327171634468768,0.49895639647588585,0.5471252363288042,0.7495263499668753,24.483712623531463,24.483712623531463,0.9532761617413306,20.117709381019704,0.16914869150278544,0.1956358104944229,797.6794974088721,0.17832752767568652,176.54425239892964,1.0,0.05139603157741602,50.88207126164186,0.997979797979798,0.00762620929393065,7.549947200991343,1.0,-0.0020000000000000013,-1.9800000000000015,1.0,-0.001265434326893754,-1.2527799836248164,1.0,-0.0004989563964758864,-0.4939668325111275,1.0,-6.187886679914897e-05,-0.06126007813115748,1.0,-0.012635117735781463,-12.508766558423648,1.0,0.0,0.0,0.0,-0.021212121212121213,-21.0,0.021212121212121213,0.6060606060606061,600.0,0.00101010101010101,0.0,0.0,0.0,0.0,0.0,0.0,0.0,0.0,0.0
151552,37,train,,2,3,3D_with_obstacles,6,,822.7004850510671,759,1,0,0,0,goal,59.68991588840357,1.2412751714584713,1.2412751714584713,58.448640716945,60.29112496131282,1.0100722050611242,0.9694402078987581,1.588698944962128,1.8032947278384601,1.5583731253471256,0.005503527555779208,0.02988553816888473,0.25563542514254844,0.41555494640401136,0.04542101584651167,0.6077978468706973,2.555487697931432,3.998158562548119,0.999924948283062,22.667151969431647,16.182924103021477,0,0.6179985266978876,0.4864356995030148,0.42485629606191977,0.6291058460576889,25.024981709191113,25.024981709191113,0.9922998627034897,7.460160968198052,0.3306128679920719,0.35945290327072144,822.7004850510668,0.2322224367906432,176.25682952409818,1.0,0.06160907965599533,46.76129145890046,0.9934123847167325,0.007938398901627931,6.025244766335599,1.0,-0.0020000000000000013,-1.5180000000000011,1.0,-0.0012359970533957747,-0.9381217635273931,1.0,-0.0004864356995030144,-0.36920469592278793,1.0,-3.302116533354334e-05,-0.025063064488159394,1.0,-0.004601437647337384,-3.4924911743290745,1.0,0.0,0.0,0.0,0.0,0.0,0.0,0.7905138339920948,600.0,0.0013175230566534915,0.0,0.0,0.0,0.0,0.0,0.0,0.0,0.0,0.0
151552,37,train,,3,3,3D_with_obstacles,6,,842.0515914618759,1070,1,0,0,0,goal,77.66867853115356,1.2318929738354063,1.2318929738354063,76.43678555731822,76.56359770561525,0.9857718600800572,0.9983437018100341,1.431095284217105,1.5756924570595132,1.4290887777240904,0.0034410186003625983,0.02158694578919418,0.04014430480888907,0.11455338840670537,0.018220980957084396,0.057059121309417815,0.9595711673324635,1.4428847052446012,0.98486249181441,37.80852151048216,16.48769680521494,0,0.6255759091229639,0.49047878572551934,0.3939100954855714,0.6032543168655623,25.69682742239201,25.69682742239201,0.9995251619246884,1.2478406700524127,0.07907374044445073,0.10262157768011093,842.0515914618763,0.16555611497929726,177.14504302784806,1.0,0.057148998547527544,61.14942844585447,1.0,0.007996201295397522,8.55593538607535,1.0,-0.001999999999999987,-2.139999999999986,1.0,-0.0012511518182459285,-1.3387324455231435,1.0,-0.000490478785725519,-0.5248123007263052,1.0,-2.064611159788846e-05,-0.022091339409740653,1.0,-0.0007225974880769798,-0.7731793122423685,1.0,0.0,0.0,0.0,0.0,0.0,0.0,0.5607476635514018,600.0,0.0009345794392523365,0.0,0.0,0.0,0.0,0.0,0.0,0.0,0.0,0.0
155648,38,train,,0,3,3D_with_obstacles,6,,817.6540554876661,867,1,0,0,0,goal,56.92792899818819,1.2312360421977129,1.2312360421977129,55.6966929559905,56.65114145397629,0.9951379305538989,0.9831521753403467,1.3068314060894182,1.5061437116844218,1.2859610950036173,0.006771689686339682,0.028083320830344594,0.42455428360906,0.48653440564554984,0.035815005220325595,0.1523552497133429,2.2530970421594825,3.2887581966810546,0.9854307826226227,9.28898752349251,4.4676388148583435,0,0.6339830421340988,0.49390986251106084,0.40311318409931013,0.6114258352310462,24.99173486080265,24.99173486080265,0.9954319144448739,12.939898189071192,0.2586241845372364,0.2691211402416229,817.6540554876661,0.20312221893171398,176.10696381379603,1.0,0.05140154883799624,44.56514284254274,0.9919261822376009,0.007963455315558995,6.904315758589648,1.0,-0.0020000000000000013,-1.7340000000000013,1.0,-0.0012679660842681996,-1.099326595060529,1.0,-0.0004939098625110604,-0.42821985079708935,1.0,-4.063013812583925e-05,-0.035226329755102634,1.0,-0.0076419771068623,-6.625594151649614,1.0,0.0,0.0,0.0,0.0,0.0,0.0,0.6920415224913494,600.0,0.0011534025374855825,0.0,0.0,0.0,0.0,0.0,0.0,0.0,0.0,0.0
155648,38,train,,1,3,3D_with_obstacles,6,,832.9169748734327,992,1,0,0,0,goal,73.89879846098401,1.2445866328514432,1.2445866328514432,72.65421182813256,73.52743153625599,0.9949746554414671,0.9881238921327908,1.4824078938761245,1.6317341091882775,1.4788285532147503,0.004516727948121656,0.015214589198282003,0.35317951282608895,0.6137198709366478,0.02176775225927614,0.47717572436059674,1.560138377785609,2.144863725203281,0.9930253605497446,21.06295693884261,12.00076073015421,0,0.6215977646962499,0.490993060501604,0.43025681398238147,0.6424849271443823,25.497435279778674,25.497435279778674,0.9907631283164388,12.674289661141087,0.07665765417679664,0.09096746891736984,832.9169748734327,0.17839564641078112,176.96848123949488,1.0,0.05859210631301014,58.123369462506055,1.0,0.007926105026531526,7.8626961863192735,1.0,-0.0020000000000000013,-1.9840000000000015,1.0,-0.0012431955293925009,-1.233249965157361,1.0,-0.0004909930605016042,-0.48706511601759134,1.0,-2.710036771677987e-05,-0.026883564775045634,1.0,-0.006357231218687019,-6.306373368937522,1.0,0.0,0.0,0.0,0.0,0.0,0.0,0.6048387096774194,600.0,0.0010080645161290322,0.0,0.0,0.0,0.0,0.0,0.0,0.0,0.0,0.0
155648,38,train,,2,3,3D_with_obstacles,6,,859.0647262160063,1099,1,0,0,0,goal,98.20729284633765,1.2236276081239794,1.2236276081239794,96.98366523821369,97.11271940996164,0.9888544587204062,0.9986710888899819,1.76729243694198,1.9025865100526413,1.7651842015081143,0.002718366399173106,0.005574937576297678,0.04812408036397891,0.1065286451351799,0.014782477410386612,0.06684269000732268,0.8980713050167698,1.5492672540633172,0.9882305252957403,30.849252253075143,21.21382031400347,0,0.6257646924140673,0.4779044261360685,0.4046061007311064,0.6171054153332828,26.12419409159853,26.12419409159853,0.9996672452855391,1.942607293252757,0.2975651033093866,0.32658231258392334,859.0647262160064,0.1617445538015687,177.75726462792403,1.0,0.07059777105694905,77.586950391587,0.9990900818926297,0.007997337962284318,8.789074420550467,1.0,-0.0019999999999999814,-2.1979999999999795,1.0,-0.0012515293848281341,-1.3754307939261194,1.0,-0.00047790442613606857,-0.5252169643235394,1.0,-1.631019839339706e-05,-0.017924908034343368,1.0,-0.0008662334465615797,-0.9519905577711761,1.0,0.0,0.0,0.0,0.0,0.0,0.0,0.545950864422202,600.0,0.0009099181073703367,0.0,0.0,0.0,0.0,0.0,0.0,0.0,0.0,0.0
159744,39,train,,0,3,3D_with_obstacles,6,,840.2265201107986,1357,1,0,0,0,goal,88.03988826503557,1.241696718078762,1.241696718078762,86.7981915469568,89.0314811357175,1.0112629955605672,0.974915731376452,1.3121810042110162,1.5473074519312977,1.2813031517600042,0.006516288211743866,0.02872069571355107,0.5077122068137208,0.5891048862917332,0.038423149784813225,0.18951831464162483,4.736741299697744,7.2301620262754005,0.9912823126592127,24.356152404031974,15.735072670130602,0,0.6148336072333634,0.4786291071587821,0.4169802558481386,0.6202972889105757,25.28718302353348,25.28718302353348,0.9944720057044194,22.46573964453758,0.3195292840745402,0.3464372456073761,840.2265201107987,0.13077473583460353,177.461316527557,1.0,0.051183351198400256,69.45580757622915,0.993367722918202,0.00795577604563535,10.79598809392717,1.0,-0.0019999999999999432,-2.7139999999999227,1.0,-0.0012296672144667268,-1.6686584100313482,1.0,-0.0004786291071587817,-0.6494996984144668,1.0,-3.90977292281484e-05,-0.053055618562597384,1.0,-0.00913881971990151,-12.401378359906348,1.0,0.0,0.0,0.0,0.0,0.0,0.0,0.4421518054532056,600.0,0.0007369196757553427,0.0,0.0,0.0,0.0,0.0,0.0,0.0,0.0,0.0
159744,39,train,,1,3,3D_with_obstacles,6,,842.8135896023817,1343,1,0,0,0,goal,89.95372575619793,1.2475143532696802,1.2475143532696802,88.70621140292835,88.92778436536443,0.9885947871285052,0.9975083944346815,1.3243154782630606,1.4925523813469375,1.323423959252669,0.006004776540630837,0.02427952670097655,0.4649086106184625,0.5477370906058958,0.02950317071867214,0.08138672853742568,0.9927959366438402,1.4550148129618115,0.9865716532984737,19.80690063423254,3.062660400953126,0,0.631562987198583,0.5032868761203806,0.4230057263076971,0.6334614118454355,25.70507560791426,25.70507560791426,0.9949597696670339,21.9707035995204,0.1514260882063757,0.21408560872077942,842.8135896023816,0.13216953670432552,177.50368779390917,1.0,0.05284097821727188,70.96543374579613,0.9977661950856291,0.007959678157336279,10.689847765302623,1.0,-0.0019999999999999445,-2.685999999999926,1.0,-0.0012631259743971666,-1.6963781836153948,1.0,-0.0005032868761203806,-0.6759142746296711,1.0,-3.6028659223040605e-05,-0.048386489336543534,1.0,-0.008368354992587364,-11.23870075504483,1.0,0.0,0.0,0.0,0.0,0.0,0.0,0.4467609828741623,600.0,0.0007446016381236039,0.0,0.0,0.0,0.0,0.0,0.0,0.0,0.0,0.0
163840,40,train,,0,3,3D_with_obstacles,6,,844.6319443501302,1220,1,0,0,0,goal,87.86328926910926,1.2438254256786503,1.2438254256786503,86.61946384343061,86.83150577338333,0.9882569443471918,0.9975580069922303,1.42346730776038,1.5623580882157242,1.4230691643426907,0.005401973104467782,0.022750427945662732,0.329405274005764,0.4112143784327005,0.020036418224821557,0.059992598656478435,0.9631314666215459,1.2674591212492903,0.9871361915392258,28.613681684021522,13.926764388395755,0,0.629651731147324,0.4851824812778104,0.41626435981177895,0.6288386454836267,25.891616469543276,25.891616469543276,0.9965215949148555,15.435731028713372,0.06319874424914845,0.10323289781808853,844.6319443501301,0.14545233852775302,177.4518530038587,1.0,0.05679966859800812,69.29559568956991,0.9991803278688525,0.007972172759318854,9.726050766369003,1.0,-0.0019999999999999614,-2.439999999999953,1.0,-0.0012593034622946486,-1.5363502239994713,1.0,-0.00048518248127781016,-0.5919226271589284,1.0,-3.241183860641546e-05,-0.039542443099826866,1.0,-0.005929294930663358,-7.2337398154092964,1.0,0.0,0.0,0.0,0.0,0.0,0.0,0.4918032786885246,600.0,0.000819672131147541,0.0,0.0,0.0,0.0,0.0,0.0,0.0,0.0,0.0
163840,40,train,,1,3,3D_with_obstacles,6,,820.8536471821956,922,1,0,0,0,goal,62.857102172741605,1.243414585085215,1.243414585085215,61.61368758765634,65.07691904193841,1.0353152912314727,0.9467824920837116,1.4116468338815233,1.7190696679281707,1.3941608458640988,0.005676868001572289,0.022123475248994495,0.4997893482435585,0.7619270559981639,0.21406111150404422,1.7881919833872093,2.4421522083316516,3.765134127079432,1.0,34.17509671834927,13.229095449402992,0,0.6149594880854651,0.4837768668560877,0.5419011699144856,0.7427666266155863,23.86245898010138,23.86245898010138,0.9318457068103564,12.651236460218499,0.20754123833070867,0.21877501904964447,820.8536471821958,0.1913658465015307,176.43931047441131,1.0,0.053460931443978205,49.290978791347904,0.9989154013015185,0.007454765654482867,6.873293933433203,1.0,-0.0020000000000000013,-1.8440000000000014,1.0,-0.0012299189761709312,-1.1339852960295986,1.0,-0.0004837768668560876,-0.4460422712413128,1.0,-3.406120801401395e-05,-0.03140443378892086,1.0,-0.00899620826023512,-8.29450401593678,1.0,0.0,0.0,0.0,0.0,0.0,0.0,0.6507592190889371,600.0,0.0010845986984815619,0.0,0.0,0.0,0.0,0.0,0.0,0.0,0.0,0.0
163840,40,train,,2,3,3D_with_obstacles,6,,827.6963538612008,1277,1,0,0,0,goal,89.49598140687651,1.247790927884403,1.247790927884403,88.24819047899221,95.10859088771146,1.0627135363242544,0.9278677105329108,1.4895628956571887,1.8670448551326435,1.471172037922612,0.006243425441020937,0.02994373093083258,0.455547327747536,0.8058710934130842,0.2521655373232869,2.120953678127652,2.8446030387135925,4.185470953560252,1.0,23.678619488436468,5.34880151009397,0,0.6282755712028257,0.49062638039327466,0.5391140756610789,0.7228876179494051,23.76167210167344,23.76167210167344,0.9057485603404737,16.30859337620706,0.26105575404693676,0.31527748703956604,827.696353861201,0.13899010466896916,177.4903636622736,1.0,0.05580035756312138,71.257056608106,0.9232576350822239,0.007245988482723798,9.25312729243829,1.0,-0.001999999999999953,-2.5539999999999403,1.0,-0.0012565511424056527,-1.6046158088520184,1.0,-0.0004906263803932744,-0.6265298877622113,1.0,-3.746055263720196e-05,-0.04783712571770691,1.0,-0.00819985190233752,-10.471210879285012,1.0,0.0,0.0,0.0,-0.011746280344557557,-15.0,0.011746280344557557,0.46985121378230227,600.0,0.0007830853563038371,0.0,0.0,0.0,0.0,0.0,0.0,0.0,0.0,0.0
167936,41,train,,0,3,3D_with_obstacles,6,,856.9638541666698,1218,1,0,0,0,goal,94.90083583132484,1.2452298565841424,1.2452298565841424,93.65560597474068,93.79881137990388,0.9883876212283348,0.998473270577138,1.540210367486107,1.7136690130805194,1.539322472691154,0.002863176469327407,0.01146329302161675,0.038513147571733325,0.15277014749481976,0.02062357164444361,0.06937234285604577,0.5641801946668344,0.8306800946194041,0.9878103694496252,28.11637067330441,8.074220017176264,0,0.5955634710641978,0.47818218441875054,0.40217263480321136,0.6053091497733969,25.8053272697471,25.8053272697471,0.9991505034942851,1.4854345639944901,0.09334271689586354,0.1526826173067093,856.9638541666695,0.14584413114765693,177.63815173784613,1.0,0.0615143553200267,74.92448477979252,1.0,0.007993204027954288,9.735722506048322,1.0,-0.001999999999999962,-2.4359999999999533,1.0,-0.0011911269421283966,-1.4507926155123871,1.0,-0.0004781821844187508,-0.5824259006220385,1.0,-1.7179058815335685e-05,-0.020924093637078863,1.0,-0.0006932366561954022,-0.844362247246,1.0,0.0,0.0,0.0,0.0,0.0,0.0,0.49261083743842365,600.0,0.0008210180623973727,0.0,0.0,0.0,0.0,0.0,0.0,0.0,0.0,0.0
167936,41,train,,1,3,3D_with_obstacles,6,,817.3231891736494,747,1,0,0,0,goal,52.16860125147601,1.2251216799007347,1.2251216799007347,50.943479571575324,51.20748268873774,0.9815766852152074,0.9948444425833779,1.3710169394575038,1.535736750691313,1.3682315372732534,0.0037810431591662756,0.017826545761101098,0.1773040275648899,0.24327656328648084,0.02146113008527316,0.10117607942526696,0.8170543471641171,1.2052304714688165,0.9804087387430157,36.196207996203405,21.909142232084296,0,0.6084367078660402,0.48626912485152346,0.3908234605767641,0.589185041416601,24.96527306681132,24.96527306681132,0.9977794073496762,4.8794811331342425,0.08469840061852092,0.11170609295368195,817.3231891736494,0.23530508680861742,175.7728998460372,1.0,0.0545579433162788,40.75478365726026,1.0,0.007982235258797406,5.962729738321662,1.0,-0.0020000000000000013,-1.494000000000001,1.0,-0.0012168734157320803,-0.909004441551864,1.0,-0.0004862691248515239,-0.3632430362640884,1.0,-2.2686258927035e-05,-0.016946635418495146,1.0,-0.003191472496298784,-2.3840299547351917,1.0,0.0,0.0,0.0,0.0,0.0,0.0,0.8032128514056225,600.0,0.0013386880856760374,0.0,0.0,0.0,0.0,0.0,0.0,0.0,0.0,0.0
167936,41,train,,2,3,3D_with_obstacles,6,,826.5521248397619,941,1,0,0,0,goal,64.64901329380326,1.2292542433140738,1.2292542433140738,63.41975905048927,63.65466188036771,0.9846192329507547,0.9963097309303127,1.3529152365646717,1.56638790792429,1.351680525824753,0.005123027840980429,0.023637385354873253,0.2755043702408904,0.35398415632879,0.02536014818013828,0.10113488473445997,0.9695348876333317,1.5108875501092875,0.9827110270584021,36.33560546776454,25.896291058143866,0,0.6257766719737291,0.5354905567855913,0.40910252030071875,0.6109448489312411,25.2402889637401,25.2402889637401,0.9959623722912818,9.70151902397122,0.10064828429097956,0.16023726761341095,826.5521248397619,0.18764870366524522,176.57743014899575,1.0,0.05391723262759906,50.73611590257072,0.9968119022316685,0.007967698978330245,7.497604738608761,1.0,-0.0020000000000000013,-1.8820000000000014,1.0,-0.00125155334394746,-1.1777116966545598,1.0,-0.0005354905567855912,-0.5038966139352413,1.0,-3.073816710242953e-05,-0.02892461524338619,1.0,-0.004959078665866285,-4.666493024580174,1.0,0.0,0.0,0.0,0.0,0.0,0.0,0.6376195536663124,600.0,0.0010626992561105207,0.0,0.0,0.0,0.0,0.0,0.0,0.0,0.0,0.0
167936,41,train,,3,3,3D_with_obstacles,6,,823.2699235835076,839,1,0,0,0,goal,59.37660227112933,1.2418859022819773,1.2418859022819773,58.13471636884741,58.51770809265693,0.9855348041885176,0.9934551140792603,1.39493940626119,1.5717910454557298,1.3909480313176723,0.0035769227541411876,0.011335956011706116,0.20206066979431506,0.31124686907543486,0.0230244193214746,0.09936148636808806,1.2570721405963239,1.8746932216436043,0.9832135147768698,39.33431532894206,31.331215240318055,0,0.5994080715924857,0.48593074176460505,0.4018103389671079,0.5983376161631583,25.019258454252853,25.019258454252853,0.9964153669133909,6.403550139487747,0.10185347237270126,0.11428780108690262,823.2699235835073,0.21005390517086195,176.23522643835318,1.0,0.05543240322212844,46.50778630336576,0.99880810488677,0.007971322935307137,6.6879399427226875,1.0,-0.0020000000000000013,-1.6780000000000013,1.0,-0.0011988161431849716,-1.0058067441321912,1.0,-0.00048593074176460436,-0.4076958923405031,1.0,-2.1461536554178217e-05,-0.018006229168955525,1.0,-0.0036370920563678385,-3.0515202352926165,1.0,0.0,0.0,0.0,0.0,0.0,0.0,0.7151370679380215,600.0,0.0011918951132300357,0.0,0.0,0.0,0.0,0.0,0.0,0.0,0.0,0.0
172032,42,train,,0,3,3D_with_obstacles,6,,821.1900319985862,763,1,0,0,0,goal,59.715145011843326,1.2414249282671848,1.2414249282671848,58.47372008357618,60.52192137525505,1.0135104145397573,0.9661576955070641,1.5864199574116657,1.8581114916231418,1.5570554900604514,0.004320628281143891,0.01278754834419571,0.3644175427395932,0.5660478026069109,0.06300982355024773,0.8985587335444212,2.6767248665219703,3.924606129061379,1.0,25.34887445261305,18.463681814249725,0,0.6111975822617272,0.5002238728631798,0.46594607141625677,0.6610569203782676,24.70159017958969,24.70159017958969,0.9843720895458703,10.389129137681383,0.3303412090825847,0.3748764991760254,821.1900319985864,0.231006500088002,176.25795956714552,1.0,0.061321774425829076,46.78851388690759,0.9908256880733946,0.007874976716366958,6.008607234587989,1.0,-0.0020000000000000013,-1.5260000000000011,1.0,-0.0012223951645234541,-0.9326875105313955,1.0,-0.0005002238728631799,-0.38167081499460626,1.0,-2.5923769700415968e-05,-0.019779836281417384,1.0,-0.006559515764413297,-5.004910528247345,1.0,0.0,0.0,0.0,0.0,0.0,0.0,0.7863695937090432,600.0,0.001310615989515072,0.0,0.0,0.0,0.0,0.0,0.0,0.0,0.0,0.0
172032,42,train,,1,3,3D_with_obstacles,6,,833.1919901264025,1131,1,0,0,0,goal,73.01101157724598,1.2298822711645832,1.2298822711645832,71.78112930608121,72.17718932327722,0.9885795000513509,0.9945126705416321,1.2763428704381439,1.4478768366929986,1.274738824928037,0.0061383716825938114,0.022629642804357086,0.2931068529683122,0.3835204048113656,0.04128649488788308,0.28781721005427885,1.1378681682616456,1.9275440371155794,0.9860260288851986,23.986400368689385,12.125971554828663,0,0.609179311661687,0.4891764102995669,0.41676683115890656,0.6211262802625525,25.29189311849481,25.29189311849481,0.9948073438016827,11.155617036194641,0.16983923010337046,0.1917126476764679,833.1919901264026,0.15647026609635767,176.96787095498053,1.0,0.05077369474160506,57.42504875275533,0.9982316534040672,0.00795845875041345,9.001016846717611,1.0,-0.0019999999999999758,-2.2619999999999725,1.0,-0.0012183586233233742,-1.377963602978736,1.0,-0.0004891764102995664,-0.5532585200488096,1.0,-3.6830230117755503e-05,-0.04165499026318147,1.0,-0.0052759233552256025,-5.967069314760156,1.0,0.0,0.0,0.0,0.0,0.0,0.0,0.5305039787798409,600.0,0.0008841732979664014,0.0,0.0,0.0,0.0,0.0,0.0,0.0,0.0,0.0
172032,42,train,,2,3,3D_with_obstacles,6,,828.4721535149492,1258,1,0,0,0,goal,90.62891004200056,1.2398853877628764,1.2398853877628764,89.38902465423764,96.55463761532884,1.0653845177061283,0.925786962303781,1.5350498825966432,1.946428704129773,1.5093699591201768,0.005973895712019783,0.020593599753209624,0.46986196342742553,0.8627430632654987,0.2310256571193783,2.026727648361927,3.1955504238776884,4.660217117026162,1.0,29.238085094991035,7.363595439906263,0,0.6126229922703226,0.5190679771357048,0.5208628821069751,0.7020391013550266,23.549299801794746,23.549299801794746,0.9275998129529531,16.83776984716022,0.3414788220806228,0.38686078786849976,828.4721535149497,0.14112673874393847,177.5374373398746,1.0,0.05722920818327501,71.99434389455996,0.9276629570747218,0.0074207985036236195,9.335364517558514,1.0,-0.001999999999999956,-2.5159999999999445,1.0,-0.001225245984540646,-1.5413594485521327,1.0,-0.0005190679771357047,-0.6529875152367165,1.0,-3.584337420804236e-05,-0.045090964753717294,1.0,-0.008457515348569795,-10.639554308500802,1.0,0.0,0.0,0.0,-0.01192368839427663,-15.0,0.01192368839427663,0.4769475357710652,600.0,0.000794912559618442,0.0,0.0,0.0,0.0,0.0,0.0,0.0,0.0,0.0
176128,43,train,,0,3,3D_with_obstacles,6,,848.3219102238382,1432,1,0,0,0,goal,83.61134258614068,1.2410010173820138,1.2410010173820138,82.37034156875885,83.76000807589,1.0017780540911199,0.9834089496998109,1.1698325150264,1.4381808658631476,1.1504790437471792,0.0028613358574908422,0.01463328516939244,0.04102183094074387,0.13255014338961502,0.029509740899081236,0.18497654556196164,3.663584933142991,5.8972682386789375,0.9893240839322446,22.693922607440932,12.1913219343297,0,0.5934630589599997,0.49398776892489393,0.38232232532437954,0.5750175795216093,24.82946796532144,24.82946796532144,0.9986301287879826,1.1692120729508113,0.33974036640961075,0.3897680640220642,848.3219102238381,0.12383264715160053,177.32835072109197,1.0,0.046023941860359886,65.90628474403536,0.9951117318435754,0.00798904103030386,11.440306755395127,1.0,-0.0019999999999999346,-2.863999999999906,1.0,-0.00118692611792,-1.69967820086144,1.0,-0.0004939877689248943,-0.7073904851004487,1.0,-1.7168015174142493e-05,-0.02458459772937205,1.0,-0.0007383929560007839,-1.0573787129931225,1.0,0.0,0.0,0.0,0.0,0.0,0.0,0.41899441340782123,600.0,0.0006983240223463687,0.0,0.0,0.0,0.0,0.0,0.0,0.0,0.0,0.0
176128,43,train,,1,3,3D_with_obstacles,6,,826.1724583897673,840,1,0,0,0,goal,63.91929570207409,1.2458414293053357,1.2458414293053357,62.673454272768765,64.5866374905708,1.0104403808140685,0.9703780334116116,1.537777083108828,1.7511982593489064,1.5146216361283824,0.0039935719718828255,0.021804811721263917,0.2629015869823571,0.5052506661904888,0.05368543905408495,0.949854016910539,2.538991337349975,3.7370128108497647,1.0,31.35223604420937,9.268777902474566,0,0.5986505462278036,0.48890889730481873,0.4524773315216104,0.6476972060278058,24.83751742051847,24.83751742051847,0.9865860908925718,7.982532310496521,0.27092158343820344,0.28046977519989014,826.1724583897676,0.21010910348872225,176.49164693052668,1.0,0.059693534428602785,50.14256892002634,0.9928571428571429,0.007892688727140579,6.629858530798087,1.0,-0.0020000000000000013,-1.6800000000000013,1.0,-0.0011973010924556072,-1.0057329176627101,1.0,-0.0004889088973048187,-0.41068347373604774,1.0,-2.396143188228614e-05,-0.020127602781120357,1.0,-0.004732228568337664,-3.975071997403638,1.0,0.0,0.0,0.0,0.0,0.0,0.0,0.7142857142857143,600.0,0.0011904761904761906,0.0,0.0,0.0,0.0,0.0,0.0,0.0,0.0,0.0
176128,43,train,,2,3,3D_with_obstacles,6,,831.9618532554045,959,1,0,0,0,goal,66.19358268228783,1.2365913771387103,1.2365913771387103,64.95699130514913,65.5239599340583,0.9898838721051927,0.991347155613309,1.3665059423161297,1.5573997079233566,1.357092932814946,0.0031626138989089944,0.017071665661728463,0.04209163285442558,0.11424044726962457,0.023403517670305348,0.10374187389396372,1.8372429018482916,2.9453500491516125,0.9858848217360182,53.4789023861614,39.55897330430184,0,0.5936335474575605,0.5278142586461242,0.388094353476953,0.5870046279819466,25.15720136997052,25.15720136997052,0.9992763974150698,1.2359515820225844,0.1665002308684917,0.20301899313926697,831.9618532554042,0.18418909382670984,176.63734097981472,1.0,0.05418728907191149,51.96561021996312,0.9989572471324296,0.007994211179320558,7.666448520968414,1.0,-0.0020000000000000013,-1.9180000000000015,1.0,-0.0011872670949151195,-1.1385891440235996,1.0,-0.0005278142586461237,-0.5061738740416326,1.0,-1.897568338036771e-05,-0.018197680361772633,1.0,-0.0007576493919864435,-0.7265857669149993,1.0,0.0,0.0,0.0,0.0,0.0,0.0,0.6256517205422315,600.0,0.0010427528675703858,0.0,0.0,0.0,0.0,0.0,0.0,0.0,0.0,0.0
180224,44,train,,0,3,3D_with_obstacles,6,,826.2536753350929,946,1,0,0,0,goal,64.30428097923887,1.244507565953955,1.244507565953955,63.05977341328495,65.33103489287737,1.0159671159991666,0.9652345706245643,1.3812058116887365,1.672569652861552,1.343623621306599,0.004313911504488151,0.016461218733387017,0.2757665262135693,0.40981735067692915,0.03410132103115169,0.15768774103993843,3.1807946079542826,4.936843269647701,0.999110422473395,78.88566107812782,61.79334260025845,0,0.6160690994129908,0.48246934601247515,0.4065256620861637,0.6030236791433417,24.501485124539965,24.501485124539965,0.9932668706795418,8.428313473994614,0.3091880261078949,0.3596649765968323,826.253675335093,0.18659237308290053,176.5163849364239,1.0,0.0533345704286914,50.45450362554207,0.9936575052854123,0.00794613496543634,7.5170436773027784,1.0,-0.0020000000000000013,-1.8920000000000015,1.0,-0.0012321381988259824,-1.1656027360893793,1.0,-0.000482469346012476,-0.4564160013278023,1.0,-2.5883469024490066e-05,-0.024485761697167603,1.0,-0.004963797468352415,-4.695752405061384,1.0,0.0,0.0,0.0,0.0,0.0,0.0,0.6342494714587738,600.0,0.0010570824524312897,0.0,0.0,0.0,0.0,0.0,0.0,0.0,0.0,0.0
180224,44,train,,1,3,3D_with_obstacles,6,,813.1721717446846,1147,1,0,0,0,goal,73.25120116446517,1.2443472817027752,1.2443472817027752,72.0068538827624,80.59363876943809,1.1002364123488912,0.8934557985247357,1.405294485953583,1.8337688226536981,1.3853445001704903,0.0090033795864477,0.039543946650288486,0.5291181254224738,0.8726646259971648,0.3463616759758374,2.750428944036888,2.888287768661891,4.254944830738809,1.0,33.01490105591573,24.42580669972379,0,0.6093132883592881,0.4829675748667403,0.5592120959640277,0.733114431851723,22.698945388406717,22.698945388406717,0.8738919912667666,15.214576279074722,0.2541593536799538,0.2944392263889313,813.1721717446852,0.15426527325633005,176.94226842501058,1.0,0.05095286222202831,58.44293296866647,0.902353966870096,0.006991135930134128,8.018832911863845,1.0,-0.0019999999999999727,-2.293999999999969,1.0,-0.0012186265767185748,-1.3977646834962054,1.0,-0.00048296757486674,-0.5539638083721508,1.0,-5.4020277527394343e-05,-0.06196125832392131,1.0,-0.00952412625166822,-10.924172810663448,1.0,0.0,0.0,0.0,-0.013077593722755012,-15.0,0.013077593722755012,0.5231037489102005,600.0,0.0008718395815170009,0.0,0.0,0.0,0.0,0.0,0.0,0.0,0.0,0.0
180224,44,train,,2,3,3D_with_obstacles,6,,858.2376887209698,1272,1,0,0,0,goal,98.73491484191833,1.2450240947180158,1.2450240947180158,97.48989074720038,98.23057870384895,0.9948920183009541,0.9924597007732011,1.5445059544630353,1.7171618943663673,1.536785130103859,0.0028169739500235884,0.007396794491156822,0.12778941964748025,0.22602142568042138,0.02896321488785208,0.23284873444673204,2.8018912328175363,4.511872653990987,0.9905120950615995,30.386142404691256,17.18708100177673,0,0.6113128593505789,0.4678361033252001,0.4080438880812166,0.6168803997607257,25.884157056272606,25.884157056272606,0.9980985366888973,6.28915898501998,0.16496944261140795,0.2299402803182602,858.23768872097,0.1397250332242376,177.73024226123022,1.0,0.06131480258329994,77.99242888595752,0.9976415094339622,0.007984788293511166,10.156650709346204,1.0,-0.001999999999999954,-2.5439999999999414,1.0,-0.0012226257187011589,-1.5551799141878742,1.0,-0.00046783610332520046,-0.595087523429655,1.0,-1.690184370490981e-05,-0.02149914519264528,1.0,-0.00230020955405176,-2.9258665527538383,1.0,0.0,0.0,0.0,0.0,0.0,0.0,0.4716981132075472,600.0,0.0007861635220125787,0.0,0.0,0.0,0.0,0.0,0.0,0.0,0.0,0.0
184320,45,train,,0,3,3D_with_obstacles,6,,824.5806689486519,774,1,0,0,0,goal,57.84108651017602,1.233134412768425,1.233134412768425,56.60795209740756,56.87448469990724,0.9832886643631993,0.9953136700243356,1.469624927646183,1.6416700498989147,1.46430141799135,0.0029279644870325414,0.01138598639788313,0.014288165104825716,0.043988672079844804,0.022476123935873418,0.11201299202753567,1.1753279157540015,1.5909167166733234,0.9814133141939929,30.632089884093727,17.375146898357333,0,0.5981689831290096,0.4778981079631401,0.38680622324308994,0.5874221076953011,25.217756984182348,25.217756984182348,0.9993989758111379,0.33763890023011467,0.1257049072947767,0.14982888102531433,824.5806689486519,0.22760015098154954,176.16251685971935,1.0,0.05850955107924238,45.286392535333604,0.9987080103359173,0.007995191806489105,6.188278458222568,1.0,-0.0020000000000000013,-1.5480000000000012,1.0,-0.0011963379662580183,-0.9259655858837061,1.0,-0.0004778981079631402,-0.36989313556347053,1.0,-1.7567786894314092e-05,-0.013597467056199108,1.0,-0.0002571869717314765,-0.19906271612016282,1.0,0.0,0.0,0.0,0.0,0.0,0.0,0.7751937984496124,600.0,0.0012919896640826874,0.0,0.0,0.0,0.0,0.0,0.0,0.0,0.0,0.0
184320,45,train,,1,3,3D_with_obstacles,6,,839.0005221897501,1188,1,0,0,0,goal,80.11484367746597,1.243155333483184,1.243155333483184,78.87168834398288,79.1656784487515,0.9881524423546815,0.9962863944258491,1.332755529440263,1.5121159607518417,1.3318388253655244,0.0039773167830064095,0.01706444667372775,0.29859701361220276,0.4016977503228478,0.02071514461292033,0.07567005881528521,1.2010741606811741,1.6355351151099742,0.9866908883333595,43.69615078733621,24.34895126173697,0,0.5964447573283593,0.4694622078189636,0.4163922031632678,0.613364575255148,25.367657298106465,25.367657298106465,0.9954211044426503,12.58609024298737,0.11483430414012184,0.14885103702545166,839.0005221897499,0.14916406574797617,177.20691010859568,1.0,0.053112418021882234,63.09755260999609,0.9974747474747475,0.007963368835541208,9.460482176622955,1.0,-0.001999999999999966,-2.37599999999996,1.0,-0.0011928895146567197,-1.4171527434121831,1.0,-0.0004694622078189639,-0.5577211028889291,1.0,-2.3863900713257104e-05,-0.02835031404734944,1.0,-0.005374746250098034,-6.385198545116464,1.0,0.0,0.0,0.0,0.0,0.0,0.0,0.5050505050505051,600.0,0.0008417508417508417,0.0,0.0,0.0,0.0,0.0,0.0,0.0,0.0,0.0
184320,45,train,,2,3,3D_with_obstacles,6,,812.506253530753,877,1,0,0,0,goal,53.31240645641549,1.2374409857405904,1.2374409857405904,52.0749654706749,53.62586655383572,1.0058796838907749,0.9710792350254358,1.2229388039643265,1.5067748270310535,1.1910909314593943,0.009841886716147616,0.03257744937519602,0.5488716203157464,0.6399622618522165,0.04919503002835052,0.1981008795474679,3.14266292239119,4.9253425433810785,0.9832741441769924,25.760948341888707,19.790203065043606,0,0.5934943710703364,0.47843727067738406,0.4313019831901673,0.6191703591627433,24.392988982872435,24.392988982872435,0.9890897622878582,14.846850433117135,0.32973104892054333,0.3531564772129059,812.5062535307529,0.20048118279686494,175.82199731285056,1.0,0.04752070292254839,41.67565646307494,0.9897377423033067,0.007912718098302872,6.939453772211619,1.0,-0.0020000000000000013,-1.7540000000000013,1.0,-0.0011869887421406722,-1.0409891268573694,1.0,-0.00047843727067738433,-0.41958948638406607,1.0,-5.905132029086345e-05,-0.05178800789508725,1.0,-0.009879689163338295,-8.664487396247685,1.0,0.0,0.0,0.0,0.0,0.0,0.0,0.6841505131128849,600.0,0.0011402508551881414,0.0,0.0,0.0,0.0,0.0,0.0,0.0,0.0,0.0
188416,46,train,,0,3,3D_with_obstacles,6,,812.4589794365997,764,1,0,0,0,goal,50.51108050002992,1.2418430419231306,1.2418430419231306,49.26923745810677,52.619195226895016,1.0417356886052724,0.9363358228049071,1.3774658436359948,1.732312853633195,1.328228857711832,0.005648405781504976,0.026209069972295662,0.41432527126221186,0.6059804422859774,0.12061436193299328,0.691080658789073,2.803033449812752,4.1837586179292785,1.0,22.766567268826115,18.268711616825144,0,0.5861544624209911,0.4887876126985919,0.5042214871857179,0.693012358074647,23.218086562918334,23.218086562918334,0.9747495612567929,8.69634052268259,0.34558831194308415,0.3759900629520416,812.4589794365997,0.22980968555547354,175.5745997643818,1.0,0.05163282922208088,39.447481525669794,0.9869109947643979,0.007797996490054353,5.957669318401526,1.0,-0.0020000000000000013,-1.5280000000000011,1.0,-0.0011723089248419827,-0.8956440185792748,1.0,-0.0004887876126985923,-0.3734337361017246,1.0,-3.389043467269681e-05,-0.025892292089940365,1.0,-0.0074578548757623314,-5.697801125082421,1.0,0.0,0.0,0.0,0.0,0.0,0.0,0.7853403141361257,600.0,0.0013089005235602095,0.0,0.0,0.0,0.0,0.0,0.0,0.0,0.0,0.0
188416,46,train,,1,3,3D_with_obstacles,6,,851.7319321775067,1349,1,0,0,0,goal,99.17448131351232,1.2473511943642406,1.2473511943642406,97.9271301191479,100.46412801813761,1.0130038159771004,0.9747472262086273,1.4894607563845454,1.703184693169326,1.4640772779180187,0.0061980687450083555,0.024109185191246052,0.411908052415068,0.5736449152206098,0.0361069889338718,0.4462356548069084,4.124725743042125,6.658985197906587,0.9995690018101505,32.82954013966258,27.55513512387845,0,0.6008233298037375,0.5135560238049031,0.4332190865251733,0.6336089884952053,25.419603452489678,25.419603452489678,0.9930983932434707,19.60046964501721,0.2581658113259046,0.3067605495452881,851.7319321775067,0.13175395015362346,177.73607875723803,1.0,0.05807432356107215,78.34226248388633,0.9977761304670126,0.007944787145947756,10.717517859883522,1.0,-0.001999999999999944,-2.6979999999999245,1.0,-0.0012016466596074737,-1.6210213438104821,1.0,-0.0005135560238049038,-0.6927870761128152,1.0,-3.718841251525563e-05,-0.050167168483079845,1.0,-0.007414344948180031,-10.001951335094862,1.0,0.0,0.0,0.0,0.0,0.0,0.0,0.4447739065974796,600.0,0.0007412898443291327,0.0,0.0,0.0,0.0,0.0,0.0,0.0,0.0,0.0
188416,46,train,,2,3,3D_with_obstacles,6,,832.1210565922665,1157,1,0,0,0,goal,67.36856175927721,1.2454419045947025,1.2454419045947025,66.12311985468263,66.45392939202829,0.9864234541548161,0.9950219717573924,1.148728252239037,1.3585305820356701,1.1444825212791936,0.003204268352356716,0.02085282453495907,0.11539495388659728,0.15033370745163488,0.03311884058587373,0.12091079077706457,1.36620674447211,2.0200694143448152,0.9829079177046889,27.68777599435124,11.894237508652438,0,0.5934154216679861,0.5038783782737912,0.3835298274881178,0.5782852933879752,24.82582283946414,24.82582283946414,0.9985686401062683,4.140507738510186,0.28001987100832404,0.3205004334449768,832.1210565922663,0.15269865329417048,176.67234186135525,1.0,0.04572305385352808,52.90157330853199,0.9956784788245462,0.007988549120850135,9.242751332823605,1.0,-0.0019999999999999714,-2.3139999999999668,1.0,-0.0011868308433359755,-1.3731632857397236,1.0,-0.0005038783782737913,-0.5829872836627766,1.0,-1.922561014511816e-05,-0.02224403093790171,1.0,-0.0020771091703579874,-2.4032153101041915,1.0,0.0,0.0,0.0,0.0,0.0,0.0,0.5185825410544511,600.0,0.000864304235090752,0.0,0.0,0.0,0.0,0.0,0.0,0.0,0.0,0.0
192512,47,train,,0,3,3D_with_obstacles,6,,848.091961793458,1305,1,0,0,0,goal,92.83677338247904,1.2380466664680545,1.2380466664680545,91.59872671601102,92.92009851516418,1.0008975444713255,0.9857794834457956,1.4240628124929369,1.5771429254409717,1.4118369337151306,0.005832762223158231,0.02386482807125878,0.3537294880244676,0.5141343469645685,0.0424770184700809,0.26625341326314533,3.225184439973071,4.768131075538053,0.9920388298025925,28.747019509646847,9.463700210763527,0,0.598086252700095,0.493711870648966,0.4299297594533113,0.6315589425321739,25.656114349442422,25.656114349442422,0.994481552224572,16.96827702446019,0.1790969931074486,0.2490270733833313,848.0919617934578,0.13609162267187697,177.59956758679942,1.0,0.056153319630924556,73.28008211835655,0.9969348659003832,0.00795585241779658,10.382387405224536,1.0,-0.0019999999999999497,-2.609999999999934,1.0,-0.0011961725054001904,-1.5610051195472485,1.0,-0.000493711870648966,-0.6442939911969007,1.0,-3.499657333435842e-05,-0.04567052820133773,1.0,-0.006367130787721999,-8.30910567797721,1.0,0.0,0.0,0.0,0.0,0.0,0.0,0.45977011494252873,600.0,0.0007662835249042146,0.0,0.0,0.0,0.0,0.0,0.0,0.0,0.0,0.0
192512,47,train,,1,3,3D_with_obstacles,6,,834.5813080939676,1085,1,0,0,0,goal,70.0408955057195,1.2450648580893031,1.2450648580893031,68.79583064763023,71.07317459715759,1.014738233770209,0.9679577567424649,1.310104600869265,1.5792606664552413,1.2721716414222153,0.002589868207447728,0.006159657897681914,0.1004149585411025,0.12942135326309145,0.0345953665756314,0.1462516933052811,3.920317883145888,5.786277371225617,0.995769962286132,36.63754498355731,17.479755230843477,0,0.5979412974806906,0.46110226004663424,0.38053994754217735,0.5780970293393333,24.844153631661797,24.844153631661797,0.998645630117545,3.7426985514896494,0.3307397461706592,0.3485661447048187,834.5813080939681,0.16294956128975516,176.80027399938433,1.0,0.05074523758115618,55.058582775554456,0.9917050691244239,0.007989165040940351,8.66824406942028,1.0,-0.001999999999999984,-2.1699999999999826,1.0,-0.0011958825949613815,-1.2975326155330988,1.0,-0.0004611022600466341,-0.500295952150598,1.0,-1.5539209226050508e-05,-0.0168600420102648,1.0,-0.0018074692540986604,-1.9611041406970466,1.0,0.0,0.0,0.0,0.0,0.0,0.0,0.5529953917050692,600.0,0.0009216589861751152,0.0,0.0,0.0,0.0,0.0,0.0,0.0,0.0,0.0
192512,47,train,,2,3,3D_with_obstacles,6,,835.97909962366,1260,1,0,0,0,goal,78.71088429433156,1.2325369112594282,1.2325369112594282,77.47834738307209,79.60870377195893,1.0114065479720702,0.9732396548624977,1.2636302186025246,1.4865713077972922,1.2326750909840918,0.005687081434984531,0.024245246169892987,0.3762383455786036,0.43901714606838027,0.03827665276130346,0.19249959943058226,4.211532089587343,6.276556812218291,0.9891280738861216,31.433228904546766,18.636123244827683,0,0.6078145791495603,0.49233031086808454,0.4069415693067842,0.6071069155775365,25.088405214622465,25.088405214622465,0.9955155079703626,15.656205776373215,0.33234101614308736,0.3709662854671478,835.9790996236602,0.14062013709628693,177.18137274132152,1.0,0.0492151107088828,62.01103949319233,0.9920634920634921,0.007964124063762913,10.03479632034127,1.0,-0.001999999999999956,-2.519999999999944,1.0,-0.0012156291582991203,-1.5316927394568915,1.0,-0.0004923303108680855,-0.6203361916937877,1.0,-3.412248863401587e-05,-0.04299433567885999,1.0,-0.006772290209813839,-8.533085664365437,1.0,0.0,0.0,0.0,0.0,0.0,0.0,0.47619047619047616,600.0,0.0007936507936507937,0.0,0.0,0.0,0.0,0.0,0.0,0.0,0.0,0.0
196608,48,train,,0,3,3D_with_obstacles,6,,831.8892998992258,1203,1,0,0,0,goal,71.82797376692383,1.2341636768330722,1.2341636768330722,70.5938100900908,70.8396683251585,0.9862406609857559,0.9965293706071683,1.1777168466360493,1.4086483520793112,1.173840443086956,0.004359575005057866,0.021542532573163964,0.30331169015517456,0.3495460708815452,0.03565012877518807,0.12984842495358562,1.083312452658769,1.6832220177950035,0.9829163302689674,36.68211901468327,27.95720380466112,0,0.6071663299391197,0.5171292541739829,0.3963404086202457,0.5953443468837122,24.960624801096852,24.960624801096852,0.9968567920636263,12.26998021551609,0.26493512674955555,0.33297592401504517,831.889299899226,0.14705503019840407,176.90720132868012,1.0,0.04694653053844903,56.476676237754184,0.9958437240232751,0.00797485433650898,9.593749766820304,1.0,-0.001999999999999964,-2.4059999999999566,1.0,-0.0012143326598782393,-1.460842189833522,1.0,-0.0005171292541739831,-0.6221064927713017,1.0,-2.6157450036693482e-05,-0.03146741239414226,1.0,-0.005459610423133551,-6.567911339029662,1.0,0.0,0.0,0.0,0.0,0.0,0.0,0.49875311720698257,600.0,0.0008312551953449709,0.0,0.0,0.0,0.0,0.0,0.0,0.0,0.0,0.0
196608,48,train,,1,3,3D_with_obstacles,6,,848.1967932260102,1331,1,0,0,0,goal,85.61291622424312,1.2297721707023908,1.2297721707023908,84.38314405354075,84.53546680961146,0.9874148731038488,0.9981981201285162,1.2702549483036993,1.4370426758390376,1.2680521836158432,0.003056706694316722,0.015812634437790685,0.10210805294884683,0.1423769678178024,0.028762980197598632,0.10328227853179506,0.9227756984677753,1.9559809059977848,0.9858031666439765,21.71605620490303,5.264618881535902,0,0.5977957742222235,0.4802618713178836,0.398395409084056,0.6001706536016815,25.614202386095943,25.614202386095943,0.999089365678753,5.391846411779171,0.2064522747076337,0.2462531477212906,848.19679322601,0.13329408010627783,177.4144206214558,1.0,0.050719267868645376,67.507345533167,0.9969947407963937,0.007992714925430017,10.638303565747352,1.0,-0.0019999999999999463,-2.6619999999999284,1.0,-0.0011955915484444491,-1.5913323509795618,1.0,-0.00048026187131788454,-0.6392285507241043,1.0,-1.8340240133155494e-05,-0.02441085961722996,1.0,-0.001837944953448042,-2.446304733039344,1.0,0.0,0.0,0.0,0.0,0.0,0.0,0.4507888805409467,600.0,0.0007513148009015778,0.0,0.0,0.0,0.0,0.0,0.0,0.0,0.0,0.0
196608,48,train,,2,3,3D_with_obstacles,6,,841.2801071300773,1411,1,0,0,0,goal,88.77282348962736,1.2490320600521312,1.2490320600521312,87.52379142957517,88.37442372176123,0.9955121426557682,0.9903746779174013,1.2526495212156081,1.435973009402709,1.2444580390813293,0.006771490022971103,0.024827604277119164,0.47765171349551905,0.5338231085865246,0.03426708816084989,0.175566239706348,2.6517837386987013,3.789987699727697,0.9878886102123584,30.684967657649917,27.777192400039617,0,0.6144107652812917,0.4876196866004888,0.4257380291661162,0.6284983636511715,25.48502083359788,25.48502083359788,0.9939485351584246,22.234096552599308,0.24534942750428942,0.3001854121685028,841.2801071300778,0.12577420494415484,177.46740317620248,1.0,0.04962837497522372,70.02563709004066,0.9950389794472005,0.007951588281267397,11.219691064868298,1.0,-0.0019999999999999367,-2.821999999999911,1.0,-0.0012288215305625847,-1.733867179623807,1.0,-0.0004876196866004887,-0.6880313777932896,1.0,-4.0628940123941855e-05,-0.05732743451488196,1.0,-0.008597730835649704,-12.131398209101732,1.0,0.0,0.0,0.0,0.0,0.0,0.0,0.42523033309709424,600.0,0.0007087172218284905,0.0,0.0,0.0,0.0,0.0,0.0,0.0,0.0,0.0
200704,49,train,,0,3,3D_with_obstacles,6,,831.2186499781321,787,1,0,0,0,goal,65.8300414471119,1.2271422025660355,1.2271422025660355,64.60289924454585,64.85021867590234,0.985115871877481,0.9961862976500899,1.6480360527548235,1.800010558763291,1.642645248137776,0.00370656356716093,0.021736489911046153,0.035374246108471404,0.06499812053680243,0.02126301906384367,0.14019654582011176,1.1243028236312373,1.6148922776478918,0.9837660936519834,25.393976745384528,17.128629109981844,0,0.5843163036979176,0.4936389955329582,0.39358002514480184,0.5909870157948444,25.309096967727218,25.309096967727218,0.999438574174044,1.3711870209810584,0.25058134596941584,0.2586729824542999,831.218649978132,0.22445312321366503,176.64460796915438,1.0,0.06567013781617073,51.682398461326365,0.9974587039390089,0.007995508593392339,6.292465262999771,1.0,-0.0020000000000000013,-1.5740000000000012,1.0,-0.0011686326073958352,-0.9197138620205223,1.0,-0.0004936389955329597,-0.3884938894844393,1.0,-2.2239381383730513e-05,-0.017502393148995914,1.0,-0.0006367364303614783,-0.5011115706944834,1.0,0.0,0.0,0.0,0.0,0.0,0.0,0.7623888182973316,600.0,0.0012706480304955528,0.0,0.0,0.0,0.0,0.0,0.0,0.0,0.0,0.0
200704,49,train,,1,3,3D_with_obstacles,6,,817.1479028070972,814,1,0,0,0,goal,52.00045269525132,1.236453883231453,1.236453883231453,50.76399881201984,52.02318432894179,1.0004371429961136,0.975795685459004,1.2782109171730172,1.5041204884484585,1.2506295258259421,0.004080499313553918,0.017354403242642924,0.18007493007072697,0.2242469280158348,0.03820506340219204,0.1631669520909269,2.669362017933011,4.23486208753348,0.9859628647749783,19.278060818311314,8.887086069315197,0,0.6019350291808715,0.5102268047733759,0.384871190381797,0.5833770419889718,24.476709263991108,24.476709263991108,0.9969469440945823,4.958559280248459,0.2862919351539096,0.33992138504981995,817.1479028070972,0.21587224150803114,175.72000458753735,1.0,0.0498985769058418,40.617441601355225,0.9926289926289926,0.007975575552756653,6.492118499943916,1.0,-0.0020000000000000013,-1.6280000000000012,1.0,-0.0012038700583617426,-0.9799502275064584,1.0,-0.0005102268047733757,-0.4153246190855278,1.0,-2.4482995833397433e-05,-0.01992915860838551,1.0,-0.0032413487426767315,-2.6384578765388595,1.0,0.0,0.0,0.0,0.0,0.0,0.0,0.7371007371007371,600.0,0.0012285012285012285,0.0,0.0,0.0,0.0,0.0,0.0,0.0,0.0,0.0
200704,49,train,,2,3,3D_with_obstacles,6,,855.8275811420742,1128,1,0,0,0,goal,94.07195241809266,1.2192123456987713,1.2192123456987713,92.8527400723939,93.18145651775241,0.9905338852075426,0.9964722976261282,1.652153484357312,1.8127359813794126,1.6478131457009535,0.0031410663470079077,0.01444625351376061,0.04829484186692572,0.07670728315598296,0.019244643100588366,0.19637337614244377,1.696731807881573,2.5000528287592902,0.9887904764007924,27.762508780284225,16.593321882180504,0,0.5856128041558166,0.49786403590601913,0.401559428767638,0.6019938022083213,25.72535145355809,25.72535145355809,0.9994235552010818,2.475652797459126,0.22504836915338294,0.28501588106155396,855.8275811420741,0.1575063153940364,177.66712376447305,1.0,0.06585304037315962,74.28222954092405,0.999113475177305,0.007995388441608667,9.018798162134576,1.0,-0.001999999999999976,-2.255999999999973,1.0,-0.0011712256083116351,-1.3211424861755245,1.0,-0.0004978640359060192,-0.5615906325019897,1.0,-1.8846398100694932e-05,-0.021258737057583882,1.0,-0.0008693071540093372,-0.9805784697225324,1.0,0.0,0.0,0.0,0.0,0.0,0.0,0.5319148936170213,600.0,0.0008865248226950354,0.0,0.0,0.0,0.0,0.0,0.0,0.0,0.0,0.0
200704,49,train,,3,3,3D_with_obstacles,6,,831.6356538343637,1026,1,0,0,0,goal,66.00665171187771,1.2357721216323114,1.2357721216323114,64.7708795902454,65.44610676914118,0.991507750685744,0.9896826990598903,1.2757525685992432,1.4514509154355486,1.264134545231209,0.003239808139145278,0.01851495771372491,0.06683198795279285,0.11923358689661345,0.02219303601952649,0.1461017432475371,2.1886073033519895,3.1315791661425503,0.9849411573986456,24.31227680232162,2.7963402463781772,0,0.5850425735969264,0.49397904840733703,0.38515709389226244,0.5807662805938116,24.95607641338786,24.95607641338786,0.9989333494759272,2.269682100093838,0.22195898042900986,0.24197295308113098,831.6356538343639,0.1721540468135909,176.63005203074425,1.0,0.050506709697893566,51.819884150038796,0.9951267056530214,0.007991466795807426,8.19924493249842,1.0,-0.0019999999999999957,-2.0519999999999956,1.0,-0.0011700851471938526,-1.2005073610208927,1.0,-0.0004939790484073372,-0.506822503665928,1.0,-1.9438848883589282e-05,-0.019944258954562602,1.0,-0.0012029757848695697,-1.2342531552761786,1.0,0.0,0.0,0.0,0.0,0.0,0.0,0.5847953216374269,600.0,0.0009746588693957114,0.0,0.0,0.0,0.0,0.0,0.0,0.0,0.0,0.0
204800,50,train,,0,3,3D_with_obstacles,6,,817.6616435117472,788,1,0,0,0,goal,56.82783491594253,1.2484731238585878,1.2484731238585878,55.57936179208395,56.654918383960464,0.9969571859945423,0.9810156536703966,1.4379420909634646,1.6253803227324841,1.4313638369155215,0.005964828757046889,0.022057833752440192,0.43261995441523565,0.6560340574693124,0.04732118556589789,1.0780198311101197,1.744548726789714,2.480362369845532,0.9928722423284511,21.887869656317392,9.626049445106855,0,0.5970932527546898,0.4830356739812441,0.44873519689979285,0.6487990355090744,24.77375481077776,24.77375481077776,0.9858469709519907,12.03341146448943,0.11445921183880513,0.1431664526462555,817.6616435117475,0.22340800633244948,176.0455089899702,1.0,0.05642574801226798,44.46348943366717,1.0,0.00788677576761592,6.214779304881345,1.0,-0.0020000000000000013,-1.5760000000000012,1.0,-0.0011941865055093799,-0.9410189663413913,1.0,-0.0004830356739812445,-0.38063211109722067,1.0,-3.578897247477019e-05,-0.02820171031011891,1.0,-0.007787159173886489,-6.136281429022553,1.0,0.0,0.0,0.0,0.0,0.0,0.0,0.7614213197969543,600.0,0.0012690355329949238,0.0,0.0,0.0,0.0,0.0,0.0,0.0,0.0,0.0
204800,50,train,,1,3,3D_with_obstacles,6,,844.3763539077727,1445,1,0,0,0,goal,91.38212695864902,1.2295108803035335,1.2295108803035335,90.15261607834566,91.90248342681159,1.005694291493106,0.9809595205350502,1.2720066910285333,1.4449586876709732,1.2534673192811037,0.006790150041215584,0.026011318560487773,0.4378484797754673,0.49304055044558526,0.03774735003697232,0.1685578710548703,4.383537620433248,6.397585960551352,0.9894865139215683,28.296760820950336,21.020562453814012,0,0.6129368252104799,0.5000133939439054,0.42075314935309666,0.6242010069244048,25.452339567499898,25.452339567499898,0.9947714867129459,20.8153468168259,0.28666190349313214,0.31575924158096313,844.3763539077726,0.1228914672649305,177.57817019782456,1.0,0.04991684543673566,72.12984165608303,0.9951557093425606,0.007958171893703559,11.499558386401644,1.0,-0.0019999999999999333,-2.8899999999999033,1.0,-0.0012258736504209596,-1.7713874248582868,1.0,-0.0005000133939439045,-0.722519354248942,1.0,-4.074090025921571e-05,-0.058870600874566706,1.0,-0.007881272631525915,-11.388438952554948,1.0,0.0,0.0,0.0,0.0,0.0,0.0,0.41522491349480967,600.0,0.0006920415224913495,0.0,0.0,0.0,0.0,0.0,0.0,0.0,0.0,0.0
204800,50,train,,2,3,3D_with_obstacles,6,,841.9849736989438,1169,1,0,0,0,goal,85.9712063744686,1.249860139515914,1.249860139515914,84.72134623495273,87.52481629834463,1.0180712821116982,0.9679694264785909,1.49743056113507,1.7188452606804294,1.4730984775625997,0.005544556557687029,0.026143366404536295,0.3835364905345212,0.5120118248568066,0.07686928206309157,0.7780663178860134,3.828356946917831,5.839252545847967,1.0,48.47478139368615,43.45316956942726,0,0.5909828011430895,0.49324450597047115,0.4587038031964857,0.650572344743614,25.098159655578517,25.098159655578517,0.9869352686992927,15.773618993723915,0.2574664914169507,0.3181345462799072,841.9849736989437,0.15173921087322242,177.383137510797,1.0,0.05797912962518071,67.77760253183625,0.9974337040205303,0.00789548214959432,9.22981863287576,1.0,-0.0019999999999999693,-2.337999999999964,1.0,-0.0011819656022861798,-1.3817177890725443,1.0,-0.0004932445059704714,-0.576602827479481,1.0,-3.326733936398179e-05,-0.038889519716494715,1.0,-0.006903656835155528,-8.070374840296813,1.0,0.0,0.0,0.0,0.0,0.0,0.0,0.5132591958939264,600.0,0.000855431993156544,0.0,0.0,0.0,0.0,0.0,0.0,0.0,0.0,0.0
208896,51,train,,0,3,3D_with_obstacles,6,,837.1290401637818,1351,1,0,0,0,goal,79.10588342735785,1.2444486056841286,1.2444486056841286,77.86143482167373,78.30299686601745,0.989850482333875,0.9943608538368043,1.1591857419099552,1.3511973127547312,1.1516010808222297,0.0055836933451369536,0.018076557051538433,0.32871675531370886,0.39433505583951867,0.045132441722593876,0.16761528839951412,1.5382375056425694,2.3834222048832987,0.9846334673549498,57.86473952048986,27.63677083257296,0,0.6227980499758319,0.5060480406303111,0.4016463367597956,0.6058279891297784,25.16594183055595,25.16594183055595,0.9965101606684078,14.632257220100366,0.3107404761363805,0.3521955609321594,837.1290401637813,0.13113866968258403,177.16834274117102,1.0,0.0461124221449022,62.29788231776288,0.9940784603997039,0.007972081285347257,10.770281816504145,1.0,-0.0019999999999999437,-2.701999999999924,1.0,-0.001245596099951662,-1.6828003310346955,1.0,-0.0005060480406303104,-0.6836709028915493,1.0,-3.350216005674828e-05,-0.04526141823666693,1.0,-0.005916901598441149,-7.993734059493992,1.0,0.0,0.0,0.0,0.0,0.0,0.0,0.44411547002220575,600.0,0.0007401924500370096,0.0,0.0,0.0,0.0,0.0,0.0,0.0,0.0,0.0
208896,51,train,,1,3,3D_with_obstacles,6,,833.3860875518717,1001,1,0,0,0,goal,74.81382849481686,1.244298435475732,1.244298435475732,73.56953005934109,74.81718778068986,1.0000449019377913,0.9833239158225786,1.4948489067070903,1.6585541404465927,1.4907961120169617,0.0048115868784259054,0.015323858629342713,0.3693746230421878,0.6413709812783885,0.05168783929940888,2.5469068335155196,1.5355288572958463,2.0244839259895517,0.9973439766221314,37.32816082928923,27.779423161272504,0,0.5970442897708087,0.4843295192612069,0.4424298974228548,0.644195410115021,25.299647687181835,25.299647687181835,0.9853370155368651,13.535185866185776,0.10195395858822526,0.14617018401622772,833.3860875518715,0.17682942299194546,177.0062524149374,1.0,0.058796846336235706,58.85564318257194,0.999000999000999,0.007882696124294928,7.890578820419224,1.0,-0.002000000000000001,-2.002000000000001,1.0,-0.0011940885795416179,-1.1952826681211595,1.0,-0.00048432951926120703,-0.48481384878046824,1.0,-2.8869521276412576e-05,-0.028898390797688987,1.0,-0.00664874321514263,-6.6553919583577725,1.0,0.0,0.0,0.0,0.0,0.0,0.0,0.5994005994005994,600.0,0.000999000999000999,0.0,0.0,0.0,0.0,0.0,0.0,0.0,0.0,0.0
212992,52,train,,0,3,3D_with_obstacles,6,,829.6044104967759,1012,1,0,0,0,goal,70.86541273974865,1.2433098750735159,1.2433098750735159,69.62210286467514,69.91980695578482,0.9866563144500895,0.9957422066211088,1.3818143667151126,1.537004781478822,1.379763959471141,0.00578560891639683,0.019712291402049775,0.3960219820464632,0.4808484278699954,0.025015691311836112,0.10551054295664919,1.2895203816388152,1.8699534010515981,0.9842074103030555,22.491396411251852,13.983749895184571,0,0.6029295361630265,0.5016955935758384,0.4111597940414084,0.6169096773983579,25.357719592822058,25.357719592822058,0.9962795402352409,14.418145584086867,0.09247900915917436,0.10363001376390457,829.6044104967757,0.17474502018862934,176.8419604308929,1.0,0.05503723603991526,55.697682872394246,0.9990118577075099,0.007970236321881924,8.065879157744508,1.0,-0.0019999999999999987,-2.0239999999999987,1.0,-0.0012058590723260508,-1.2203293811939635,1.0,-0.0005016955935758386,-0.5077159406987486,1.0,-3.471365354262485e-05,-0.035130217385136345,1.0,-0.007128395676855813,-7.213936424978082,1.0,0.0,0.0,0.0,0.0,0.0,0.0,0.5928853754940712,600.0,0.0009881422924901185,0.0,0.0,0.0,0.0,0.0,0.0,0.0,0.0,0.0
212992,52,train,,1,3,3D_with_obstacles,6,,-7.446276311079885,868,0,1,0,0,collision,93.34781023155816,34.27196273290063,34.27196273290063,59.075847498657524,59.17946068745694,0.6339673157908754,0.9982491697694471,1.3635820434897938,1.4677721205636296,1.3621352652435552,0.0035340475801429318,0.01593561482554673,0.10917213822881734,0.13663555038147202,0.029572067865787005,0.08988580424407955,0.791900962245315,1.4959934923941616,0.6329088466046325,23.803209946848423,-0.002526456582547798,1,0.5976911933657022,0.4864754349066799,0.42833791916958197,0.6377469855382146,26.553022169601658,26.553022169601658,0.9991138712870606,7.202283714213981,0.1566226150634514,0.19785164296627045,-7.44627631107997,0.13123769861389073,113.91432239685716,1.0,0.05444818976907672,47.261028719558595,0.9965437788018433,0.00799291097029649,6.937846722217353,1.0,-0.0020000000000000013,-1.7360000000000013,1.0,-0.0011953823867314045,-1.0375919116828591,1.0,-0.0004864754349066795,-0.4222606774989978,1.0,-2.1204285471714493e-05,-0.01840531978944818,1.0,-0.0019650984907502414,-1.7057054899712096,1.0,-0.012257500864943052,-10.639510750770569,0.03110599078341014,0.0,0.0,0.0,0.0,0.0,0.0,-0.18433179723502305,-160.0,0.001152073732718894,0.0,0.0,0.0,0.0,0.0,0.0
212992,52,train,,2,3,3D_with_obstacles,6,,817.2819333403793,800,1,0,0,0,goal,56.67094335796457,1.2453292249432584,1.2453292249432584,55.42561413302126,56.38497332192669,0.9949538507903153,0.9829855521358861,1.4096243330481681,1.6022471248506882,1.3929620196741368,0.006690283582013964,0.025688022924930554,0.45145762470109974,0.5451734484480628,0.03391462831829355,0.14451221243226042,2.476432660072278,3.6832733477734703,0.9841489665323987,25.92640639196942,20.644341550968363,0,0.5937595647148555,0.4737888620403828,0.41944664059206843,0.6248165442235768,24.922221983201265,24.922221983201265,0.9934333569852501,13.02889321879024,0.20680914914235474,0.26650533080101013,817.2819333403793,0.22005568358298966,176.04454686639173,1.0,0.05542695317901216,44.341562543209726,0.995,0.007947466855881992,6.357973484705593,1.0,-0.0020000000000000013,-1.6000000000000012,1.0,-0.0011875191294297102,-0.9500153035437682,1.0,-0.00047378886204038276,-0.3790310896323062,1.0,-4.014170154666653e-05,-0.03211336123733322,1.0,-0.008126237249393016,-6.500989799514413,1.0,0.0,0.0,0.0,0.0,0.0,0.0,0.75,600.0,0.00125,0.0,0.0,0.0,0.0,0.0,0.0,0.0,0.0,0.0
212992,52,train,,3,3,3D_with_obstacles,6,,829.793607261864,1321,1,0,0,0,goal,74.31768328467653,1.2373935309209163,1.2373935309209163,73.08028975375564,73.55668747824674,0.9897602323862174,0.9935233934422073,1.113651589375423,1.3217020402881452,1.1032010629940374,0.006703502135107118,0.02776868940839039,0.47517768910428576,0.5640790606185679,0.03910968851056787,0.19083257874666604,1.3393110948913864,2.3461268989447928,0.9852611411051858,33.98223722466646,17.259262888914247,0,0.5972169356210543,0.46899251698940725,0.4025444269552545,0.6029803108460609,24.89961038090163,24.89961038090163,0.9949767430445334,19.48176978195873,0.352274580018977,0.4035453498363495,829.7936072618643,0.13399166544997,177.00299005941034,1.0,0.04425964896234163,58.46699627925329,0.9954579863739591,0.00795981394435627,10.514914220494633,1.0,-0.0019999999999999476,-2.6419999999999306,1.0,-0.0011944338712421123,-1.5778471439108304,1.0,-0.00046899251698940647,-0.619539114943006,1.0,-4.022101284202636e-05,-0.05313195796431682,1.0,-0.008553198395515466,-11.29877508047593,1.0,0.0,0.0,0.0,0.0,0.0,0.0,0.45420136260408783,600.0,0.000757002271006813,0.0,0.0,0.0,0.0,0.0,0.0,0.0,0.0,0.0
217088,53,train,,0,3,3D_with_obstacles,6,,822.3037870702846,899,1,0,0,0,goal,62.34343866373001,1.235766384771619,1.235766384771619,61.10767227895843,62.15365682547264,0.9969558650866047,0.9831709894487565,1.382728739165128,1.5517720261965087,1.3732880464653643,0.005641071730968407,0.022330478495163675,0.4153623629223586,0.6365400356575011,0.025354937341383676,0.24779281283283172,2.175249787395666,3.2977229961556866,0.9895269752437613,18.290483865465117,7.6012165903175095,0,0.6159067673523713,0.5218797134094612,0.4403540170166198,0.6502674493826801,25.03513585165483,25.03513585165483,0.9888224599106709,12.971662478962124,0.145786419407246,0.19038990139961243,822.3037870702848,0.19625367650334716,176.4320551765091,1.0,0.05437876827851226,48.886512682382524,0.996662958843159,0.007910579679285374,7.1116111316775505,1.0,-0.0020000000000000013,-1.7980000000000014,1.0,-0.0012318135347047414,-1.1074003676995625,1.0,-0.0005218797134094608,-0.4691698623551052,1.0,-3.3846430428718906e-05,-0.030427940955418297,1.0,-0.007476522524220601,-6.721393749274321,1.0,0.0,0.0,0.0,0.0,0.0,0.0,0.6674082313681868,600.0,0.0011123470522803114,0.0,0.0,0.0,0.0,0.0,0.0,0.0,0.0,0.0
217088,53,train,,1,3,3D_with_obstacles,6,,823.3760628996627,871,1,0,0,0,goal,62.81166139508406,1.237426868120871,1.237426868120871,61.57423452696326,62.37608439073741,0.9930653481428093,0.9871449150486705,1.4322866679847834,1.614213512835989,1.4200214484018863,0.005921450874139333,0.02023723824244561,0.3829930382714899,0.46952489473048376,0.029784658398842995,0.2464456017830443,2.049168606710008,2.9193809508086006,0.9873954542551824,18.334001027338548,11.129261613800008,0,0.6007541448923617,0.5086885127984736,0.4171994694954492,0.6250361331260574,25.110319985490026,25.110319985490026,0.9944337811794495,12.487588842038868,0.1795466543270444,0.1844913512468338,823.3760628996627,0.2025877078891369,176.45389357143824,1.0,0.05655573653023804,49.26004651783734,0.9954075774971297,0.007955470249435596,6.929214587258405,1.0,-0.0020000000000000013,-1.7420000000000013,1.0,-0.0012015082897847233,-1.0465137204024941,1.0,-0.0005086885127984733,-0.4430676946474702,1.0,-3.552870526663071e-05,-0.03094550228723535,1.0,-0.006893874695217161,-6.004564859534147,1.0,0.0,0.0,0.0,0.0,0.0,0.0,0.6888633754305397,600.0,0.001148105625717566,0.0,0.0,0.0,0.0,0.0,0.0,0.0,0.0,0.0
217088,53,train,,2,3,3D_with_obstacles,6,,857.6098529077567,1269,1,0,0,0,goal,99.29831979796364,1.2380471809266929,1.2380471809266929,98.06027261703689,99.21629166405994,0.9991739222368454,0.988348495719461,1.5636925400167054,1.7463119906654363,1.5476083545008608,0.0035540776539088187,0.023184384430898763,0.1739409834713619,0.2793773772466164,0.03069031469990662,0.1439318514689809,3.0500779793209793,4.514763114531661,0.9934214901173831,26.686601213289723,11.17495283501037,0,0.615570628848969,0.49463974097808766,0.408041229285153,0.6180529368849041,25.842149711291896,25.842149711291896,0.9981882311162298,8.498044384053589,0.22600898200644576,0.29454872012138367,857.6098529077566,0.1400754670928937,177.7557677408821,1.0,0.06181931837995198,78.44871502415906,0.9976359338061466,0.007985505848929837,10.133606922291962,1.0,-0.0019999999999999545,-2.537999999999942,1.0,-0.0012311412576979366,-1.5623182560186817,1.0,-0.0004946397409780883,-0.627697831301194,1.0,-2.1324465972755577e-05,-0.02706074731942683,1.0,-0.0031309377028662937,-3.973159944937327,1.0,0.0,0.0,0.0,0.0,0.0,0.0,0.4728132387706856,600.0,0.0007880220646178094,0.0,0.0,0.0,0.0,0.0,0.0,0.0,0.0,0.0
217088,53,train,,3,3,3D_with_obstacles,6,,847.9213809048613,1051,1,0,0,0,goal,84.84115509258712,1.2169513230529674,1.2169513230529674,83.62420376953406,83.70534371523607,0.9866124951256081,0.9990306479598489,1.5928704798332285,1.7495553974301616,1.5924065301806312,0.002965447434896235,0.012428732942304954,0.046661203566701816,0.08035201896841082,0.025001882334316147,0.13146890022811153,0.48779896036820164,0.7770092122484282,0.9861604087956081,59.103540992196336,50.889061006707124,0,0.6142748096447392,0.47851935343024454,0.4024301093748702,0.6081551294472533,25.87952762714836,25.87952762714836,0.9992248439778947,1.9588003610033125,0.13088720010418078,0.16952407360076904,847.9213809048613,0.1688088502876417,177.41810165231144,1.0,0.06365305710335618,66.89936301562734,1.0,0.007993798751823164,8.401482488166145,1.0,-0.0019999999999999905,-2.10199999999999,1.0,-0.001228549619289477,-1.2912056498732403,1.0,-0.0004785193534302442,-0.5029238404551867,1.0,-1.7792684597391304e-05,-0.01870011151185826,1.0,-0.0008399016645131862,-0.8827366494033587,1.0,0.0,0.0,0.0,0.0,0.0,0.0,0.570884871550904,600.0,0.0009514747859181732,0.0,0.0,0.0,0.0,0.0,0.0,0.0,0.0,0.0
221184,54,train,,0,3,3D_with_obstacles,6,,843.6143307052305,1174,1,0,0,0,goal,88.05167122077964,1.2441998765992657,1.2441998765992657,86.80747134418033,88.4294442306726,1.0042903559314138,0.9816579997691579,1.506464126587266,1.6601458745562025,1.49576384207649,0.006457109551438801,0.02272222322469908,0.38840598517689706,0.6702618940227083,0.05354976723897899,1.5163348318426944,2.542091990887865,3.5716668790971937,0.9997670178346197,24.26009328239852,12.411827894545803,0,0.6114890026261799,0.44620083009481454,0.4464966265240357,0.6624527392715368,25.490838578499996,25.490838578499996,0.9872368726404258,15.847882703955806,0.15977348869561742,0.18906061351299286,843.6143307052307,0.15115548480272198,177.4565391583956,1.0,0.05915379722548946,69.44655794272462,0.9974446337308348,0.007897894981123388,9.272128707838858,1.0,-0.0019999999999999684,-2.347999999999963,1.0,-0.0012229780052523595,-1.4357761781662701,1.0,-0.00044620083009481434,-0.523839774531312,1.0,-3.874265731375915e-05,-0.04548387968635324,1.0,-0.00699130772686924,-8.207795271344487,1.0,0.0,0.0,0.0,0.0,0.0,0.0,0.5110732538330494,600.0,0.0008517887563884157,0.0,0.0,0.0,0.0,0.0,0.0,0.0,0.0,0.0
221184,54,train,,1,3,3D_with_obstacles,6,,828.7446555125458,1128,1,0,0,0,goal,84.84590154721889,1.243019926634546,1.243019926634546,83.60288162058437,88.94239093110788,1.0482815234346847,0.939966654205874,1.57699274700546,1.9317207117324176,1.547106812268021,0.005151290690554115,0.02053917534256744,0.3973487599891739,0.7141487966064015,0.1903484169815025,1.6234368075891155,2.7155673187916847,4.070764711971551,1.0,36.240189263510786,25.753637532507778,0,0.623704131743012,0.47923972142108134,0.5093389699195928,0.7059118728292115,23.740489895132093,23.740489895132093,0.9418408735076251,12.14820043802788,0.3837059006517661,0.40278226137161255,828.7446555125464,0.15723665046522434,177.36294172477307,1.0,0.05956456900017761,67.18883383220034,0.9317375886524822,0.007534726988061,8.499172042532807,1.0,-0.001999999999999976,-2.255999999999973,1.0,-0.0012474082634860242,-1.4070765212122354,1.0,-0.0004792397214210811,-0.5405824057629794,1.0,-3.090774418568602e-05,-0.03486393544145384,1.0,-0.007152277681332552,-8.067769224543119,1.0,0.0,0.0,0.0,-0.010638297872340425,-12.0,0.010638297872340425,0.5319148936170213,600.0,0.0008865248226950354,0.0,0.0,0.0,0.0,0.0,0.0,0.0,0.0,0.0
221184,54,train,,2,3,3D_with_obstacles,6,,817.8167004669875,890,1,0,0,0,goal,56.06358354139533,1.2442463416867497,1.2442463416867497,54.81933719970859,54.920696132031345,0.9796144424389119,0.9981544492429759,1.2341729467872222,1.408662590702313,1.2335043412448419,0.006878554103139684,0.021851144994684102,0.36249944548468943,0.40502374480169534,0.025479721736457513,0.11237474039563855,0.39734933510673504,0.5222927452640148,0.9780806045299372,42.543310151039165,25.46098775953245,0,0.6072470213401686,0.4889275360713828,0.3957587939885895,0.6005041811573372,24.886242191064632,24.886242191064632,0.9965804696295256,10.800147048011745,0.1837395405668891,0.19016246497631073,817.8167004669879,0.1977586208621956,176.00517256735407,1.0,0.04927628399280672,43.855892753597985,0.996629213483146,0.00797264375703621,7.095652943762227,1.0,-0.0020000000000000013,-1.7800000000000014,1.0,-0.0012144940426803384,-1.0808996979855012,1.0,-0.0004889275360713821,-0.43514550710353006,1.0,-4.127132460265927e-05,-0.03673147889636675,1.0,-0.006524990015439272,-5.807241113740952,1.0,0.0,0.0,0.0,0.0,0.0,0.0,0.6741573033707865,600.0,0.0011235955056179776,0.0,0.0,0.0,0.0,0.0,0.0,0.0,0.0,0.0
221184,54,train,,3,3,3D_with_obstacles,6,,-79.2010300267849,350,0,1,0,0,collision,75.95049779677548,47.091568072664934,47.091568072664934,28.858929724110546,29.35789395477542,0.38653984906497646,0.9830040863478318,1.6775939402728826,1.8061678588736911,1.6599777951052515,0.004609467782664404,0.013356496645008153,0.12345419739072662,0.1511085725515553,0.04606022820933899,0.13804956495509169,2.12602703810302,4.009628282105745,0.3822218640825986,13.550331367494039,-0.0371033610508098,1,0.59608005735491,0.4738207772759987,0.4346308634110859,0.6408665066105979,26.159904137547368,26.159904137547368,0.9981463329792533,7.431722121713064,0.335001215168408,0.3528625965118408,-79.20103002678484,0.19541327202881803,68.39464521008631,1.0,0.06598614866380781,23.09515203233273,0.98,0.007985170663834027,2.7948097323419097,1.0,-0.0020000000000000013,-0.7000000000000005,1.0,-0.0011921601147098203,-0.4172560401484371,1.0,-0.00047382077727599835,-0.16583727204659943,1.0,-2.7656806665249206e-05,-0.009679882332837222,1.0,-0.0022221755553861813,-0.7777614443851635,1.0,-0.03261457817895072,-11.415102362632751,0.07714285714285714,0.0,0.0,0.0,0.0,0.0,0.0,-0.45714285714285713,-160.0,0.002857142857142857,0.0,0.0,0.0,0.0,0.0,0.0
225280,55,train,,0,3,3D_with_obstacles,6,,817.0456606418688,748,1,0,0,0,goal,50.68133827078059,1.232273777563015,1.232273777563015,49.44906449321764,50.00218763165472,0.9865995914413842,0.9889380212219558,1.3369568885469139,1.5291781557079598,1.323601018421985,0.002582740601846507,0.006360698495266437,0.10053630102081353,0.1249364842173093,0.03364279143584984,0.1277890466334317,1.4874032445215697,2.0834230212116585,0.9824736105978431,33.467363505429546,26.261091668851503,0,0.5979856828795397,0.48168465944615885,0.3783740706761731,0.5737992669729626,24.637460794822235,24.637460794822235,0.9987801637877719,2.3605673206169557,0.1888460983487374,0.2249036580324173,817.0456606418691,0.23479071201299215,175.62345258571813,1.0,0.05288984807506421,39.561606360148026,0.9933155080213903,0.007990241310302175,5.976700500106027,1.0,-0.0020000000000000013,-1.496000000000001,1.0,-0.001195971365759079,-0.894586581587791,1.0,-0.0004816846594461584,-0.36030012526572647,1.0,-1.5496443603006347e-05,-0.011591339815048748,1.0,-0.0018096534190301051,-1.3536207574345187,1.0,0.0,0.0,0.0,0.0,0.0,0.0,0.8021390374331551,600.0,0.001336898395721925,0.0,0.0,0.0,0.0,0.0,0.0,0.0,0.0,0.0
225280,55,train,,1,3,3D_with_obstacles,6,,843.2975121677327,1244,1,0,0,0,goal,88.47897214450006,1.2403420608108842,1.2403420608108842,87.23863008368922,88.05384259621552,0.9951951346406891,0.9907418860041733,1.4156566333796734,1.5525569169620268,1.4106115479665189,0.005488639955731506,0.023649139547202935,0.40974208638797915,0.6480350352267341,0.028910249446728303,0.08876230736772728,1.8226134042205298,2.749102456497217,0.9921978770373661,22.736612942879592,12.017590249456955,0,0.6048822423152721,0.5102062649335009,0.43414357693871886,0.6433599318805903,25.47722558891114,25.47722558891114,0.9921081765383903,17.719578339348676,0.10286768097610144,0.14224408566951752,843.2975121677329,0.14266613411133197,177.47667083449699,1.0,0.05610203888831086,69.79093637705871,0.9991961414790996,0.007936865412307158,9.873460572910105,1.0,-0.001999999999999958,-2.4879999999999476,1.0,-0.0012097644846305437,-1.5049470188803964,1.0,-0.0005102062649335011,-0.6346965935772754,1.0,-3.293183971886296e-05,-0.040967208610265524,1.0,-0.007375357552785452,-9.174944795665102,1.0,0.0,0.0,0.0,0.0,0.0,0.0,0.48231511254019294,600.0,0.0008038585209003215,0.0,0.0,0.0,0.0,0.0,0.0,0.0,0.0,0.0
225280,55,train,,2,3,3D_with_obstacles,6,,850.7102983096282,1418,1,0,0,0,goal,96.30564679879555,1.2451144065323307,1.2451144065323307,95.06053239226344,95.35891112803218,0.9901694687462997,0.9968709926294319,1.3449775899581404,1.494357740339764,1.3436756316479794,0.004361260133281351,0.020059522046352196,0.3550319662046405,0.4536736522575251,0.023489594342780896,0.09926998008916899,1.2090163131048728,1.8449058925236448,0.988765292812395,24.49251283894363,14.005715361756987,0,0.6022991905033547,0.4752768007148457,0.41484364372781873,0.6222520701860423,25.646608857524782,25.646608857524782,0.9966432311244481,17.21653015444513,0.12458112675102877,0.1644608974456787,850.7102983096277,0.12529818040372792,177.67281981248618,1.0,0.05363086192427231,76.04856220861814,0.998589562764457,0.007973145848995583,11.305920813875737,1.0,-0.001999999999999936,-2.8359999999999093,1.0,-0.0012045983810067102,-1.7081205042675152,1.0,-0.00047527680071484486,-0.67394250341365,1.0,-2.6167560780374135e-05,-0.037105601186570525,1.0,-0.006390575399495562,-9.061835916484707,1.0,0.0,0.0,0.0,0.0,0.0,0.0,0.4231311706629055,600.0,0.0007052186177715092,0.0,0.0,0.0,0.0,0.0,0.0,0.0,0.0,0.0
229376,56,train,,0,3,3D_with_obstacles,6,,854.121947363001,1521,1,0,0,0,goal,99.63672706827413,1.2412493037784074,1.2412493037784074,98.39547776449572,98.72094542911731,0.9908087944465569,0.9967031549059133,1.2981057913098932,1.495609010757133,1.296021674417903,0.004242339062996531,0.022702060378896327,0.32069672260001375,0.3766986535204473,0.0260424643200121,0.12141834535230966,1.7284907170185468,2.596553068558376,0.9883070774859306,34.58034770577372,22.327479552399815,0,0.6114254261806049,0.512286346590662,0.4076394989283206,0.615234005924395,25.76083550385765,25.76083550385765,0.9981668450740485,16.835582806944487,0.18466362593246086,0.25562095642089844,854.1219473630013,0.11686890548324355,177.75760524001345,1.0,0.05175446554347386,78.71854209162375,0.9967126890203813,0.007985334760592397,12.145694170861034,1.0,-0.0019999999999999254,-3.0419999999998866,1.0,-0.0012228508523612087,-1.8599561464413983,1.0,-0.0005122863465906616,-0.7791875331643963,1.0,-2.5454034344272046e-05,-0.03871558623763778,1.0,-0.0057725410083193105,-8.78003487365367,1.0,0.0,0.0,0.0,0.0,0.0,0.0,0.39447731755424065,600.0,0.0006574621959237344,0.0,0.0,0.0,0.0,0.0,0.0,0.0,0.0,0.0
229376,56,train,,1,3,3D_with_obstacles,6,,852.5593712910453,1287,1,0,0,0,goal,94.9442362710232,1.2256042757508288,1.2256042757508288,93.71863199527255,94.06329434239372,0.9907214807003683,0.996335846521952,1.461745055825855,1.5838238955966286,1.458768063493804,0.004170216660658261,0.01433153470067472,0.24008775897349044,0.321303090175018,0.03315905992961321,0.24596081955460836,1.376345132119846,2.293466927280125,0.9890538490121755,25.32559164079363,15.607394704641996,0,0.6144574497064632,0.4774283056292848,0.4106143816390886,0.6211960888362802,25.832686125603267,25.832686125603267,0.997682009294868,11.38743284871787,0.08663039311199291,0.11952421069145203,852.5593712910447,0.13805473078896233,177.6764385253945,1.0,0.05825558502937602,74.97493793280694,0.9992229992229992,0.00798145607435894,10.272133967699956,1.0,-0.001999999999999952,-2.573999999999938,1.0,-0.0012289148994129265,-1.5816134755444364,1.0,-0.00047742830562928524,-0.6144502293448901,1.0,-2.5021299941312442e-05,-0.03220241302446911,1.0,-0.004321579655744314,-5.561873016942932,1.0,0.0,0.0,0.0,0.0,0.0,0.0,0.4662004662004662,600.0,0.000777000777000777,0.0,0.0,0.0,0.0,0.0,0.0,0.0,0.0,0.0
229376,56,train,,2,3,3D_with_obstacles,6,,853.0972155819363,1128,1,0,0,0,goal,91.68210693281688,1.2484498365691385,1.2484498365691385,90.43365709624771,90.60881112485077,0.9882932903281488,0.998066920573964,1.606539204341329,1.7359789105606638,1.6051049624176041,0.002787774511943543,0.007534752629402064,0.08095893007008331,0.157277514137391,0.02137825887267474,0.14347838202396845,0.894258853234549,1.2317493472886354,0.9877891291833465,26.164104118803415,12.667343833004452,0,0.6050236627155278,0.4720322389315801,0.40445008394407467,0.6090702465900504,25.932726119337726,25.932726119337726,0.9992710622141022,2.943815868153996,0.14719776226643552,0.19551663100719452,853.0972155819362,0.157401517165169,177.54891136231063,1.0,0.06413734545833183,72.34692567699831,1.0,0.007994168497712825,9.017422065420067,1.0,-0.001999999999999976,-2.255999999999973,1.0,-0.0012100473254310546,-1.3649333830862296,1.0,-0.0004720322389315802,-0.5324523655148224,1.0,-1.6726647067670504e-05,-0.01886765789233233,1.0,-0.001457260741400263,-1.6437901162994966,1.0,0.0,0.0,0.0,0.0,0.0,0.0,0.5319148936170213,600.0,0.0008865248226950354,0.0,0.0,0.0,0.0,0.0,0.0,0.0,0.0,0.0
233472,57,train,,0,3,3D_with_obstacles,6,,837.8216354797819,1315,1,0,0,0,goal,84.08132870378495,1.2457248625164024,1.2457248625164024,82.83560384126852,85.80850196969239,1.0205416980503745,0.9653542707286293,1.3050722733033107,1.5352235733326751,1.2635652437821525,0.00678245143372067,0.029987236158264263,0.48332054773854044,0.5388413739194933,0.024278975749869557,0.18921123331442313,5.372595089066918,8.177683844930728,0.9935472753394543,28.760755981934857,21.242018535011454,0,0.5822217336852288,0.4833065829180914,0.40944098163353626,0.6121488350425837,25.150465154090732,25.150465154090732,0.9954984614445749,21.16048316323867,0.35559938590789475,0.394518107175827,837.8216354797819,0.13485412289013213,177.33317160052374,1.0,0.0504230587795099,66.30632229505552,0.9916349809885932,0.0079639876915566,10.47264381439693,1.0,-0.0019999999999999484,-2.629999999999932,1.0,-0.001164443467370457,-1.531243159592151,1.0,-0.0004833065829180908,-0.6355481565372894,1.0,-4.069470862207507e-05,-0.053513541838028714,1.0,-0.008699769864811397,-11.440197372226988,1.0,0.0,0.0,0.0,0.0,0.0,0.0,0.45627376425855515,600.0,0.0007604562737642585,0.0,0.0,0.0,0.0,0.0,0.0,0.0,0.0,0.0
233472,57,train,,1,3,3D_with_obstacles,6,,824.8439202672304,1197,1,0,0,0,goal,70.25791979896987,1.2419431461211834,1.2419431461211834,69.01597665284875,69.38675823438561,0.9876005215201799,0.9946563063187871,1.159344331401595,1.3377380151607043,1.1520716211002,0.006615741688758299,0.026077003403778942,0.5693073473497959,0.6340474966183902,0.03465998448662129,0.12829510297195545,1.2340809371980948,1.7260370137068426,0.983032991142443,42.22257983174879,29.357475909353877,0,0.5812128266014638,0.5036724626538698,0.4153712016959039,0.6174632891290568,24.83010612908355,24.83010612908355,0.9931745851379454,20.913685601249433,0.2941088358013453,0.31600385904312134,824.8439202672305,0.14771775742161955,176.8181556336786,1.0,0.0461297031149637,55.21725462861155,0.9941520467836257,0.007945396681103561,9.510639827280963,1.0,-0.001999999999999965,-2.393999999999958,1.0,-0.0011624256532029263,-1.391423506883903,1.0,-0.0005036724626538689,-0.602895937796681,1.0,-3.969445015050876e-05,-0.04751425683015899,1.0,-0.01024753226468661,-12.266296120829871,1.0,0.0,0.0,0.0,0.0,0.0,0.0,0.5012531328320802,600.0,0.000835421888053467,0.0,0.0,0.0,0.0,0.0,0.0,0.0,0.0,0.0
233472,57,train,,2,3,3D_with_obstacles,6,,850.1174589703904,1278,1,0,0,0,goal,87.95738399613705,1.2368522979881849,1.2368522979881849,86.72053169814875,87.46294380392739,0.9943786391801809,0.9915116954279193,1.3687471643807105,1.5186016986613233,1.3583933560013601,0.0029694804583237705,0.0155708167685229,0.0956345956073898,0.137849327977845,0.02852394176050519,0.12860607552377878,2.425740375119021,3.870953262164847,0.9903218264408334,25.534881194221903,11.202282916161133,0,0.593941101961509,0.5047669307584182,0.3962226354098749,0.5939325892099752,25.446454050089898,25.446454050089898,0.999010093155099,4.509907179711562,0.18307935614401186,0.228282168507576,850.1174589703899,0.13886451414518966,177.4688490775524,1.0,0.05428535563841592,69.37668450589554,0.9976525821596244,0.007992080745240774,10.213879192417709,1.0,-0.001999999999999953,-2.55599999999994,1.0,-0.0011878822039230177,-1.5181134566136167,1.0,-0.0005047669307584188,-0.6450921375092592,1.0,-1.78168827543684e-05,-0.022769976160082816,1.0,-0.0017214227192432602,-2.1999782351928867,1.0,0.0,0.0,0.0,0.0,0.0,0.0,0.4694835680751174,600.0,0.000782472613458529,0.0,0.0,0.0,0.0,0.0,0.0,0.0,0.0,0.0
237568,58,train,,0,3,3D_with_obstacles,6,,856.6023900146904,1302,1,0,0,0,goal,94.00551069850465,1.2253599120055394,1.2253599120055394,92.78015078649898,93.31645196088934,0.9926700176139113,0.9942528764958294,1.4334324417955366,1.607413461620564,1.4288835322901872,0.002783189385004949,0.00759446622020743,0.03683787651705924,0.13676796041149286,0.02593704473411658,0.11644629340838497,1.8396151266208252,2.889553952914308,0.9896510375656982,21.282436032077772,2.4045336855417574,0,0.5940299141174253,0.493111637173458,0.3999767772761816,0.5960063162201102,25.505147996394545,25.505147996394545,0.9986836077766896,1.6402015257292564,0.10938184975021263,0.15745314955711365,856.6023900146905,0.13644677701711488,177.65370367628358,1.0,0.057007955358315925,74.22435787652734,0.9976958525345622,0.00798946886221351,10.40228845860199,1.0,-0.0019999999999999497,-2.603999999999935,1.0,-0.00118805982823485,-1.5468538963617748,1.0,-0.0004931116371734586,-0.6420313515998431,1.0,-1.6699136305406338e-05,-0.021742275469639052,1.0,-0.000663081776721383,-0.8633324732912406,1.0,0.0,0.0,0.0,0.0,0.0,0.0,0.4608294930875576,600.0,0.0007680491551459293,0.0,0.0,0.0,0.0,0.0,0.0,0.0,0.0,0.0
237568,58,train,,1,3,3D_with_obstacles,6,,856.8175625647614,1351,1,0,0,0,goal,93.8164406170654,1.2480069291062648,1.2480069291062648,92.56843368795914,94.4640510438459,1.0069029524305222,0.9799329233190845,1.3984315476513092,1.6407028894590974,1.3734154586921827,0.0026775410566049077,0.00766369730979255,0.02612758645732931,0.07460635723575848,0.03070152714145426,0.1610669532210829,3.3828353303722127,5.310617030261714,0.9985256000848265,46.08803376637593,20.4236817755784,0,0.6039821013331215,0.47758990794118306,0.39346100052999267,0.5909065037888567,25.2892571529406,25.2892571529406,0.9985535704271937,2.1498888896939152,0.25939076788155435,0.3405327796936035,856.8175625647611,0.13146226769895972,177.60552366129457,1.0,0.05481564049793778,74.05593031271394,0.997039230199852,0.007988428563417558,10.792366989177122,1.0,-0.0019999999999999437,-2.701999999999924,1.0,-0.0012079642026662438,-1.6319596378020953,1.0,-0.0004775899079411835,-0.6452239656285389,1.0,-1.60652463221337e-05,-0.02170414778120263,1.0,-0.00047029655604196446,-0.635370647212694,1.0,0.0,0.0,0.0,0.0,0.0,0.0,0.44411547002220575,600.0,0.0007401924500370096,0.0,0.0,0.0,0.0,0.0,0.0,0.0,0.0,0.0
237568,58,train,,2,3,3D_with_obstacles,6,,835.7745221176676,876,1,0,0,0,goal,70.6469352457491,1.247715222477192,1.247715222477192,69.39922002327194,69.78030044999161,0.9877328748551816,0.9945388537414968,1.593157544520353,1.7512261763375392,1.5868870879311352,0.0026557109124508843,0.0046434590687503,0.022400736181569538,0.056099476523159275,0.030310053731151112,0.16757465775847358,1.7951450181310722,2.622077976652562,0.9840767107732042,29.58600015159254,26.09362271168102,0,0.5905078000917426,0.4716725089475906,0.40045632650761026,0.5986949722346377,25.48841887739906,25.48841887739906,0.9987522898583489,0.5661851159717488,0.2015863564630894,0.23397265374660492,835.7745221176674,0.20185042215642407,176.82096980902747,1.0,0.06338039300205514,55.52122426980031,0.9942922374429224,0.007990018318866794,6.999256047327311,1.0,-0.0020000000000000013,-1.7520000000000013,1.0,-0.0011810156001834848,-1.0345696657607326,1.0,-0.0004716725089475908,-0.41318511783808953,1.0,-1.5934265472414796e-05,-0.01395841655383536,1.0,-0.00040321325152395604,-0.3532148083349855,1.0,0.0,0.0,0.0,0.0,0.0,0.0,0.684931506849315,600.0,0.001141552511415525,0.0,0.0,0.0,0.0,0.0,0.0,0.0,0.0,0.0
241664,59,train,,0,3,3D_with_obstacles,6,,827.9998708518342,1078,1,0,0,0,goal,65.04333026386033,1.2329356921247734,1.2329356921247734,63.81039457173547,64.72573193914174,0.995117126945527,0.9858582152726085,1.2008484589822233,1.4322353805509824,1.185462839836991,0.0038259461267544587,0.0153862539226437,0.22071898033445633,0.2993293558402135,0.036557469161855684,0.1579420548185726,2.4705685531475297,4.035431512939538,0.9856052007894333,22.19442750493067,17.96961130128633,0,0.5880543403960298,0.48643208224177775,0.3897347479699273,0.5856913313794888,24.884380696470743,24.884380696470743,0.9979954796683544,7.9834645057477225,0.29432645460836077,0.35927915573120117,827.9998708518343,0.16381075237141932,176.58799105639002,1.0,0.0473663850040158,51.06096303432903,0.9925788497217068,0.007983963837346836,8.606713016659889,1.0,-0.0019999999999999853,-2.155999999999984,1.0,-0.00117610868079206,-1.2678451578938408,1.0,-0.00048643208224177705,-0.5243737846566356,1.0,-2.2955676741922205e-05,-0.024746219527792136,1.0,-0.003972941645145056,-4.2828310934663705,1.0,0.0,0.0,0.0,0.0,0.0,0.0,0.5565862708719852,600.0,0.0009276437847866419,0.0,0.0,0.0,0.0,0.0,0.0,0.0,0.0,0.0
241664,59,train,,1,3,3D_with_obstacles,6,,836.2637081769295,1313,1,0,0,0,goal,79.971548920722,1.2443881569464263,1.2443881569464263,78.72716076377556,79.08098611487873,0.9888640045383376,0.995525784787393,1.2045847085282364,1.3623705466835767,1.19936704050069,0.00629127445752169,0.02395677649962602,0.40161299237406883,0.4650458596754903,0.02521367721303401,0.10980484506062105,1.5722197056509142,2.4336016099370035,0.9847945599898751,23.5851757044767,15.558140667500918,0,0.5934703519403997,0.510248243807505,0.40109717683059426,0.6046423763802782,25.148360665225272,25.148360665225272,0.9974012672203905,17.35625626588346,0.2617383160758182,0.269182026386261,836.26370817693,0.13495744900981416,177.19913054988598,1.0,0.04796920634049504,62.98356792506999,0.9961919268849961,0.007979210137763138,10.476702910883,1.0,-0.0019999999999999484,-2.6259999999999324,1.0,-0.0011869407038807998,-1.5584531441954903,1.0,-0.0005102482438075059,-0.6699559441192552,1.0,-3.774764677547048e-05,-0.04956266021619274,1.0,-0.007229033861674142,-9.491721460378148,1.0,0.0,0.0,0.0,0.0,0.0,0.0,0.456968773800457,600.0,0.0007616146230007616,0.0,0.0,0.0,0.0,0.0,0.0,0.0,0.0,0.0
241664,59,train,,2,3,3D_with_obstacles,6,,828.7500495357124,1023,1,0,0,0,goal,69.19472136751399,1.2354439155002852,1.2354439155002852,67.95927745201378,70.87457684451294,1.024277220050887,0.9588667823880639,1.3856222256991784,1.700046140750173,1.3337652900534978,0.005269975469663979,0.020862254100413757,0.3715863252014789,0.44885291818620754,0.04147517694180301,0.14704137451458488,3.928295745754331,5.565267094928071,0.9993527850996906,27.6327981365673,16.998329563282745,0,0.5872661535767428,0.49741567737028686,0.3855643506404941,0.5841310918695299,24.461472272854436,24.461472272854436,0.9972788554658975,12.172257850492294,0.35354903882200067,0.4151577651500702,828.7500495357122,0.17281150772966278,176.786172407445,1.0,0.05320946965634053,54.43328745843637,0.9882697947214076,0.007978230843727183,8.161730153132908,1.0,-0.001999999999999996,-2.0459999999999963,1.0,-0.0011745323071534848,-1.201546550218015,1.0,-0.0004974156773702867,-0.5088562379498033,1.0,-3.161985281403328e-05,-0.03234710942875605,1.0,-0.006688553847219593,-6.842390585705644,1.0,0.0,0.0,0.0,0.0,0.0,0.0,0.5865102639296188,600.0,0.0009775171065493646,0.0,0.0,0.0,0.0,0.0,0.0,0.0,0.0,0.0
245760,60,train,,0,3,3D_with_obstacles,6,,829.3727590922558,858,1,0,0,0,goal,67.10537921719015,1.2381208287978835,1.2381208287978835,65.86725838839227,66.54877517051763,0.9917055226694862,0.9897591386110545,1.5512535004782633,1.7196266264356725,1.5397062247049078,0.0036039214106133974,0.011741227786497888,0.23602720091693247,0.310608504707897,0.028561227482315873,0.1549485122660892,2.206844909615419,3.33438191899016,0.9858185039887558,47.39065335078139,32.11423321661301,0,0.6104700765279415,0.49111044967258327,0.40255045295109004,0.6064167969050385,25.33248597322278,25.33248597322278,0.9975346993137729,7.716293628799994,0.20931842443826315,0.23367680609226227,829.3727590922556,0.20591949731605103,176.67892869717178,1.0,0.06141660689305635,52.695448714242346,0.9953379953379954,0.007980277594510176,6.847078176089731,1.0,-0.0020000000000000013,-1.7160000000000013,1.0,-0.0012209401530558826,-1.0475666513219473,1.0,-0.0004911104496725826,-0.4213727658190759,1.0,-2.1623528455811384e-05,-0.018552987415086167,1.0,-0.00424848961619126,-3.6452040906921006,1.0,0.0,0.0,0.0,0.0,0.0,0.0,0.6993006993006993,600.0,0.0011655011655011655,0.0,0.0,0.0,0.0,0.0,0.0,0.0,0.0,0.0
245760,60,train,,1,3,3D_with_obstacles,6,,842.9985296812554,1147,1,0,0,0,goal,88.51633191678786,1.2317900994957356,1.2317900994957356,87.28454181729217,87.93835901985457,0.9934704377777807,0.9925650511352522,1.5333628425432362,1.6769990365821705,1.5310684336974705,0.007525702744647989,0.023400913597182882,0.44172513858544654,0.6235387647290889,0.023900147464817206,0.10142504313761647,1.418154684277823,2.017707568766739,0.9914791748042564,23.37932970271681,6.729215959846302,0,0.6242454773490662,0.4749992404842738,0.4293299441298091,0.6471743543925448,25.74304079258242,25.74304079258242,0.9937077291968444,18.97257509380431,0.09584940861465625,0.12375351786613464,842.9985296812551,0.15474727677189842,177.4951264573675,1.0,0.06087849472871295,69.82763345383376,1.0,0.007949661833574762,9.11826212311025,1.0,-0.0019999999999999727,-2.293999999999969,1.0,-0.0012484909546981301,-1.4320191250387553,1.0,-0.00047499924048427397,-0.5448241288354623,1.0,-4.515421646220564e-05,-0.05179188628214987,1.0,-0.007951052495989501,-9.119857212899959,1.0,0.0,0.0,0.0,0.0,0.0,0.0,0.5231037489102005,600.0,0.0008718395815170009,0.0,0.0,0.0,0.0,0.0,0.0,0.0,0.0,0.0
245760,60,train,,2,3,3D_with_obstacles,6,,839.0576619116353,1066,1,0,0,0,goal,79.10743487416525,1.2200733133237371,1.2200733133237371,77.88736156084157,78.05501142754719,0.9866962764208935,0.9978521575535059,1.4644467434811876,1.589774609482453,1.4628704612985481,0.003996806023454023,0.02179988580260961,0.26322782203713624,0.29277463883161703,0.0258895145762301,0.08315157680250262,0.926803094767345,1.673088114416195,0.9851049746293835,26.290417084958218,9.319306006846643,0,0.6074811074477368,0.4562027101788502,0.40337695886588903,0.6113380126333594,25.62951265508597,25.62951265508597,0.9983292694434855,10.579660129539105,0.05969860716102606,0.11391574889421463,839.057661911635,0.16625127719492275,177.22386148978765,1.0,0.05845205370419633,62.30988924867329,1.0,0.007986634155547885,8.513752009814045,1.0,-0.0019999999999999875,-2.131999999999987,1.0,-0.0012149622148954749,-1.2951497210785763,1.0,-0.0004562027101788505,-0.48631208905065465,1.0,-2.3980836126275246e-05,-0.025563571310609413,1.0,-0.004738100802251545,-5.050815455200147,1.0,0.0,0.0,0.0,0.0,0.0,0.0,0.5628517823639775,600.0,0.0009380863039399625,0.0,0.0,0.0,0.0,0.0,0.0,0.0,0.0,0.0
249856,61,train,,0,3,3D_with_obstacles,6,,812.5928391507687,730,1,0,0,0,goal,50.81367641875946,1.2350881079410614,1.2350881079410614,49.57858831081838,51.01634973382355,1.003988558383256,0.971817634336705,1.3977082118855746,1.6794352063805016,1.3725181818949157,0.007440645461908772,0.02978992454379359,0.4371763507183086,0.5773609168361689,0.04923455323654989,0.2863103425008786,2.033178017730495,2.8447131721615695,0.9934424415783373,38.9232706647009,33.732772703446955,0,0.6073181574730432,0.491373160540139,0.42606230932351663,0.6333740215289266,24.244925639860224,24.244925639860224,0.9899634906971043,10.413324515525076,0.2389950987002621,0.28616032004356384,812.5928391507689,0.24058202935293746,175.62488142764434,1.0,0.05434115769333143,39.66904511613194,0.9904109589041096,0.007919707925576832,5.781386785671088,1.0,-0.0020000000000000013,-1.460000000000001,1.0,-0.0012146363149460886,-0.8866845099106446,1.0,-0.0004913731605401402,-0.3587024071943024,1.0,-4.4643872769830344e-05,-0.03259002712197615,1.0,-0.007869174293769293,-5.7444972344515834,1.0,0.0,0.0,0.0,0.0,0.0,0.0,0.821917808219178,600.0,0.0013698630136986301,0.0,0.0,0.0,0.0,0.0,0.0,0.0,0.0,0.0
249856,61,train,,1,3,3D_with_obstacles,6,,851.3521125987345,1751,1,0,0,0,goal,96.71863753068973,1.2440864883033718,1.2440864883033718,95.47455104238621,95.81422510909415,0.9906490367866421,0.9964548680916531,1.0943943473340296,1.288909924971784,1.091197576011969,0.005177338030149255,0.024575129393794803,0.32340801952932235,0.3843454618325155,0.02495647266983095,0.11538560813394394,1.7875788073025636,3.001987958706613,0.9873389876171242,30.565684805290374,16.94123973906206,0,0.5988571212857298,0.4890099632035705,0.3893016773392513,0.5923784753506623,25.09723796328378,25.09723796328378,0.9985593368013326,16.57145399074723,0.3484224203244269,0.39933034777641296,851.3521125987344,0.10147611076513086,177.68466994974412,1.0,0.04362229847363586,76.38264462733639,0.9965733866362079,0.007988474694410651,13.98781918991305,1.0,-0.0019999999999999064,-3.501999999999836,1.0,-0.0011977142425714602,-2.0971976387426268,1.0,-0.00048900996320357,-0.8562564455694509,1.0,-3.106402818517737e-05,-0.05439311335224558,1.0,-0.005821344357849801,-10.193173970595002,1.0,0.0,0.0,0.0,0.0,0.0,0.0,0.34266133637921187,600.0,0.0005711022272986865,0.0,0.0,0.0,0.0,0.0,0.0,0.0,0.0,0.0
249856,61,train,,2,3,3D_with_obstacles,6,,845.5991022325555,1091,1,0,0,0,goal,81.45858292682396,1.2433861028797093,1.2433861028797093,80.21519682394427,80.87718775807606,0.9928626898743109,0.9918148621078172,1.482624890157216,1.628825867732837,1.4745415348594075,0.0035114699700766645,0.023761944799177037,0.02514324578467015,0.07781987852550021,0.044481515242175716,0.35486003211902384,2.0326877263210115,3.6295797680412067,0.9890707694360422,32.09885111498966,13.978564702633127,0,0.6048486216470094,0.46749935425507666,0.4103600213920491,0.6084740098589719,25.596679650792755,25.596679650792755,0.9971402921565982,1.718459650230735,0.15063434355063354,0.2377411127090454,845.5991022325554,0.16246789636383466,177.2524749329436,1.0,0.05881957603955581,64.17215745915539,1.0,0.007977122337252791,8.703040469942795,1.0,-0.0019999999999999827,-2.1819999999999813,1.0,-0.0012096972432940197,-1.3197796924337755,1.0,-0.0004674993542550769,-0.5100417954922889,1.0,-2.1068819806015213e-05,-0.0229860824083626,1.0,-0.00045257842268744795,-0.49376305915200575,1.0,0.0,0.0,0.0,0.0,0.0,0.0,0.5499541704857929,600.0,0.0009165902841429881,0.0,0.0,0.0,0.0,0.0,0.0,0.0,0.0,0.0
253952,62,train,,0,3,3D_with_obstacles,6,,854.3823344619937,1175,1,0,0,0,goal,91.52620459933118,1.21906616990616,1.21906616990616,90.30713842942505,90.74800920447008,0.9914975673003402,0.9951418132594876,1.5446469651824695,1.6796847492428022,1.5396784697999002,0.002733970709169803,0.0075193633726917675,0.024224387165246216,0.0815130961027708,0.021083248223447964,0.1510620569899519,1.9886867809992406,2.946418591467618,0.988937730655004,38.22158817750903,28.738993122283816,0,0.608562422886372,0.4644041703665193,0.40253618398245344,0.6052827479357415,25.860525655471392,25.860525655471392,0.9990964285425554,0.23533884737546573,0.13910743845270035,0.1472521871328354,854.3823344619938,0.1511510839606925,177.60252365381368,1.0,0.06148572021811351,72.24572125628337,0.9991489361702127,0.007992771428340466,9.391506428300048,1.0,-0.0019999999999999684,-2.349999999999963,1.0,-0.0012171248457727459,-1.4301216937829764,1.0,-0.00046440417036651963,-0.5456749001806606,1.0,-1.6403824272684737e-05,-0.019274493520404567,1.0,-0.00043603896929300716,-0.5123457889192834,1.0,0.0,0.0,0.0,0.0,0.0,0.0,0.5106382978723404,600.0,0.000851063829787234,0.0,0.0,0.0,0.0,0.0,0.0,0.0,0.0,0.0
253952,62,train,,1,3,3D_with_obstacles,6,,809.438401892297,876,1,0,0,0,goal,53.48696247528627,1.244319565788709,1.244319565788709,52.24264290949756,52.95744281899931,0.990100023785579,0.9865023711219435,1.209074036963455,1.4644276647434675,1.1926391627172643,0.00795193312512892,0.029598424854200278,0.7504107096149298,0.8400061150985199,0.07037017657284653,0.16802378250160643,1.750686360842503,2.7431908194783468,0.9781990635161655,53.74027059507084,47.17030114234824,0,0.6146998514094896,0.4404170360268927,0.4245546260533948,0.6396840224000009,24.43564099926437,24.43564099926437,0.9866276641670154,19.371985540424262,0.27930267012282595,0.32010746002197266,809.4384018922968,0.20069918242034912,175.81248380022583,1.0,0.04771765104049135,41.800662311470425,0.9908675799086758,0.007893021313336128,6.914286670482449,1.0,-0.0020000000000000013,-1.7520000000000013,1.0,-0.0012293997028189803,-1.0769541396694267,1.0,-0.0004404170360268931,-0.3858053235595583,1.0,-4.7711598811661624e-05,-0.04179536055901558,1.0,-0.013507392769513573,-11.83247606609389,1.0,0.0,0.0,0.0,0.0,0.0,0.0,0.684931506849315,600.0,0.001141552511415525,0.0,0.0,0.0,0.0,0.0,0.0,0.0,0.0,0.0
253952,62,train,,2,3,3D_with_obstacles,6,,852.1316037661312,1240,1,0,0,0,goal,97.61443024984675,1.2327570459733508,1.2327570459733508,96.38167320387335,97.52011868167187,0.9990338357972948,0.9883260449926785,1.5729051400269636,1.7661356374222592,1.5647477309783668,0.005534896644204234,0.02260624584610671,0.3521130020355475,0.5979340966286637,0.02805796821328902,0.26992930390935754,2.9280222710282677,4.588741448194648,0.9933290812153271,32.086429758569835,19.24696358782404,0,0.6383967946268498,0.48410546358321765,0.42900997623200376,0.6468026815883575,25.93715944389556,25.93715944389556,0.9942519166455139,16.369566043360773,0.17671995715748878,0.2324151247739792,852.1316037661311,0.1433280715762361,177.72680875453275,1.0,0.06218199408129172,77.10567266080173,0.9975806451612903,0.00795401533316414,9.862979013123534,1.0,-0.0019999999999999584,-2.4799999999999485,1.0,-0.001276793589253699,-1.5832240506745867,1.0,-0.0004841054635832177,-0.6002907748431899,1.0,-3.32093798795758e-05,-0.041179631050673994,1.0,-0.006338034036902018,-7.859162205758502,1.0,0.0,0.0,0.0,0.0,0.0,0.0,0.4838709677419355,600.0,0.0008064516129032258,0.0,0.0,0.0,0.0,0.0,0.0,0.0,0.0,0.0
258048,63,train,,0,3,3D_with_obstacles,6,,843.2551986095084,1097,1,0,0,0,goal,82.182887396812,1.2341009223252266,1.2341009223252266,80.94878647448677,82.42724519735155,1.0029733416320565,0.982063470405629,1.5027756644913675,1.7279274651314378,1.4828214149450631,0.0034629469406058317,0.010661561303994649,0.17433562464055377,0.20376679077731774,0.034658121603239916,0.35449824966777754,3.191409914994442,4.5035276677657485,0.9951403706120834,24.23597799433526,11.543299039747117,0,0.6344697386567177,0.46996222157752926,0.40361806542469136,0.6157781439090493,25.6697103368777,25.6697103368777,0.9976640589618058,7.142170992883512,0.23235672181209002,0.29360687732696533,843.2551986095085,0.16161989654453196,177.29702650935155,1.0,0.05904236266754451,64.76947184629633,0.9936189608021878,0.007981312471694446,8.755499781448808,1.0,-0.001999999999999982,-2.19399999999998,1.0,-0.0012689394773134324,-1.3920266066128353,1.0,-0.00046996222157752904,-0.5155485570705494,1.0,-2.0777681662752226e-05,-0.022793116784039193,1.0,-0.0031380412462358436,-3.4424312471207204,1.0,0.0,0.0,0.0,0.0,0.0,0.0,0.5469462169553327,600.0,0.0009115770282588879,0.0,0.0,0.0,0.0,0.0,0.0,0.0,0.0,0.0
258048,63,train,,1,3,3D_with_obstacles,6,,836.6917976745021,1164,1,0,0,0,goal,83.2594020312695,1.247350052377125,1.247350052377125,82.01205197889242,83.25817557059493,0.9999852694032788,0.9850330182812381,1.4305528448555833,1.5931040768565832,1.4264497357345425,0.006933964913666201,0.02436551946993104,0.5274401651047456,0.743685921715648,0.06389249018621315,2.2118709749869887,1.5765452986823365,1.8683463281726944,0.9971609963238856,28.752980237195285,8.14574595510173,0,0.6139308680873045,0.45374546032684976,0.4526263651633283,0.6688515559235697,25.491968987804142,25.491968987804142,0.9840601977222361,21.172878146684045,0.08512735223442418,0.11033797264099121,836.6917976745019,0.15232244971501382,177.3033314682761,1.0,0.056365671463156346,65.60964158311398,1.0,0.007872481581777896,9.16356856118947,1.0,-0.00199999999999997,-2.327999999999965,1.0,-0.001227861736174609,-1.4292310609072447,1.0,-0.0004537454603268498,-0.5281597158204532,1.0,-4.16037894603889e-05,-0.04842681093189268,1.0,-0.009493922981458772,-11.05092635041801,1.0,0.0,0.0,0.0,0.0,0.0,0.0,0.5154639175257731,600.0,0.000859106529209622,0.0,0.0,0.0,0.0,0.0,0.0,0.0,0.0,0.0
258048,63,train,,2,3,3D_with_obstacles,6,,826.6900290900168,1181,1,0,0,0,goal,88.17774450307473,1.2377753787187102,1.2377753787187102,86.9399691243561,90.30738711218781,1.0241517020095565,0.962711599842342,1.5293376310277365,1.8312955109766909,1.4993636177287406,0.007551131994691589,0.028881975349979605,0.5717204399873379,0.8146408262354337,0.08848021938621511,0.7539904578755876,4.063588699326271,6.052913188444245,1.0,26.921196301777098,16.456468684211952,0,0.6389549512677936,0.48509957051538655,0.4673907168455592,0.6846567275385853,24.923014821300296,24.923014821300296,0.9854506664131552,20.96251383417184,0.29683596138021484,0.331297367811203,826.690029090017,0.15027374278926175,177.47329023411814,1.0,0.05889708347879307,69.55745558845462,0.9949195596951735,0.00788360533130524,9.310537896271489,1.0,-0.0019999999999999675,-2.3619999999999615,1.0,-0.0012779099025355895,-1.5092115948945313,1.0,-0.0004850995705153853,-0.5729025927786701,1.0,-4.530679197086616e-05,-0.05350732131759294,1.0,-0.010290967925348391,-12.15363311983645,1.0,0.0,0.0,0.0,-0.01100762066045724,-13.0,0.01100762066045724,0.5080440304826418,600.0,0.000846740050804403,0.0,0.0,0.0,0.0,0.0,0.0,0.0,0.0,0.0
262144,64,train,,0,3,3D_with_obstacles,6,,855.5974596207941,1398,1,0,0,0,goal,99.73717947403617,1.2276437981705597,1.2276437981705597,98.50953567586568,99.26548849233674,0.9952706605080784,0.9923845353712283,1.4201071315069673,1.5625186453192288,1.4136197588109114,0.004677749180277798,0.01871279501684775,0.27391884983968134,0.339239744479368,0.02735997014663824,0.11309996325195515,2.5878607411923875,3.866378193909027,0.9908325482458485,29.35760825292742,9.528673429391521,0,0.6329902020684085,0.4723368466312788,0.40813981229505997,0.6218404164204696,25.926453479719193,25.926453479719193,0.9981720696928372,13.897972571072861,0.14464446725870064,0.15935227274894714,855.5974596207939,0.12717054231720062,177.78441815944646,1.0,0.05637180505152014,78.80778346202516,0.9985693848354793,0.007985376557542688,11.163556427444679,1.0,-0.0019999999999999385,-2.7959999999999137,1.0,-0.0012659804041368192,-1.7698406049832733,1.0,-0.00047233684663127817,-0.6603269115905269,1.0,-2.8066495099719813e-05,-0.0392369601494083,1.0,-0.0049305393071525415,-6.8928939513992535,1.0,0.0,0.0,0.0,0.0,0.0,0.0,0.4291845493562232,600.0,0.000715307582260372,0.0,0.0,0.0,0.0,0.0,0.0,0.0,0.0,0.0
262144,64,train,,1,3,3D_with_obstacles,6,,833.1340876850801,1243,1,0,0,0,goal,79.08476140313905,1.235324796400836,1.235324796400836,77.84943660673812,78.33584225883435,0.9905301712868925,0.9937907650180238,1.2604318947519622,1.4423611550356303,1.2515992923252128,0.007856026891786353,0.028409415465406873,0.5146130416090653,0.5744349261921826,0.04161390018806925,0.13415247481155435,1.6852623488018037,2.3296665868779534,0.9853699347544133,20.59516020560557,15.97628380338793,0,0.6518257496000379,0.4520450065892837,0.4104429553483919,0.6309435598174603,25.49356169712501,25.49356169712501,0.9956192741118017,20.566092309941272,0.2458009216829547,0.30219152569770813,833.13408768508,0.14254895623925543,177.1883526053945,1.0,0.05010954965359074,62.286170219413286,0.9943684633950121,0.0079649541928944,9.900438061767739,1.0,-0.001999999999999958,-2.485999999999948,1.0,-0.001303651499200077,-1.6204388135056957,1.0,-0.0004520450065892835,-0.5618919431904794,1.0,-4.713616130800813e-05,-0.058590248505854106,1.0,-0.009263034751644025,-11.513952196293523,1.0,0.0,0.0,0.0,0.0,0.0,0.0,0.4827031375703942,600.0,0.0008045052292839903,0.0,0.0,0.0,0.0,0.0,0.0,0.0,0.0,0.0
262144,64,train,,2,3,3D_with_obstacles,6,,802.8103560359036,1027,1,0,0,0,goal,50.77927562558564,1.2495560693235037,1.2495560693235037,49.52971955626212,61.57157256723772,1.2125334953816134,0.8044251184615177,1.1990569146492258,1.5748291404133707,1.1777954995234636,0.011531372405750353,0.050863066593800355,0.8348386968991768,0.8726646259971648,0.6657866866904606,3.1383080687104967,4.221926716246965,8.161402388416208,0.9798039467952777,22.56348405263179,9.865176411170449,0,0.6471593339710761,0.47958030061390045,0.8664158516379387,1.1367764873130877,24.12340803671462,24.12340803671462,0.8514261334255258,18.19455908066086,0.16270511775135182,0.18631097674369812,802.8103560359041,0.1709548511382323,175.57063211896457,1.0,0.0385823618077402,39.624085576549184,0.9961051606621227,0.006811409067404216,6.9953171122241296,1.0,-0.0019999999999999957,-2.0539999999999954,1.0,-0.0012943186679421504,-1.3292652719765885,1.0,-0.0004795803006139004,-0.4925289687304757,1.0,-6.918823451151102e-05,-0.07105631684332181,1.0,-0.015027096605923447,-15.43282821428338,1.0,0.0,0.0,0.0,0.0,0.0,0.0,0.5842259006815969,600.0,0.0009737098344693282,0.0,0.0,0.0,0.0,0.0,0.0,0.0,0.0,0.0
266240,65,train,,0,3,3D_with_obstacles,6,,810.7423083651597,1280,1,0,0,0,goal,58.49258735741729,1.2490670689527321,1.2490670689527321,57.243520288464666,72.67298662156574,1.2424307062619666,0.7876863598100359,1.1355154159619656,1.6731815921602007,1.1099358382183688,0.010248627800954983,0.049350955984873934,0.7061493640858617,0.8726646259971648,0.6387885724373286,3.080689688611595,3.4702275674917247,5.215756106973199,1.0,13.641760626250129,7.187320345687517,0,0.6119385647514719,0.4436384786691633,0.7141514503513463,0.9101329671044368,21.33334263036404,21.33334263036404,0.7859907821539747,15.14143294916801,0.1928469005273655,0.26708346605300903,810.7423083651602,0.13762205442164538,176.1562296597061,1.0,0.037109836620107244,47.50059087373727,0.859375,0.006350233315640316,8.128298644019605,0.93046875,-0.0019999999999999528,-2.5599999999999397,1.0,-0.0012238771295029454,-1.5665627257637702,1.0,-0.0004436384786691631,-0.5678572526965288,1.0,-6.149176678097885e-05,-0.07870946147965292,1.0,-0.012710688572158546,-16.26968137236294,1.0,0.0,0.0,0.0,0.0,0.0,0.0,0.46875,600.0,0.00078125,0.0,0.0,0.0,0.0,0.0,0.0,0.0,0.0,0.0
266240,65,train,,1,3,3D_with_obstacles,6,,844.6879179424684,1139,1,0,0,0,goal,80.72817888262082,1.2410525275045696,1.2410525275045696,79.4871263551163,79.55905436541642,0.9855177642629059,0.9990959167265892,1.3969983207272367,1.5306537263379276,1.3963463015881408,0.0030174778969286635,0.013571308440632368,0.04860734450583809,0.08980866202413917,0.029829935947619998,0.135209792465103,0.4555669049116521,0.8117873398182567,0.9847882909347444,34.17699413556188,28.084897664020854,0,0.6198470975120884,0.46476725935980945,0.39865453505301496,0.602767973104729,25.706371612647096,25.706371612647096,0.9988946019276803,1.5179673536776055,0.07463480734950728,0.11408685147762299,844.6879179424682,0.15560388002158512,177.23281934458547,1.0,0.05582943090703584,63.589721803113825,0.9991220368744512,0.00799115681542142,9.101927612764998,1.0,-0.0019999999999999745,-2.2779999999999707,1.0,-0.0012396941950241784,-1.412011688132539,1.0,-0.00046476725935980966,-0.5293699084108232,1.0,-1.8104867375031684e-05,-0.020621443940161088,1.0,-0.0008749322015035789,-0.9965477775125764,1.0,0.0,0.0,0.0,0.0,0.0,0.0,0.5267778753292361,600.0,0.000877963125548727,0.0,0.0,0.0,0.0,0.0,0.0,0.0,0.0,0.0
266240,65,train,,2,3,3D_with_obstacles,6,,856.135210601753,1301,1,0,0,0,goal,98.14525509225818,1.2374431088300288,1.2374431088300288,96.90781198342815,99.27750362595113,1.0115364571891796,0.976130628229218,1.5261722309907948,1.7076933259068237,1.4935971327419353,0.004382024604417885,0.028399949842749628,0.19688564879032364,0.23843778575718,0.046471988565314454,0.33842770560930635,3.9411928143470094,6.247861949816873,1.0,34.79052616865167,16.726023002236882,0,0.636132111728512,0.47569724594580753,0.4073673857406045,0.6154196804001366,25.53071825818812,25.53071825818812,0.9968595768660651,9.264474941009615,0.30365346929918885,0.3498242497444153,856.1352106017525,0.13661069111292037,177.73050913790942,1.0,0.05960826984175735,77.55035906412631,0.9930822444273636,0.007974876614928518,10.375314476022002,1.0,-0.00199999999999995,-2.601999999999935,1.0,-0.001272264223457024,-1.6552157547175883,1.0,-0.0004756972459458077,-0.6188821169754958,1.0,-2.6292147637401756e-05,-0.034206084076259684,1.0,-0.0035439416760461337,-4.61066812053602,1.0,0.0,0.0,0.0,0.0,0.0,0.0,0.4611837048424289,600.0,0.0007686395080707148,0.0,0.0,0.0,0.0,0.0,0.0,0.0,0.0,0.0
270336,66,train,,0,3,3D_with_obstacles,6,,845.5312309300834,1184,1,0,0,0,goal,80.69003680510848,1.2341867002799791,1.2341867002799791,79.4558501048285,80.77478381261122,1.0010502784588813,0.9836714671890363,1.3644389157535701,1.6087812878489636,1.347616117635298,0.003100167706534365,0.01637466582587699,0.016639564706437997,0.04849628347213608,0.027173904346348365,0.16272674692680944,3.3775887415026236,5.056395245844896,0.9922027384314839,48.55096402075353,30.987434511577792,0,0.6136419751234604,0.4568436082259428,0.3978854465248013,0.5966675642223375,25.550109298197956,25.550109298197956,0.9984366717604393,1.0940907871223098,0.23614518268889673,0.2786206007003784,845.5312309300836,0.149701712251263,177.24682730549537,1.0,0.053687385551638836,63.56586449314038,0.9966216216216216,0.007987493374083502,9.457192154914866,1.0,-0.001999999999999967,-2.367999999999961,1.0,-0.0012272839502469204,-1.4531041970923537,1.0,-0.0004568436082259428,-0.5409028321395163,1.0,-1.8601006239573813e-05,-0.022023591387655393,1.0,-0.00029951216456719206,-0.3546224028475554,1.0,0.0,0.0,0.0,0.0,0.0,0.0,0.5067567567567568,600.0,0.0008445945945945946,0.0,0.0,0.0,0.0,0.0,0.0,0.0,0.0,0.0
270336,66,train,,1,3,3D_with_obstacles,6,,821.3753062547473,808,1,0,0,0,goal,55.87156419081042,1.2411601912264398,1.2411601912264398,54.630403999583955,54.970918564203615,0.9838800713806588,0.9938055507618645,1.36066630109415,1.5573539939770804,1.3523416562804762,0.0027808328082041117,0.009008434927868958,0.12083739384100703,0.16965138606169772,0.02819253548054553,0.08443951850643128,1.279791997207363,1.915772045508003,0.9812522706886442,21.834946909735194,11.666178958819195,0,0.6432533673988194,0.44223899292381535,0.386010554904985,0.5847397433261913,25.027361792826245,25.027361792826245,0.998333065960453,3.4323037678002457,0.1594557226773831,0.17303360998630524,821.3753062547477,0.21782349717818592,176.00138571997422,1.0,0.05408968153124064,43.70446267724244,0.9975247524752475,0.007986664527683615,6.45322493836836,1.0,-0.0020000000000000013,-1.6160000000000012,1.0,-0.0012865067347976376,-1.0394974417164913,1.0,-0.00044223899292381534,-0.3573291062824428,1.0,-1.6684996854119072e-05,-0.01348147745812821,1.0,-0.0021750730883419718,-1.757459055380313,1.0,0.0,0.0,0.0,0.0,0.0,0.0,0.7425742574257426,600.0,0.0012376237623762376,0.0,0.0,0.0,0.0,0.0,0.0,0.0,0.0,0.0
270336,66,train,,2,3,3D_with_obstacles,6,,819.6177936203787,649,1,0,0,0,goal,53.16787603563113,1.226254444231269,1.226254444231269,51.941621591399816,52.038985809431416,0.978767437964925,0.9981290139206767,1.6036667429716938,1.7689468205985521,1.603173559384748,0.0037896871618811985,0.02080836982278944,0.04907044112550703,0.09166132059524257,0.02489282579813894,0.1912184922960254,0.5913652954107556,0.877984240348655,0.9779950305169736,30.155341599520327,19.64063418335982,0,0.6197663762668386,0.43064617922454956,0.3927166347258447,0.5944068983989339,25.400352955120987,25.400352955120987,0.9988305892683451,1.1916821134515483,0.17661119400536518,0.2400827705860138,819.6177936203786,0.27095302309468033,175.84851198844754,1.0,0.06402665219278872,41.55329727311988,1.0,0.00799064471414675,5.1859284194812405,1.0,-0.0020000000000000013,-1.298000000000001,1.0,-0.001239532752533678,-0.804456756394357,1.0,-0.0004306461792245492,-0.27948937031673243,1.0,-2.2738122957926e-05,-0.014757041799693974,1.0,-0.0008832679386121087,-0.5732408921592586,1.0,0.0,0.0,0.0,0.0,0.0,0.0,0.9244992295839753,600.0,0.0015408320493066256,0.0,0.0,0.0,0.0,0.0,0.0,0.0,0.0,0.0
270336,66,train,,3,3,3D_with_obstacles,6,,828.8554086203713,1045,1,0,0,0,goal,69.39814541792012,1.2259650394696944,1.2259650394696944,68.17218037845039,68.3671853475441,0.9851442705829166,0.9971476817701012,1.3084628774649623,1.4781713313029703,1.3058026967867775,0.0054202839995253806,0.021370508446951764,0.36693451121714077,0.4123266224254114,0.0361202283972549,0.10317594740782443,0.7390697085589764,1.210510315026165,0.9833348389274401,19.673816394103895,9.445855437195604,0,0.6341896518209335,0.46393959020742015,0.4042596447695956,0.6187886590236111,25.43375775013577,25.43375775013577,0.9967946783506476,13.545620684285375,0.16572123117138896,0.2016838788986206,828.8554086203717,0.16920591254713263,176.8201786117536,1.0,0.05218978285432959,54.53832308277442,0.9961722488038277,0.00797435742680518,8.333203511011412,1.0,-0.001999999999999992,-2.0899999999999914,1.0,-0.001268379303641868,-1.325456372305752,1.0,-0.00046393959020741985,-0.48481687176675375,1.0,-3.252170397404484e-05,-0.033985180652876854,1.0,-0.006604821206164965,-6.902038160442388,1.0,0.0,0.0,0.0,0.0,0.0,0.0,0.5741626794258373,600.0,0.0009569377990430622,0.0,0.0,0.0,0.0,0.0,0.0,0.0,0.0,0.0
274432,67,train,,0,3,3D_with_obstacles,6,,832.7181209552228,1044,1,0,0,0,goal,77.75982669981859,1.2490754109861744,1.2490754109861744,76.51075128883247,77.85881465186242,1.0012729960475086,0.9826857964758681,1.4915481734073257,1.687299402708874,1.4718483119920245,0.005616703759298728,0.018342940978238076,0.519278332258521,0.662064084499681,0.05140355806586195,0.6135431208189432,2.8283116489979743,4.236631897658648,0.9939936212317709,19.278273221335166,1.4579339299741827,0,0.6376386546883089,0.46145728398141206,0.4333458691193112,0.6565439235347669,25.443611273429763,25.443611273429763,0.9923641975056473,18.96511096181212,0.22771819115712724,0.25796887278556824,832.7181209552226,0.16964426751909042,177.1086152899304,1.0,0.058630050474168624,61.20977269503204,0.9961685823754789,0.007938913580045183,8.28822577756717,1.0,-0.001999999999999992,-2.0879999999999916,1.0,-0.0012752773093766166,-1.3313895109891878,1.0,-0.000461457283981412,-0.4817614044765941,1.0,-3.37002225572754e-05,-0.035183032349795515,1.0,-0.009347009981500695,-9.758278420686725,1.0,-0.0001857092325714813,-0.19388043880462646,0.013409961685823755,0.0,0.0,0.0,0.5747126436781609,600.0,0.0009578544061302681,0.0,0.0,0.0,0.0,0.0,0.0,0.0,0.0,0.0
274432,67,train,,1,3,3D_with_obstacles,6,,845.9760841522464,1319,1,0,0,0,goal,90.75792359991443,1.242846137249147,1.242846137249147,89.51507746266509,89.88127859663209,0.9903408433279408,0.9959257240252419,1.36287003179124,1.5445094394945544,1.3576437306820728,0.005006083448162227,0.017677616682666653,0.36726613591085266,0.413671413867601,0.03659019742105015,0.10923025920947271,1.2841217065837869,1.8017240850635985,0.987889085587095,25.456484448213345,11.42843593482911,0,0.6377855838827896,0.47048343009365917,0.4086984569903031,0.6224495744992152,25.82594327236156,25.82594327236156,0.997810166400406,17.459385185995345,0.16661907552294516,0.22341474890708923,845.9760841522465,0.1345982303685875,177.5350658561669,1.0,0.05429296601834742,71.61242217820025,0.9977255496588324,0.00798248133120326,10.5288928758571,1.0,-0.0019999999999999476,-2.637999999999931,1.0,-0.0012755711677655773,-1.6824783702827966,1.0,-0.00047048343009365904,-0.6205676442935363,1.0,-3.003650069130551e-05,-0.039618144411831965,1.0,-0.0066107904465425565,-8.719632598989632,1.0,0.0,0.0,0.0,0.0,0.0,0.0,0.45489006823351025,600.0,0.000758150113722517,0.0,0.0,0.0,0.0,0.0,0.0,0.0,0.0,0.0
274432,67,train,,2,3,3D_with_obstacles,6,,825.5178449363899,838,1,0,0,0,goal,64.09543456996505,1.2450235003570806,1.2450235003570806,62.850411069608036,64.13554527395262,1.0006257965837455,0.9799622159778132,1.530681271454716,1.7545519667456682,1.5122753037005292,0.004752118795242164,0.01405750652077753,0.32048679269425134,0.37803284065254017,0.04564802518456202,0.3250518095773587,2.5462540678342167,3.692852995237913,0.9923139869598759,26.562793889168418,3.280418302493601,0,0.6213307362283205,0.44295280774569623,0.4073198074586067,0.6158609340647524,25.220012935152337,25.220012935152337,0.9960674660272536,10.188581048109315,0.23929759248344312,0.27177485823631287,825.5178449363898,0.21062480326641864,176.50358513725882,1.0,0.06000391969494621,50.283284704364924,0.9940334128878282,0.007968539728218028,6.677636292246707,1.0,-0.0020000000000000013,-1.6760000000000013,1.0,-0.0012426614724566419,-1.041350313918666,1.0,-0.00044295280774569627,-0.3711944528908935,1.0,-2.8512712703552876e-05,-0.02389365324557731,1.0,-0.005768762264230954,-4.8342227774255395,1.0,0.0,0.0,0.0,0.0,0.0,0.0,0.7159904534606205,600.0,0.0011933174224343676,0.0,0.0,0.0,0.0,0.0,0.0,0.0,0.0,0.0
278528,68,train,,0,3,3D_with_obstacles,6,,798.8987514766816,1128,1,0,0,0,goal,56.56611716868803,1.2368193371240228,1.2368193371240228,55.32929783156405,66.99740211869488,1.1844087144765356,0.8258424368983851,1.1878972006860764,1.731414840036246,1.1663815040724832,0.008438893378602947,0.04533929755386801,0.5549505039079525,0.8726646259971648,0.5557041804027646,3.1414507305166333,2.6820153665688204,4.435379189849438,1.0,35.80273963766373,23.109992443113555,0,0.611800658585114,0.4681722652070069,0.5831255109597605,0.757545553953618,20.74528878355406,20.74528878355406,0.7816431352788265,10.647860785279201,0.1877378578304399,0.20424509048461914,798.8987514766814,0.1560853689968592,176.06429622845718,1.0,0.04089339683907066,46.1277516344717,0.8386524822695035,0.006379302907637495,7.1958536798150945,0.9078014184397163,-0.001999999999999976,-2.255999999999973,1.0,-0.0012236013171702269,-1.380222285768016,1.0,-0.00046817226520700733,-0.5280983151535042,1.0,-5.063336026401365e-05,-0.0571144303778074,1.0,-0.009989109073371744,-11.267715034763327,1.0,0.0,0.0,0.0,-0.013297872340425532,-15.0,0.013297872340425532,0.5319148936170213,600.0,0.0008865248226950354,0.0,0.0,0.0,0.0,0.0,0.0,0.0,0.0,0.0
278528,68,train,,1,3,3D_with_obstacles,6,,828.9637702125098,1021,1,0,0,0,goal,62.74238014331113,1.234832637898121,1.234832637898121,61.507547505413065,61.732903648996206,0.9839107714433345,0.9963494971034484,1.2092635386679,1.3952885359587768,1.2068061837827866,0.0026488041665732867,0.006691997725850385,0.05793481876032775,0.09181140103788632,0.025141925250530488,0.14111270702399104,1.1950000187379537,1.8005730733502185,0.9816208723619858,32.70447761299248,22.611323674315255,0,0.6175032972588945,0.46768438852545835,0.38224218721546227,0.5835193953787895,25.12125643058117,25.12125643058117,0.9990866481061028,1.9661740616546328,0.23204755877946429,0.24536266922950745,828.9637702125095,0.17282803175122596,176.4574204180017,1.0,0.04819511285043371,49.207210220292815,0.9960822722820764,0.007992693184848838,8.160539741730664,1.0,-0.0019999999999999966,-2.0419999999999967,1.0,-0.001235006594517789,-1.2609417330026627,1.0,-0.00046768438852545845,-0.4775057606844931,1.0,-1.5892825021745013e-05,-0.016226574347201657,1.0,-0.0010428267379836847,-1.0647260994813421,1.0,0.0,0.0,0.0,0.0,0.0,0.0,0.5876591576885406,600.0,0.0009794319294809011,0.0,0.0,0.0,0.0,0.0,0.0,0.0,0.0,0.0
278528,68,train,,2,3,3D_with_obstacles,6,,828.8674518134899,1195,1,0,0,0,goal,88.12909431471112,1.2372564346125292,1.2372564346125292,86.89183788009852,89.68220312401529,1.0176231109757916,0.9688860760918407,1.5009573744605087,1.7644950862452007,1.4841153470943793,0.009462886829990837,0.04388366411295186,0.5567850478435212,0.794527083259938,0.12059234585957959,0.9582708810459115,3.351343139405364,5.107059138207689,1.0,28.361727574337593,19.331116456274188,0,0.6341619461665717,0.4611203691366842,0.4939306106153392,0.7141120055791723,24.919136175597515,24.919136175597515,0.9812484132393677,21.05574033411794,0.21124328336206938,0.2614738643169403,828.8674518134903,0.1485129333289267,177.4729553280674,1.0,0.058171332907543054,69.51474282451395,0.9966527196652719,0.007849987305914937,9.380734830568349,1.0,-0.0019999999999999653,-2.3899999999999584,1.0,-0.0012683238923331419,-1.5156470513381046,1.0,-0.0004611203691366844,-0.5510388411183379,1.0,-5.677732097874886e-05,-0.06784889856960488,1.0,-0.01002213086078107,-11.97644637863338,1.0,0.0,0.0,0.0,-0.009205020920502092,-11.0,0.009205020920502092,0.502092050209205,600.0,0.0008368200836820083,0.0,0.0,0.0,0.0,0.0,0.0,0.0,0.0,0.0
282624,69,train,,0,3,3D_with_obstacles,6,,803.8618335102544,1125,1,0,0,0,goal,52.626446488344556,1.2485979108705536,1.2485979108705536,51.37784857747394,64.39399959754955,1.2236053143320482,0.7978670201971604,1.1447822150675464,1.4659462124304345,1.1300644159863116,0.011966884719709062,0.04577038609220141,0.8106665064229212,0.8726646259971648,0.6743318062371774,3.141064952050648,4.825906078302397,10.053045864418118,0.9811047877799639,22.608148207920358,17.771910814850486,0,0.6273099278906981,0.47020843660707273,0.8810891304810842,1.139823079360856,24.440484401537528,24.440484401537528,0.8573815294846064,20.234819714234742,0.18169471956623925,0.2405707836151123,803.8618335102547,0.15620389216696326,175.72937868783367,1.0,0.03653620105315695,41.10322618480157,0.9946666666666667,0.00685905223587685,7.716433765361456,1.0,-0.0019999999999999766,-2.249999999999974,1.0,-0.0012546198557813939,-1.4114473377540682,1.0,-0.00047020843660707315,-0.5289844911829573,1.0,-7.180130830188378e-05,-0.08077647183961925,1.0,-0.014591997179524776,-16.415996826965372,1.0,0.0,0.0,0.0,0.0,0.0,0.0,0.5333333333333333,600.0,0.0008888888888888889,0.0,0.0,0.0,0.0,0.0,0.0,0.0,0.0,0.0
282624,69,train,,1,3,3D_with_obstacles,6,,855.6608832442007,1410,1,0,0,0,goal,99.69041693256527,1.247756284955824,1.247756284955824,98.44266064760932,98.55262403827591,0.9885867375290545,0.9988842165113355,1.3979095608266112,1.5246334599536921,1.3971463821662264,0.004481838262901403,0.01943548997899658,0.27079416178903615,0.33923433178488027,0.02541878782876685,0.06067071788270528,0.7121318197456642,0.975511755325222,0.9879238231067877,24.25230649516994,12.007195392530264,0,0.6093096912019483,0.4657949340141689,0.4052333254552057,0.612849646439472,25.788155563869104,25.788155563869104,0.9987030455328935,13.291260477738453,0.07700903721629306,0.08693288266658783,855.6608832442008,0.12606174750257962,177.74706397863724,1.0,0.055854003741936976,78.75414527613114,0.999290780141844,0.007989624364263153,11.265370353611047,1.0,-0.0019999999999999367,-2.819999999999911,1.0,-0.001218619382403897,-1.7182533291894948,1.0,-0.00046579493401416875,-0.6567708569599779,1.0,-2.689102955982264e-05,-0.037916351679349924,1.0,-0.004874294912304848,-6.872755826349836,1.0,0.0,0.0,0.0,0.0,0.0,0.0,0.425531914893617,600.0,0.0007092198581560284,0.0,0.0,0.0,0.0,0.0,0.0,0.0,0.0,0.0
282624,69,train,,2,3,3D_with_obstacles,6,,821.570511995573,993,1,0,0,0,goal,67.68916540755508,1.2407426811435325,1.2407426811435325,66.44842272641152,66.9435552179987,0.9889847926907198,0.9926037317561821,1.348309269244683,1.5112331580546334,1.3470896790818974,0.009632601084152403,0.02991799411100482,0.6944615554477269,0.8103704377486136,0.05025878985170778,0.44279614422145697,1.2742996353746858,1.7009886265278569,0.9851203457724059,45.43317932162592,36.117581939105825,0,0.6206491110510637,0.452331549371241,0.44785317674294217,0.6688655782172087,25.26375858035269,25.26375858035269,0.9880535222228476,22.844443235683528,0.10523398028459674,0.1134273037314415,821.5705119955728,0.17794622281720635,176.7005992574859,1.0,0.05353352144740323,53.15878679727141,0.9979859013091642,0.007904428177782776,7.849097180538297,1.0,-0.0020000000000000013,-1.9860000000000015,1.0,-0.0012412982221021258,-1.2326091345474108,1.0,-0.00045233154937124147,-0.4491652285256428,1.0,-5.7795606498204555e-05,-0.057391037252717124,1.0,-0.012500307995364567,-12.412805839397015,1.0,0.0,0.0,0.0,0.0,0.0,0.0,0.6042296072507553,600.0,0.0010070493454179255,0.0,0.0,0.0,0.0,0.0,0.0,0.0,0.0,0.0
286720,70,train,,0,3,3D_with_obstacles,6,,842.770246438414,1349,1,0,0,0,goal,90.69528149084266,1.2337963500539264,1.2337963500539264,89.4614851407887,91.16143325443855,1.005139757613994,0.9813523323080592,1.351540893320066,1.5424409627453146,1.3306564491666104,0.006406312935969906,0.023647471472754145,0.49798144370842673,0.5535435451117205,0.026485442356041142,0.2096850196532687,4.342050871370642,6.493557618158594,0.9903657247611806,19.04242616982435,8.023464317061983,0,0.6158217572979214,0.45498107525529,0.4102425980923616,0.6251253929732021,25.56580517976089,25.56580517976089,0.9964534948461526,22.513317627595494,0.2616952969640869,0.29175493121147156,842.7702464384139,0.13161699345990288,177.551324177409,1.0,0.05306322523663785,71.58229084422446,0.994069681245367,0.007971627958769222,10.753726116379681,1.0,-0.001999999999999944,-2.6979999999999245,1.0,-0.0012316435145958444,-1.661487101189794,1.0,-0.0004549810752552902,-0.6137694705193865,1.0,-3.843787759419707e-05,-0.05185269687457185,1.0,-0.008963665997787622,-12.091985431015503,1.0,0.0,0.0,0.0,0.0,0.0,0.0,0.4447739065974796,600.0,0.0007412898443291327,0.0,0.0,0.0,0.0,0.0,0.0,0.0,0.0,0.0
286720,70,train,,1,3,3D_with_obstacles,6,,831.8201551597303,859,1,0,0,0,goal,67.45066281266958,1.2320608232211379,1.2320608232211379,66.21860198944842,66.56239766708812,0.9868308907794067,0.9948349865736632,1.5497647885235908,1.743208144330348,1.540856028491208,0.002678923634087947,0.006399321013194292,0.10122431044894564,0.14137027522106926,0.027953603955688074,0.16825815383341514,1.3733084008680219,1.9219089535696976,0.9848800176631608,41.48179134521231,18.31847365800387,0,0.5994261657435347,0.47261030936117115,0.39314339443503493,0.5916017366614413,25.29016306873611,25.29016306873611,0.9990856172385926,2.852467989279753,0.1955235180498141,0.23262540996074677,831.8201551597302,0.2057183949664975,176.71210127622135,1.0,0.06167061861581518,52.97506139098524,0.9976717112922002,0.007992684937908735,6.865716361663604,1.0,-0.0020000000000000013,-1.7180000000000013,1.0,-0.0011988523314870694,-1.0298141527473925,1.0,-0.0004726103093611713,-0.4059722557412462,1.0,-1.6073541796913815e-05,-0.013807172403548966,1.0,-0.0018220375881813453,-1.5651302882477756,1.0,0.0,0.0,0.0,0.0,0.0,0.0,0.6984866123399301,600.0,0.0011641443538998836,0.0,0.0,0.0,0.0,0.0,0.0,0.0,0.0,0.0
286720,70,train,,2,3,3D_with_obstacles,6,,836.4047681464973,1055,1,0,0,0,goal,78.54090113007392,1.2233673400119998,1.2233673400119998,77.3175337900619,77.61007888271126,0.9881485667471386,0.996230578594161,1.4712811162599293,1.604558703090294,1.4686881608047073,0.005880193711113366,0.020718680058852357,0.3758370205151551,0.4784689026022191,0.022926184997711666,0.11991546276135256,1.1834971902193665,1.749831110501939,0.9865990588262606,28.281673817372603,5.2152110697108744,0,0.6082159215557914,0.464883484028421,0.4122885088220027,0.6252542287958742,25.62374292230503,25.62374292230503,0.9967545156253292,14.857387101139256,0.0813189496714357,0.08196493238210678,836.4047681464976,0.16795856617037816,177.19628730974895,1.0,0.0586294095090517,61.854027032049544,1.0,0.007974036125002634,8.412608111877779,1.0,-0.0019999999999999896,-2.109999999999989,1.0,-0.0012164318431115801,-1.283335594482717,1.0,-0.0004648834840284207,-0.4904520756499839,1.0,-3.5281162289199105e-05,-0.03722162621510505,1.0,-0.006765066360977097,-7.137145010830838,1.0,0.0,0.0,0.0,0.0,0.0,0.0,0.5687203791469194,600.0,0.0009478672985781991,0.0,0.0,0.0,0.0,0.0,0.0,0.0,0.0,0.0
290816,71,train,,0,3,3D_with_obstacles,6,,822.8503351623239,951,1,0,0,0,goal,66.6983793396334,1.2469545850873192,1.2469545850873192,65.45142475454614,68.0704494034318,1.0205712654097892,0.9615247927428304,1.4315551925011933,1.73933789463185,1.3907635791552575,0.010107371286027851,0.03428220092893719,0.5887887369994088,0.7657026944829628,0.04138105034308445,0.19264563673230573,3.8678916463698076,5.8450592555216865,0.9957818305652473,22.58427405803562,11.598982206017569,0,0.6256350235568926,0.5010667293048273,0.41862111504960386,0.6387035938686878,24.40929593750046,24.40929593750046,0.9913374778836812,17.326516711731433,0.327959109462022,0.3499312996864319,822.8503351623236,0.18573588159982998,176.63482340143833,1.0,0.055077231097287405,52.378446773520324,0.9905362776025236,0.007930699823069454,7.542095531739051,1.0,-0.0020000000000000013,-1.9020000000000015,1.0,-0.001251270047113785,-1.1899578148052095,1.0,-0.0005010667293048271,-0.4765144595688906,1.0,-6.0644227678486007e-05,-0.05767266052224019,1.0,-0.010598197276001836,-10.078885609477746,1.0,0.0,0.0,0.0,0.0,0.0,0.0,0.6309148264984227,600.0,0.0010515247108307045,0.0,0.0,0.0,0.0,0.0,0.0,0.0,0.0,0.0
290816,71,train,,1,3,3D_with_obstacles,6,,850.6013617669961,1456,1,0,0,0,goal,85.30127615277367,1.2443275724752503,1.2443275724752503,84.05694858029838,84.43976825057963,0.9899004101573922,0.99546635811286,1.1598869265189524,1.3615610273396435,1.1545270677547004,0.0032733611118761765,0.0221006480595074,0.010841595084600225,0.05546997709529533,0.026102777769284317,0.09975373343176663,1.882582497380444,2.8884437871010946,0.9858368828107706,45.6672890752994,25.613009737567797,0,0.6056661590812907,0.4605071417186831,0.3874656830678929,0.5876609750276247,25.288403447087763,25.288403447087763,0.9991114343309523,0.8218395348870335,0.30568420027311033,0.3398064374923706,850.6013617669963,0.12182298084813536,177.3742601148851,1.0,0.04618707591021839,67.24838252527798,0.9965659340659341,0.007992891474647627,11.637649987086945,1.0,-0.001999999999999932,-2.911999999999901,1.0,-0.001211332318162582,-1.7636998552447196,1.0,-0.0004605071417186832,-0.6704983983424028,1.0,-1.964016666455551e-05,-0.028596082663592825,1.0,-0.00019514871154056098,-0.2841365240030568,1.0,0.0,0.0,0.0,0.0,0.0,0.0,0.41208791208791207,600.0,0.0006868131868131869,0.0,0.0,0.0,0.0,0.0,0.0,0.0,0.0,0.0
290816,71,train,,2,3,3D_with_obstacles,6,,827.6791249473316,728,1,0,0,0,goal,62.48040587260302,1.2103552208899993,1.2103552208899993,61.270050651713014,61.674307843213484,0.9870983867961235,0.9934452901761273,1.6943491165717985,1.8615753661178152,1.6876001921888522,0.004717425121188445,0.0271717880804494,0.07339810330564223,0.1025782133466202,0.029701969585238002,0.2710084221422049,1.4497330960529675,1.9833252448089524,0.9845629494358458,25.952534241030527,17.229890314927257,0,0.6047928690408858,0.4798300778048732,0.39844305976038125,0.5992734363343526,25.421507705141227,25.421507705141227,0.9986268465057819,1.6933908505478237,0.29322352645161387,0.3318988084793091,827.6791249473317,0.24246302719031762,176.51308379455122,1.0,0.06733289501534868,49.01834757117384,0.9931318681318682,0.007989014772046263,5.81600275404968,1.0,-0.0020000000000000013,-1.456000000000001,1.0,-0.0012095857380817737,-0.8805784173235311,1.0,-0.00047983007780487343,-0.34931629664194785,1.0,-2.8304550738783143e-05,-0.020605712937834128,1.0,-0.001321165859257894,-0.9618087455397468,1.0,0.0,0.0,0.0,0.0,0.0,0.0,0.8241758241758241,600.0,0.0013736263736263737,0.0,0.0,0.0,0.0,0.0,0.0,0.0,0.0,0.0
294912,72,train,,0,3,3D_with_obstacles,6,,855.8427889438694,1220,1,0,0,0,goal,98.11364334174485,1.2419955930206972,1.2419955930206972,96.87164774872416,99.19224894504242,1.0109934313573559,0.9766050147970331,1.6261024417220042,1.7949320578904078,1.5993899384431172,0.0034593225904843788,0.012722415122123465,0.2072214274485008,0.3202009068691156,0.04133137471367924,0.48053555726452,4.097687467762429,6.129299674635771,1.0,36.91329953924768,20.471360251620204,0,0.6159161648178687,0.4808941109291064,0.4124422158618442,0.6176847613065458,25.547265410526325,25.547265410526325,0.9965522356501693,8.968813102899942,0.31789963680212613,0.34989112615585327,855.8427889438694,0.14567329991662456,177.72142589828198,1.0,0.06352495432079085,77.50044427136483,0.9959016393442623,0.007972417885201361,9.72634981994566,1.0,-0.0019999999999999614,-2.439999999999953,1.0,-0.0012318323296357351,-1.502835442155597,1.0,-0.00048089411092910633,-0.5866908153335098,1.0,-2.0755935546376215e-05,-0.025322241366578985,1.0,-0.003729985694153631,-4.55058254686743,1.0,0.0,0.0,0.0,0.0,0.0,0.0,0.4918032786885246,600.0,0.000819672131147541,0.0,0.0,0.0,0.0,0.0,0.0,0.0,0.0,0.0
294912,72,train,,1,3,3D_with_obstacles,6,,836.2206325669292,1108,1,0,0,0,goal,70.3090434013647,1.229122741394798,1.229122741394798,69.07992065996991,69.25605826811014,0.9850234751845005,0.9974567191297784,1.25010935502004,1.475590808116964,1.2492960426557715,0.0026188300758249387,0.005842813936064228,0.03372136570895241,0.14810762664519528,0.02953844590250085,0.09186125217399477,0.7946631011994301,1.1769490992984037,0.9840312386314797,35.49632478332601,28.539168461836503,0,0.5988769520465822,0.46186896038177805,0.39012671507464636,0.5813844129308682,25.045704723919155,25.045704723919155,0.9981098554229086,1.154058132940014,0.1773896086423083,0.23369553685188293,836.2206325669292,0.15961488365361207,176.85329108820218,1.0,0.04987807468779686,55.26490675407892,0.9963898916967509,0.007984878843383265,8.847245758468658,1.0,-0.0019999999999999797,-2.2159999999999775,1.0,-0.001197753904093165,-1.327111325735227,1.0,-0.00046186896038177805,-0.5117508081030101,1.0,-1.5712980456573753e-05,-0.01740998234588372,1.0,-0.0006069845827043196,-0.6725389176363861,1.0,0.0,0.0,0.0,0.0,0.0,0.0,0.5415162454873647,600.0,0.0009025270758122744,0.0,0.0,0.0,0.0,0.0,0.0,0.0,0.0,0.0
294912,72,train,,2,3,3D_with_obstacles,6,,842.218909348079,1489,1,0,0,0,goal,98.39947858245716,1.2400029610196053,1.2400029610196053,97.1594756214375,97.312280823712,0.9889511837419533,0.9984297439030203,1.3070823482029816,1.4780860462355299,1.3059875186994496,0.004033991521768335,0.014491735516769744,0.21722041378702672,0.26466662606436797,0.020277780666100934,0.09884662745984407,0.7570414115231376,1.6318459290758767,0.9874525569238747,22.830032583128723,0.742021572786985,0,0.6018901974922253,0.47919566553855997,0.40149465411441126,0.6067858011611281,25.804223947297846,25.804223947297846,0.9993383706874572,11.4179924561414,0.1730589683701161,0.244612917304039,842.218909348079,0.11936312282128411,177.73168988089205,1.0,0.0522012169157506,77.72761198755265,0.9993284083277367,0.007994706965499657,11.90411867162899,1.0,-0.0019999999999999285,-2.9779999999998936,1.0,-0.0012037803949844516,-1.7924290081318484,1.0,-0.00047919566553855983,-0.7135223459869156,1.0,-2.4203949093161614e-05,-0.03603968019971764,1.0,-0.003909967447691734,-5.8219415296129915,1.0,-0.009269696862366153,-13.802578628063202,0.038280725319006045,0.0,0.0,0.0,0.40295500335795836,600.0,0.000671591672263264,0.0,0.0,0.0,0.0,0.0,0.0,0.0,0.0,0.0
299008,73,train,,0,3,3D_with_obstacles,6,,774.2510121085764,857,1,0,0,0,goal,54.60311695182786,1.2424860674397065,1.2424860674397065,53.3606308843881,56.77240574160863,1.0397282959449836,0.939904345911486,1.3249102856851467,1.6608185113943679,1.3115860596429574,0.010946918643611981,0.040561770871462066,0.7490172600060444,0.8726646259971648,0.3028311571683298,1.8995489577927085,2.6325296461722796,3.6560274817454452,0.9874555274935235,15.442174659658482,6.833550425710978,0,0.6249735361824188,0.44656350899405145,0.611337918731685,0.8249829435849273,23.5934114713417,23.5934114713417,0.9388740340241675,16.938465470197166,0.1377283695263651,0.1649133712053299,774.2510121085764,0.2052556895060092,175.90412590664988,1.0,0.04981155741833198,42.6885047075105,1.0,0.007510992272193335,6.436920377269688,1.0,-0.0020000000000000013,-1.7140000000000013,1.0,-0.0012499470723648374,-1.0712046410166656,1.0,-0.00044656350899405174,-0.38270492720790233,1.0,-6.568151183594298e-05,-0.056289055643403134,1.0,-0.01348231068726455,-11.55434025898572,1.0,0.0,0.0,0.0,-0.042007001166861145,-36.0,0.042007001166861145,0.7001166861143524,600.0,0.0011668611435239206,0.0,0.0,0.0,0.0,0.0,0.0,0.0,0.0,0.0
299008,73,train,,1,3,3D_with_obstacles,6,,792.9744494964204,1160,1,0,0,0,goal,54.329365229373785,1.2419935603582268,1.2419935603582268,53.087371669015525,65.5690401572915,1.2068802917255668,0.8096408234994129,1.130500692367096,1.724952936253953,1.083754598444523,0.009067432069640455,0.0363442215308174,0.6874612124328014,0.8726646259971648,0.47747745627585153,2.3290742144940157,3.984025311185094,6.435924146536185,1.0,44.428264671861754,30.094747025981896,0,0.6121885723474532,0.4539236074690868,0.6760792665890065,0.8693969983992905,21.67989879633309,21.67989879633309,0.8763029850685474,14.934054181727657,0.337070122900708,0.39346882700920105,792.9744494964204,0.1516251030917431,175.88511958642198,1.0,0.036759798769417214,42.64136657252397,0.9172413793103448,0.007010423880548366,8.132091701436105,1.0,-0.0019999999999999706,-2.319999999999966,1.0,-0.0012243771446949052,-1.42027748784609,1.0,-0.00045392360746908676,-0.5265513846641406,1.0,-5.440459247477926e-05,-0.06310932727074395,1.0,-0.012374301865672968,-14.354190164180643,1.0,0.0,0.0,0.0,-0.01293103448275862,-15.0,0.01293103448275862,0.5172413793103449,600.0,0.0008620689655172414,0.0,0.0,0.0,0.0,0.0,0.0,0.0,0.0,0.0
299008,73,train,,2,3,3D_with_obstacles,6,,842.2444903332935,1358,1,0,0,0,goal,88.10757238785254,1.234182018572071,1.234182018572071,86.87339036928046,87.13397792183663,0.9889499342720497,0.9970093463104609,1.283269188834117,1.4684533883369126,1.2805254229447127,0.007115084535577203,0.026600793735167105,0.42664513606495036,0.47149409646797613,0.031900785562987005,0.12081850755356172,1.220581754530293,1.9778957029168984,0.9862933044879348,27.726350778945733,14.547181048866918,0,0.6219463717838439,0.4960486750466566,0.40682954945229816,0.6170409414286291,25.5468807031749,25.5468807031749,0.9971286961630339,19.9039604480039,0.19636486923878954,0.2526845335960388,842.244490333293,0.1306911774303554,177.47861895042266,1.0,0.051177314489453764,69.49879307667821,0.9985272459499264,0.00797702956930428,10.832806155115213,1.0,-0.001999999999999943,-2.7159999999999225,1.0,-0.0012438927435676893,-1.6892063457649222,1.0,-0.0004960486750466567,-0.6736341007133598,1.0,-4.2690507243926115e-05,-0.05797370883725166,1.0,-0.007679612440064578,-10.428913693607697,1.0,0.0,0.0,0.0,0.0,0.0,0.0,0.4418262150220913,600.0,0.0007363770250368188,0.0,0.0,0.0,0.0,0.0,0.0,0.0,0.0,0.0
299008,73,train,,3,3,3D_with_obstacles,6,,821.8661617810691,721,1,0,0,0,goal,55.65863592328185,1.2367303156688207,1.2367303156688207,54.42190560761307,54.905142744811414,0.9864622413760009,0.991198690814003,1.5230275379975429,1.7143983976843347,1.514442926576636,0.0026993449548923924,0.006405675315899639,0.05551314183870115,0.15329232769915357,0.048835688664255646,0.32178211922331146,1.3033611391141968,1.763657454625945,0.9841436987572167,44.64403742948718,41.082746219577196,0,0.6327978846760423,0.4595924264766875,0.4048472887496677,0.6047344853825113,25.256195803290225,25.256195803290225,0.9961079417718429,2.038295201306996,0.18192942775320908,0.2150961309671402,821.8661617810691,0.2441059844578103,176.00041479408122,1.0,0.060385830775483255,43.538183989123425,0.9958391123439667,0.007968863534174746,5.745550608139992,1.0,-0.0020000000000000013,-1.442000000000001,1.0,-0.0012655957693520838,-0.9124945497028524,1.0,-0.0004595924264766877,-0.33136613948969185,1.0,-1.619606974288092e-05,-0.011677366284617142,1.0,-0.000999236553118422,-0.7204495547983822,1.0,0.0,0.0,0.0,0.0,0.0,0.0,0.8321775312066574,600.0,0.0013869625520110957,0.0,0.0,0.0,0.0,0.0,0.0,0.0,0.0,0.0
303104,74,train,,0,3,3D_with_obstacles,6,,838.0206251336863,903,1,0,0,0,goal,73.61914398662624,1.232215074698438,1.232215074698438,72.38692891192788,72.83049936855728,0.9892875062740172,0.9939095507997987,1.6130786128141148,1.7838063548743697,1.6064474860856317,0.0033343062443296004,0.01854085407207151,0.04779197733182832,0.08081941156812711,0.02781464362726881,0.1961796699512508,1.5567387079039465,2.10159338841876,0.9870999777955841,43.11609011167236,37.00548150531402,0,0.5968859663887046,0.4523383284396062,0.4012914081975603,0.5980596411375046,25.51341415830661,25.51341415830661,0.9981881101041528,1.7527683872572952,0.21670592542436565,0.24217066168785095,838.0206251336863,0.1959991297619925,176.98721417507923,1.0,0.06413046919926216,57.909813686933724,0.9966777408637874,0.007985504880833215,7.2109109073923925,1.0,-0.0020000000000000013,-1.8060000000000014,1.0,-0.0011937719327774089,-1.0779760552980002,1.0,-0.00045233832843960596,-0.4084615105809642,1.0,-2.000583746998922e-05,-0.018065271235400266,1.0,-0.0008602555909242774,-0.7768107986046224,1.0,0.0,0.0,0.0,0.0,0.0,0.0,0.6644518272425249,600.0,0.0011074197120708748,0.0,0.0,0.0,0.0,0.0,0.0,0.0,0.0,0.0
303104,74,train,,1,3,3D_with_obstacles,6,,806.7155161675088,1081,1,0,0,0,goal,63.151987189730654,1.2414925363092058,1.2414925363092058,61.91049465342141,70.81367924427835,1.12132147214195,0.8742730968667151,1.3101513273687022,1.7620654808234806,1.298471159496544,0.00565156390279422,0.028224409282535667,0.4378874252380602,0.7821580175799654,0.43150925427018816,2.4673453876319194,1.9231917071808793,2.926123560151128,0.9983428687969428,38.724265256101646,29.56837097152238,0,0.6038433574148687,0.44675726745110506,0.6334245484201694,0.8071298735021553,21.94946254471064,21.94946254471064,0.7920838225255061,10.019440062330462,0.18234082789028497,0.21479137241840363,806.7155161675087,0.16323905206834732,176.46141528588345,1.0,0.04701310536137197,50.821166895643096,0.8640148011100832,0.006420404704287246,6.9404574853345125,0.9158186864014801,-0.001999999999999985,-2.1619999999999835,1.0,-0.0012076867148297392,-1.305509338730948,1.0,-0.0004467572674511053,-0.48294460611464485,1.0,-3.3909383395086834e-05,-0.03665604345008887,1.0,-0.00788197364575097,-8.520413511056798,1.0,0.0,0.0,0.0,-0.013876040703052728,-15.0,0.013876040703052728,0.5550416281221091,600.0,0.0009250693802035153,0.0,0.0,0.0,0.0,0.0,0.0,0.0,0.0,0.0
303104,74,train,,2,3,3D_with_obstacles,6,,820.0400835405842,674,1,0,0,0,goal,53.47329471358567,1.219653463043347,1.219653463043347,52.25364125054236,52.43794269615601,0.9806379610051105,0.9964853417937924,1.556022038461604,1.788340793472823,1.552182010221614,0.0027269792618361483,0.007763004222844483,0.04596464202044517,0.13107648970306407,0.02513383130562476,0.10363442155729041,0.9003022621644005,1.3502314426289737,0.979335476346601,55.138114751173646,42.396643768757535,0,0.6031809488756344,0.4597173550045974,0.39008658647935185,0.5882671282402839,25.076704011540134,25.076704011540134,0.9982067251568836,1.6258875085836255,0.1752774525400616,0.225136399269104,820.0400835405846,0.2609709846805137,175.89444367466626,1.0,0.062022132879583664,41.80291756083939,0.9985163204747775,0.007985653801255068,5.382330662045916,1.0,-0.0020000000000000013,-1.348000000000001,1.0,-0.00120636189775127,-0.813087919084356,1.0,-0.0004597173550045971,-0.30984949727309846,1.0,-1.636187556573332e-05,-0.011027904131304259,1.0,-0.000827363555605637,-0.5576430364781993,1.0,0.0,0.0,0.0,0.0,0.0,0.0,0.8902077151335311,600.0,0.001483679525222552,0.0,0.0,0.0,0.0,0.0,0.0,0.0,0.0,0.0
303104,74,train,,3,3,3D_with_obstacles,6,,816.702200682298,1055,1,0,0,0,goal,55.36174653956763,1.248572799173121,1.248572799173121,54.113173740394565,64.22463461140113,1.1600904708723214,0.8425610214493672,1.2175286182256135,1.8919889070972193,1.1869388951272988,0.004430772376699874,0.016890717278420286,0.39643024827785334,0.7499941975167643,0.4051566173487241,2.474260665579103,2.051477073910114,4.023708877710624,1.0,29.11321060860662,20.831094643250303,0,0.6188279498456779,0.47483484898020745,0.5729824386572386,0.7531930111454561,20.618771618195662,20.618771618195662,0.8162218986525687,7.393366159860584,0.2948242477189873,0.3686319589614868,816.7022006822983,0.16676821059728425,175.9404621801349,1.0,0.04289971780057335,45.25920227960488,0.8445497630331753,0.00661182100829511,6.975471163751341,0.9222748815165877,-0.0019999999999999896,-2.109999999999989,1.0,-0.0012376558996913538,-1.3057269741743782,1.0,-0.00047483484898020714,-0.5009507656741186,1.0,-2.6584634242169124e-05,-0.028046789125488428,1.0,-0.0071357444665582,-7.528210412218901,1.0,0.0,0.0,0.0,0.0,0.0,0.0,0.5687203791469194,600.0,0.0009478672985781991,0.0,0.0,0.0,0.0,0.0,0.0,0.0,0.0,0.0
