global_step,update,mode,eval_kind,episode_index,stage_id,stage_label,n_obstacles,seed,return,episode_length,success,collision,out_of_bounds,timeout,event,mission_distance,final_distance,min_distance,progress_total,path_length,path_ratio,path_efficiency,mean_speed,max_speed,mean_surge_speed,mean_abs_roll,max_abs_roll,mean_abs_pitch,max_abs_pitch,mean_abs_heading_error,max_abs_heading_error,mean_cross_track_error,max_cross_track_error,final_path_progress_fraction,mean_min_obstacle_clearance,min_obstacle_clearance,clearance_breach_steps,mean_action_l2,mean_action_delta_l2,mean_propeller_rps,mean_abs_propeller_rps,mean_target_alignment,mean_abs_depth_error,mean_current_speed,max_current_speed,reward_total_check,rc_window_mean__progress_reward,rc_cumulative_sum__progress_reward,rc_trigger_rate__progress_reward,rc_window_mean__step_penalty,rc_cumulative_sum__step_penalty,rc_trigger_rate__step_penalty,rc_window_mean__action_l2_penalty,rc_cumulative_sum__action_l2_penalty,rc_trigger_rate__action_l2_penalty,rc_window_mean__action_smooth_penalty,rc_cumulative_sum__action_smooth_penalty,rc_trigger_rate__action_smooth_penalty,rc_window_mean__roll_penalty,rc_cumulative_sum__roll_penalty,rc_trigger_rate__roll_penalty,rc_window_mean__pitch_penalty,rc_cumulative_sum__pitch_penalty,rc_trigger_rate__pitch_penalty,rc_window_mean__obstacle_clearance_penalty,rc_cumulative_sum__obstacle_clearance_penalty,rc_trigger_rate__obstacle_clearance_penalty,rc_window_mean__orbit_penalty,rc_cumulative_sum__orbit_penalty,rc_trigger_rate__orbit_penalty,rc_window_mean__goal_bonus,rc_cumulative_sum__goal_bonus,rc_trigger_rate__goal_bonus,rc_window_mean__collision_penalty,rc_cumulative_sum__collision_penalty,rc_trigger_rate__collision_penalty,rc_window_mean__out_of_bounds_penalty,rc_cumulative_sum__out_of_bounds_penalty,rc_trigger_rate__out_of_bounds_penalty,rc_window_mean__timeout_penalty,rc_cumulative_sum__timeout_penalty,rc_trigger_rate__timeout_penalty
4096,1,train,,0,1,2.5D_no_obstacles,0,,-97.59734606748508,1148,0,0,1,0,out_of_bounds,80.1204557526516,94.57657402197755,80.1204557526516,-14.456118269325955,26.269456621902183,0.32787452811054174,0.0,0.4576560387090966,0.9469870661662391,0.35215469452923387,0.001373917884834744,0.011345880370632333,0.010213124433041322,0.040281840159554605,1.387523551297008,2.190175051974572,10.749462480130807,25.4688061128498,0.0,,,0,0.3933660078431538,0.6246209469991363,5.714529643738586,5.721318588334029,0.1342354254318734,6.022050100678889,0.28672853387399,0.3386191129684448,-97.59734606748509,-0.0015716882035356756,-1.8042980576589556,1.0,-0.006000000000000034,-6.888000000000039,1.0,-0.004720392094117844,-5.4190101240472845,1.0,-0.002498483787996541,-2.868259388620029,1.0,-2.747835771581313e-05,-0.031545154657753476,1.0,-0.0005106562216907948,-0.5862333425010324,1.0,0.0,0.0,0.0,0.0,0.0,0.0,0.0,0.0,0.0,0.0,0.0,0.0,-0.06968641114982578,-80.0,0.0008710801393728223,0.0,0.0,0.0
4096,1,train,,1,1,2.5D_no_obstacles,0,,-97.0913671700473,1449,0,0,1,0,out_of_bounds,80.36727611608931,56.03081265452991,56.03081265452991,24.336463461559404,34.05071028364783,0.4236887440910912,0.7147123586801213,0.4699890998433083,1.1036869802984677,0.2937255351327018,0.0014981859136795326,0.014707722078953545,0.013682667351922695,0.04627178682972488,0.3479880419823057,0.67173743807037,7.459341731650027,16.11013599726193,0.3322550343310084,,,0,0.3922541072374252,0.6159906650390772,6.391400926815942,6.393269110703723,0.9146543500297816,3.5654748081588545,0.31298163673069823,0.36680474877357483,-97.09136717004743,0.0020898245799555668,3.0281558163556164,1.0,-0.006000000000000074,-8.694000000000107,1.0,-0.004707049286849111,-6.820514416644362,1.0,-0.0024639626601563073,-3.5702818945664894,1.0,-2.9963718249798512e-05,-0.04341742774395804,1.0,-0.0006841333660787675,-0.9913092474481342,1.0,0.0,0.0,0.0,0.0,0.0,0.0,0.0,0.0,0.0,0.0,0.0,0.0,-0.05521048999309869,-80.0,0.0006901311249137336,0.0,0.0,0.0
8192,2,train,,0,1,2.5D_no_obstacles,0,,-116.22049001355222,2400,0,0,0,1,timeout,76.96758628919122,93.2700943876052,76.96758628919122,-16.30250809841398,37.62727148768114,0.48887165756119405,0.0,0.3135605957306756,0.5653681854775777,0.24883299439644158,0.0008119839124700135,0.011604508268900027,0.018860211392156673,0.06965907288247974,1.3170371150997067,1.871104140855003,16.93416034922158,37.33500562203436,0.0,,,0,0.40234334849694275,0.6054896364078256,2.901733768589919,2.980736535083586,0.1902403551933021,5.90541545936494,0.21670385460058847,0.2851174771785736,-116.22049001355255,-0.000882541864071215,-2.118100473770916,1.0,-0.0060000000000001346,-14.400000000000324,1.0,-0.004828120181963322,-11.587488436711972,1.0,-0.002421958545631306,-5.8127005095151345,1.0,-1.623967824618875e-05,-0.038975227790853,1.0,-0.000943010569068063,-2.263225365763351,1.0,0.0,0.0,0.0,0.0,0.0,0.0,0.0,0.0,0.0,0.0,0.0,0.0,0.0,0.0,0.0,-0.03333333333333333,-80.0,0.0004166666666666667
12288,3,train,,0,1,2.5D_no_obstacles,0,,-112.57023856614049,827,0,0,1,0,out_of_bounds,67.34613743997082,76.80142896549714,67.23805878531995,-9.45529152552632,23.615679913578617,0.35066123776777136,0.0,0.5711168056488174,1.0952816489021129,0.49957600846246414,0.0025940053161192422,0.01894064070654533,0.11556445925668112,0.20634086033405286,1.3629335107585117,2.7148985653044724,8.429265094216207,22.104531172722865,0.0,,,0,0.4471526195879625,0.5880340073187864,8.764512643485185,8.76993822578813,0.1435448722731522,2.447948647855945,0.24249578596170465,0.2755492627620697,-112.57023856614042,-0.0016976834764459519,-1.4039842350208023,1.0,-0.0059999999999999585,-4.961999999999966,1.0,-0.0053658314350555555,-4.437542596790944,1.0,-0.0023521360292751443,-1.9452164962105445,1.0,-5.188010634450201e-05,-0.04290484794690316,1.0,-0.005778222962722197,-4.7785903901712565,1.0,0.0,0.0,0.0,-0.018137847642079808,-15.0,0.018137847642079808,0.0,0.0,0.0,0.0,0.0,0.0,-0.09673518742442563,-80.0,0.0012091898428053204,0.0,0.0,0.0
12288,3,train,,1,1,2.5D_no_obstacles,0,,-117.78487684497554,2400,0,0,0,1,timeout,97.19368453570519,108.707285588378,97.19368453570519,-11.513601052672811,12.019555139557147,0.12366600975129849,0.0,0.1001629594963076,0.14021273879557344,-0.08288409991201699,0.0004962090617226645,0.012283265762382811,0.0019786912175343147,0.0071190623343202475,0.39972197547845395,0.6629372409238155,5.68485786282288,11.967868002568906,0.0,,,0,0.5713959709978856,0.5711258409914687,-1.1658830537361375,1.2213014745207982,0.9047820737050675,4.386856038680711,0.08641450954135507,0.1281869262456894,-117.78487684497584,-0.000493584927340073,-1.1846038256161753,1.0,-0.0060000000000001346,-14.400000000000324,1.0,-0.0068567516519746265,-16.456203964739103,1.0,-0.002284503363965877,-5.482808073518106,1.0,-9.924181244976642e-06,-0.02381803498794394,1.0,-9.893456088091184e-05,-0.2374429461141884,1.0,0.0,0.0,0.0,0.0,0.0,0.0,0.0,0.0,0.0,0.0,0.0,0.0,0.0,0.0,0.0,-0.03333333333333333,-80.0,0.0004166666666666667
16384,4,train,,0,1,2.5D_no_obstacles,0,,-134.47448426302086,2400,0,0,0,1,timeout,102.45119080410302,65.10874665516958,64.813000521735,37.34244414893344,48.35872652432293,0.47201722249172956,0.7721965988941283,0.40298938770269166,0.9475575205861161,0.3276910324428415,0.0019157342459194641,0.023088139715609746,0.07480483156719214,0.3417742299181117,0.7411236348166782,3.140389832058311,4.866765695689847,8.809150318956757,0.36583289076992054,,,0,0.47966730973440763,0.6079616297111109,3.8437206110472704,4.691260446632926,0.590624019965274,5.782623511370877,0.3325413935631514,0.3356010317802429,-134.47448426302117,0.0015187087242815253,3.6449009382756605,1.0,-0.0060000000000001346,-14.400000000000324,1.0,-0.005756007716812891,-13.814418520350937,1.0,-0.0024318465188444393,-5.8364316452266545,1.0,-3.8314684904853304e-05,-0.09195524377164793,1.0,-0.003740241579978032,-8.976579791947277,1.0,0.0,0.0,0.0,-0.00625,-15.0,0.00625,0.0,0.0,0.0,0.0,0.0,0.0,0.0,0.0,0.0,-0.03333333333333333,-80.0,0.0004166666666666667
20480,5,train,,0,1,2.5D_no_obstacles,0,,-123.60049067897343,1458,0,0,1,0,out_of_bounds,44.38647831188853,51.37260750836058,43.578536093869005,-6.986129196472049,22.848216834508534,0.5147562434208447,0.0,0.3134186122703501,0.9354112002705622,0.2508336268181484,0.0023582409813548413,0.025023429233759664,0.0808666920736053,0.5261506572543166,1.531095849657831,2.816538670103931,10.152321688479743,20.427434315727826,0.0,,,0,0.5007822604599858,0.6092119773687598,3.474884048935803,3.932838104008271,-0.004567016175784384,0.3566297584653518,0.18196070203953646,0.24432340264320374,-123.60049067897361,-0.0010795143010343235,-1.5739318509080436,1.0,-0.006000000000000075,-8.74800000000011,1.0,-0.0060093871255198295,-8.761686429007911,1.0,-0.002436847909475044,-3.5529242520146145,1.0,-4.7164819574296176e-05,-0.06876630693932383,1.0,-0.004043334595407144,-5.895181840103616,1.0,0.0,0.0,0.0,-0.0102880658436214,-15.0,0.0102880658436214,0.0,0.0,0.0,0.0,0.0,0.0,-0.05486968449931413,-80.0,0.0006858710562414266,0.0,0.0,0.0
20480,5,train,,1,1,2.5D_no_obstacles,0,,-109.60637110935025,1924,0,0,1,0,out_of_bounds,70.15191752829821,90.30529891134495,70.15191752829821,-20.153381383046735,28.176490855789766,0.40164961769468094,0.0,0.29289491534084866,0.3302266228749198,-0.16502216130653793,0.0011414595798621096,0.0245285513846194,0.002025602507978169,0.028227131100569736,0.18808541749708382,0.3200427394747849,13.504005749255345,28.062363613964866,0.0,,,0,0.4352657752838968,0.6368696489621858,-0.257064610701477,0.6812388268131937,0.9786138748282625,0.9442932685929213,0.29567330758127996,0.34290724992752075,-109.60637110935045,-0.0014931495556545053,-2.8728197450792683,1.0,-0.006000000000000112,-11.544000000000215,1.0,-0.005223189303406772,-10.04941621975463,1.0,-0.00254747859584874,-4.901348818412975,1.0,-2.282919153536483e-05,-0.043923364514041933,1.0,-0.0001012801255661758,-0.19486296158932226,1.0,0.0,0.0,0.0,0.0,0.0,0.0,0.0,0.0,0.0,0.0,0.0,0.0,-0.04158004158004158,-80.0,0.0005197505197505198,0.0,0.0,0.0
24576,6,train,,0,1,2.5D_no_obstacles,0,,-117.51207638743304,2400,0,0,0,1,timeout,92.14580584800865,102.90829749711972,92.14580584800865,-10.76249164911107,13.141411716260432,0.14261540821441987,0.0,0.10951176430216975,0.15284203659627058,-0.08230221593568948,0.00021819339827462852,0.0031910522529030594,0.0027025888257992095,0.013353254176729834,0.10077559162874215,0.21377550600622008,6.416431351473945,12.736332209607514,0.0,,,0,0.5420214627477495,0.6249051401986798,-0.8379547895743628,0.9925673182146716,0.9931398443515336,2.477656376611261,0.10429497088616092,0.1640370935201645,-117.51207638743338,-0.00048666040512573773,-1.1679849723017706,1.0,-0.0060000000000001346,-14.400000000000324,1.0,-0.0065042575529729914,-15.61021812713518,1.0,-0.0024996205607947255,-5.999089345907341,1.0,-4.363867966967515e-06,-0.010473283120722035,1.0,-0.0001351294412366806,-0.32431065896803346,1.0,0.0,0.0,0.0,0.0,0.0,0.0,0.0,0.0,0.0,0.0,0.0,0.0,0.0,0.0,0.0,-0.03333333333333333,-80.0,0.0004166666666666667
28672,7,train,,0,1,2.5D_no_obstacles,0,,-102.03674289103739,1473,0,0,1,0,out_of_bounds,52.73733858118676,66.0866213263184,52.73733858118676,-13.349282745131632,25.311573165756005,0.4799554518055547,0.0,0.3436737700713663,0.4214077535619786,0.0879458702185292,0.0014494232937839727,0.018347382983236127,0.008262077136162541,0.023022180602161768,0.8024881611871527,1.066177645255936,12.03781798272744,24.599966614515296,0.0,,,0,0.34651415375506606,0.6604343904210767,2.9750418943808516,2.979715485674876,0.6704805572921264,0.6953850892813835,0.32921366295439003,0.356261283159256,-102.03674289103753,-0.0017184502982688001,-2.5312772893499424,1.0,-0.0060000000000000765,-8.838000000000113,1.0,-0.004158169845060791,-6.124984181774545,1.0,-0.0026417375616843053,-3.8912794283609817,1.0,-2.8988465885216552e-05,-0.04270001024892398,1.0,-0.0004131038569606356,-0.6085019813030162,1.0,0.0,0.0,0.0,0.0,0.0,0.0,0.0,0.0,0.0,0.0,0.0,0.0,-0.05431093007467753,-80.0,0.0006788866259334691,0.0,0.0,0.0
28672,7,train,,1,1,2.5D_no_obstacles,0,,-116.72678901743043,2400,0,0,0,1,timeout,32.83335367434326,40.978266907638684,32.83335367434326,-8.144913233295426,11.111391248829216,0.3384177979208963,0.0,0.09259492707357617,0.14556130726929956,-0.02185123342810351,0.0009588872145543258,0.02093116309224996,0.007471958027531677,0.07298676059316866,0.48519735441825246,1.0942947190577126,4.492123791166288,9.840116255553147,0.0,,,0,0.45054199522603694,0.6174828445564102,0.8880607868578716,1.602796599796402,0.8097628555320274,3.102681588217878,0.10362218524018924,0.14511704444885254,-116.72678901743075,-0.001033617790271101,-2.4806826966506423,1.0,-0.0060000000000001346,-14.400000000000324,1.0,-0.005406503942712439,-12.975609462509855,1.0,-0.0024699313782256395,-5.927835307741534,1.0,-1.917774426611722e-05,-0.04602658623868133,1.0,-0.00037359790178737696,-0.8966349642897047,1.0,0.0,0.0,0.0,0.0,0.0,0.0,0.0,0.0,0.0,0.0,0.0,0.0,0.0,0.0,0.0,-0.03333333333333333,-80.0,0.0004166666666666667
32768,8,train,,0,1,2.5D_no_obstacles,0,,-118.88854997268217,2400,0,0,0,1,timeout,37.51803229515289,53.56119397966228,37.51803229515289,-16.043161684509386,18.25475684032122,0.48655954813172936,0.0,0.1521229736693434,0.1838566970401308,-0.08053809812853595,0.0006404437610268626,0.015067168343973147,0.0019858941675330176,0.013198185517678152,0.5068151335565858,0.7678924689039173,8.819139708022444,18.13316383779958,0.0,,,0,0.4910988746251678,0.6041389118864512,-0.6718953503366746,0.8088137333957901,0.854984940798646,1.7768685206324248,0.15141602736587326,0.18951256573200226,-118.88854997268254,-0.0017817167620335262,-4.276120228880463,1.0,-0.0060000000000001346,-14.400000000000324,1.0,-0.005893186495501993,-14.143647589204782,1.0,-0.0024165556475458055,-5.799733554109934,1.0,-1.2808875245345892e-05,-0.03074130058883014,1.0,-9.929470829091717e-05,-0.2383072998982012,1.0,0.0,0.0,0.0,0.0,0.0,0.0,0.0,0.0,0.0,0.0,0.0,0.0,0.0,0.0,0.0,-0.03333333333333333,-80.0,0.0004166666666666667
32768,8,train,,1,1,2.5D_no_obstacles,0,,-106.18960979948257,1630,0,0,1,0,out_of_bounds,88.3268673252058,105.26595340005738,88.3268673252058,-16.939086074851588,21.408516175430357,0.2423783025906209,0.0,0.2626811800666304,0.29371059045016484,-0.13548756521509517,0.0007108249370496372,0.01183852403834651,0.003297574998943169,0.023408066971700503,0.37204422279239086,0.5294804728106399,10.423642269554438,21.297245262580343,0.0,,,0,0.5282670963441302,0.5930992902895047,-0.6876174792864577,0.8365850457697735,0.9226803969966237,3.1028693867697643,0.26500166157271965,0.2974933981895447,-106.18960979948272,-0.0011765477098007703,-1.9177727669752556,1.0,-0.006000000000000091,-9.780000000000149,1.0,-0.006339205156129566,-10.332904404491194,1.0,-0.0023723971611580154,-3.867007372687565,1.0,-1.421649875251451e-05,-0.023172892966598652,1.0,-0.00016487874991530875,-0.26875236236195327,1.0,0.0,0.0,0.0,0.0,0.0,0.0,0.0,0.0,0.0,0.0,0.0,0.0,-0.049079754601226995,-80.0,0.0006134969325153375,0.0,0.0,0.0
36864,9,train,,0,1,2.5D_no_obstacles,0,,-117.09166073370545,2400,0,0,0,1,timeout,91.93698363027401,63.61411705830131,63.61411705830131,28.322866571972703,33.843970883009646,0.36812139735967075,0.8368659419391993,0.28203309069174826,0.40119217541423097,0.22445849036689378,0.0010082729696278782,0.022237054410512158,0.01566611825888088,0.09851822153415224,0.2068840752409297,0.6278713007710994,7.1133990524551,12.105943366630054,0.3207130037767335,,,0,0.6398167727693604,0.5643009356682644,0.7595143807582904,1.467519728878074,0.962365041606292,2.7307424521849315,0.28412968525042137,0.3394882082939148,-117.09166073370577,0.0012836177497890643,3.0806825994937546,1.0,-0.0060000000000001346,-14.400000000000324,1.0,-0.007677801273232325,-18.42672305575758,1.0,-0.0022572037426730578,-5.4172889824153385,1.0,-2.01654593789168e-05,-0.04839710250940032,1.0,-0.0007833059135486999,-1.8799341925168798,1.0,0.0,0.0,0.0,0.0,0.0,0.0,0.0,0.0,0.0,0.0,0.0,0.0,0.0,0.0,0.0,-0.03333333333333333,-80.0,0.0004166666666666667
40960,10,train,,0,1,2.5D_no_obstacles,0,,-115.64587449066715,2400,0,0,0,1,timeout,39.64326838116203,49.083802947865564,39.64326838116203,-9.440534566703533,15.993264001636586,0.40342950152002044,0.0,0.13327720001363783,0.1921373398162769,-0.024791198664145996,0.0006464885851564064,0.0115295425228652,0.003989025030796317,0.020303105810791422,0.49723345856459134,0.8830425276082909,7.123053087121511,14.802689152379257,0.0,,,0,0.4243198627489619,0.6389975608762082,0.5781077511138455,1.4252687661035688,0.8553840710817826,4.585542974937944,0.14571528292571506,0.20549455285072327,-115.64587449066751,-0.0009922380848217298,-2.3813714035721514,1.0,-0.0060000000000001346,-14.400000000000324,1.0,-0.005091838352987543,-12.220412047170104,1.0,-0.0025559902435048354,-6.134376584411605,1.0,-1.2929771686558209e-05,-0.0310314520477397,1.0,-0.00019945125144399365,-0.4786830034655848,1.0,0.0,0.0,0.0,0.0,0.0,0.0,0.0,0.0,0.0,0.0,0.0,0.0,0.0,0.0,0.0,-0.03333333333333333,-80.0,0.0004166666666666667
45056,11,train,,0,1,2.5D_no_obstacles,0,,-113.59123873981453,2400,0,0,0,1,timeout,77.57558064434926,72.45446274464277,72.45446274464277,5.121117899706491,7.018541948287246,0.09047359865038263,0.7296555235316662,0.05848784956906149,0.09189329991741453,0.04022375803393578,0.0006451602219875483,0.015243615818316236,0.002521742684894553,0.01966429036821582,0.19115624468412792,0.33880265814574795,1.8015368664915423,3.5388463930336025,0.0671292725252577,,,0,0.47579517415397277,0.6057194292849939,-0.6267815019224969,0.8220117778064003,0.9717979879284333,8.03684926442616,0.07382901890203357,0.10978683084249496,-113.5912387398148,0.0002750606707876616,0.6601456098903878,1.0,-0.0060000000000001346,-14.400000000000324,1.0,-0.005709542089847676,-13.702901015634422,1.0,-0.00242287771713997,-5.814906521135929,1.0,-1.290320443409855e-05,-0.03096769064183652,1.0,-0.00012608713428861632,-0.30260912229267917,1.0,0.0,0.0,0.0,0.0,0.0,0.0,0.0,0.0,0.0,0.0,0.0,0.0,0.0,0.0,0.0,-0.03333333333333333,-80.0,0.0004166666666666667
45056,11,train,,1,1,2.5D_no_obstacles,0,,-101.12400611764534,1315,0,0,1,0,out_of_bounds,117.44784670922549,135.00208322367502,117.44784670922549,-17.554236514449528,21.41088579512575,0.18230122045689182,0.0,0.3256408485950682,0.3614319377729785,-0.22781638909472685,0.0015992266884449892,0.024971960159687612,0.002864689363249396,0.014995973431080056,0.18608586549047104,0.25395590924332634,10.612855566208923,21.23914740603897,0.0,,,0,0.5277341026841121,0.604811407957481,-0.7757430022084386,0.8610916117140431,0.9809570497439761,3.226893489873527,0.3233574268029217,0.3819597363471985,-101.12400611764545,-0.0011366091131159233,-1.494640983747439,1.0,-0.006000000000000058,-7.890000000000077,1.0,-0.006332809232209353,-8.3276441403553,1.0,-0.0024192456318299243,-3.1813080058563505,1.0,-3.198453377616349e-05,-0.04205966191565499,1.0,-0.00014323446826663448,-0.18835332577062433,1.0,0.0,0.0,0.0,0.0,0.0,0.0,0.0,0.0,0.0,0.0,0.0,0.0,-0.060836501901140684,-80.0,0.0007604562737642585,0.0,0.0,0.0
49152,12,train,,0,1,2.5D_no_obstacles,0,,-120.34608824826319,2374,0,0,1,0,out_of_bounds,41.35067933024344,60.55225755549728,41.35067933024344,-19.20157822525384,20.872551211430324,0.5047692456206969,0.0,0.17584289141895706,0.2078126681554488,-0.10468151816274393,0.00026942784029842533,0.0049749776340086704,0.002325517582240144,0.0182229467279047,0.5055516806249336,0.8066986242199632,10.043814435447654,20.863403668999855,0.0,,,0,0.5499784810255339,0.5793887455139557,-0.6548655411216016,0.8024238813341792,0.8572656791005273,0.7856328976396424,0.17672704691859786,0.22078394889831543,-120.34608824826353,-0.0019560212226410493,-4.643594382549852,1.0,-0.006000000000000134,-14.244000000000318,1.0,-0.006599741772306408,-15.667786967455413,1.0,-0.0023175549820558237,-5.501875527400525,1.0,-5.388556816779767e-06,-0.012792433883035166,1.0,-0.0001162758790962019,-0.2760389369743833,1.0,0.0,0.0,0.0,0.0,0.0,0.0,0.0,0.0,0.0,0.0,0.0,0.0,-0.03369839932603201,-80.0,0.00042122999157540015,0.0,0.0,0.0
49152,12,train,,1,1,2.5D_no_obstacles,0,,-102.57836212375261,1403,0,0,1,0,out_of_bounds,63.6290782578514,69.97397728524182,63.6290782578514,-6.344899027390419,23.639218718376405,0.37151596983034224,0.0,0.3369810223574694,0.4477486835934638,0.003976895872201906,0.0002124092165120352,0.0011575942037369558,0.0038111115014690922,0.023653317654852124,0.3007516438785654,0.4900854877842358,11.263423444725877,21.571534997946742,0.0,,,0,0.5695326941729081,0.5882448838407696,-0.6986327103663409,0.8312731207725551,0.9469749192011938,0.5609801980457134,0.3257240627122962,0.3613630533218384,-102.5783621237527,-0.0007107410705228235,-0.9971697219435213,1.0,-0.0060000000000000695,-8.418000000000097,1.0,-0.0068343923300749005,-9.588652439095085,1.0,-0.002352979535363074,-3.3012302881143927,1.0,-4.248184330340385e-06,-0.00596020261546756,1.0,-0.00019055557518469688,-0.2673494719841297,1.0,0.0,0.0,0.0,0.0,0.0,0.0,0.0,0.0,0.0,0.0,0.0,0.0,-0.05702066999287242,-80.0,0.0007127583749109052,0.0,0.0,0.0
53248,13,train,,0,1,2.5D_no_obstacles,0,,-116.57334270776838,1640,0,0,1,0,out_of_bounds,59.90843213051038,69.68603847458199,59.90843213051038,-9.777606344071614,24.151459253234258,0.4031395647380716,0.0,0.29452999089310206,0.3381543408314088,-0.07699164494652648,0.00023356818788466526,0.0013852504916451736,0.007848275283495102,0.033288621612618474,0.1427416370236906,0.2715396439015052,11.727370089913453,23.87452180220703,0.0,,,0,1.1028921564745648,0.41846244131312876,-0.017956114905798883,0.6879345698296689,0.9870410172687418,2.1251997284445925,0.30439711238552886,0.35370373725891113,-116.57334270776846,-0.0009951779533906744,-1.632091843560706,1.0,-0.006000000000000092,-9.84000000000015,1.0,-0.013234705877694762,-21.70491763941941,1.0,-0.0016738497652525133,-2.7451136150141218,1.0,-4.671363752827928e-06,-0.007661036554637801,1.0,-0.0003924137641581978,-0.6435585732194444,1.0,0.0,0.0,0.0,0.0,0.0,0.0,0.0,0.0,0.0,0.0,0.0,0.0,-0.04878048780487805,-80.0,0.0006097560975609756,0.0,0.0,0.0
53248,13,train,,1,1,2.5D_no_obstacles,0,,-130.99753742977344,2400,0,0,0,1,timeout,36.38392261157385,40.61173843093465,36.38392261157385,-4.227815819360799,15.825068071003537,0.43494672743091006,0.0,0.13187556725836305,0.14147000838521537,-0.0024856777519028875,0.0009324798540520309,0.022625565251528368,0.007850137276158183,0.0453841739135421,0.2437434489307833,0.3576357523633469,7.5839069232429965,15.719387626515227,0.0,,,0,1.0579321786404277,0.4146160495332879,-0.19055435291520428,0.7335122052168007,0.9649977826043844,1.376589707917083,0.13829355008900165,0.14123228192329407,-130.99753742977376,-0.0004841671261067647,-1.1620011026562354,1.0,-0.0060000000000001346,-14.400000000000324,1.0,-0.012695186143685143,-30.468446744844343,1.0,-0.001658464198133155,-3.980314075519572,1.0,-1.8649597073320466e-05,-0.04475903297596912,1.0,-0.00039250686407388085,-0.942016473777314,1.0,0.0,0.0,0.0,0.0,0.0,0.0,0.0,0.0,0.0,0.0,0.0,0.0,0.0,0.0,0.0,-0.03333333333333333,-80.0,0.0004166666666666667
57344,14,train,,0,1,2.5D_no_obstacles,0,,-115.24922575297859,1600,0,0,1,0,out_of_bounds,97.34674245315499,104.14639983385275,97.34674245315499,-6.7996573806977665,20.667911447516357,0.21231230677762156,0.0,0.2583488930939556,0.2742868789591657,-0.03860885506062153,0.000450172482324073,0.005382748633746104,0.005933011283060364,0.04900489081127368,0.18470745221564566,0.27967864474018445,9.8938260421129,20.15775101332361,0.0,,,0,1.1391040495131164,0.40482544880782373,-0.2841264459675265,0.7115246678654276,0.981652606130299,0.38034805289904566,0.26608361626043914,0.27802032232284546,-115.24922575297877,-0.00043656169234231696,-0.6984987077477072,1.0,-0.006000000000000089,-9.600000000000142,1.0,-0.013669248594157411,-21.870797750651857,1.0,-0.0016193017952312915,-2.5908828723700665,1.0,-9.00344966596611e-06,-0.014405519465545776,1.0,-0.0002966505642146585,-0.47464090274345355,1.0,0.0,0.0,0.0,0.0,0.0,0.0,0.0,0.0,0.0,0.0,0.0,0.0,-0.05,-80.0,0.000625,0.0,0.0,0.0
57344,14,train,,1,1,2.5D_no_obstacles,0,,-100.13773441421962,1306,0,0,1,0,out_of_bounds,68.20685042446172,70.67459808654519,68.20685042446172,-2.467747662083468,21.511226152333055,0.3153821942878961,0.0,0.32942153372638744,0.41221183898083225,0.054507516216765785,0.00032892429159415764,0.003228436893152331,0.010418542049647317,0.07342362241564793,0.2870378023038319,0.6259352352881988,9.881291263176921,20.103496511214544,0.006623818264373871,,,0,0.531105583735455,0.560398528991327,0.18209066975702407,0.7697787056855174,0.9488382807866483,2.530597598435182,0.3319298836529529,0.3838593661785126,-100.13773441421974,-0.0002770317698300515,-0.36180349139804724,1.0,-0.006000000000000057,-7.836000000000075,1.0,-0.006373267004825457,-8.323486708302047,1.0,-0.0022415941159653068,-2.927521915450691,1.0,-6.57848583668644e-06,-0.00859150250271249,1.0,-0.0005209271030368752,-0.680330796566159,1.0,0.0,0.0,0.0,0.0,0.0,0.0,0.0,0.0,0.0,0.0,0.0,0.0,-0.06125574272588055,-80.0,0.0007656967840735069,0.0,0.0,0.0
61440,15,train,,0,1,2.5D_no_obstacles,0,,-126.35707523656859,2040,0,0,1,0,out_of_bounds,77.40531424683581,97.1411281843185,77.40531424683581,-19.73581393748269,20.171625393645463,0.2605974226694654,0.0,0.19776103327103367,0.26480319773288014,-0.1522025977459731,0.0004996429378227037,0.006986883639751529,0.006380638962629513,0.03566302753825612,0.47404167612958853,0.7341103381932794,9.939369192949638,20.10567711051514,0.0,,,0,1.1248052276579628,0.4118824700117294,0.033502920567596316,0.7197554593710321,0.8773619074716607,1.330905354215588,0.20933358521730291,0.28053659200668335,-126.35707523656885,-0.0012498390699577492,-2.5496717027138085,1.0,-0.006000000000000119,-12.240000000000242,1.0,-0.013497662731895541,-27.535231973066903,1.0,-0.0016475298800469188,-3.3609609552957145,1.0,-9.992858742082516e-06,-0.020385431833848333,1.0,-0.0003190319478717332,-0.6508251736583357,1.0,0.0,0.0,0.0,0.0,0.0,0.0,0.0,0.0,0.0,0.0,0.0,0.0,-0.0392156862745098,-80.0,0.0004901960784313725,0.0,0.0,0.0
65536,16,train,,0,1,2.5D_no_obstacles,0,,-125.93698758092981,2400,0,0,0,1,timeout,93.86224244762454,102.14523543472455,93.86224244762454,-8.282992987100016,12.986061417015572,0.13835234571837382,0.0,0.10821717847513092,0.12583602767332586,-0.027885165759855002,0.000813896952824706,0.02039969289227539,0.008773596177969646,0.08418550722696105,0.4272976527350454,0.6488135117254075,6.254557121446393,12.639117958269653,0.0,,,0,0.8588938545233881,0.5027586723051112,0.033352711970492284,0.8828161729911321,0.896846117252898,3.8062066795918295,0.1151669285322229,0.13059158623218536,-125.93698758093007,-0.0003676928004233597,-0.8824627210160633,1.0,-0.0060000000000001346,-14.400000000000324,1.0,-0.010306726254280646,-24.736143010273548,1.0,-0.002011034689220447,-4.826483254129073,1.0,-1.627793903792456e-05,-0.03906705369101895,1.0,-0.0004386798090916764,-1.0528315418200234,1.0,0.0,0.0,0.0,0.0,0.0,0.0,0.0,0.0,0.0,0.0,0.0,0.0,0.0,0.0,0.0,-0.03333333333333333,-80.0,0.0004166666666666667
69632,17,train,,0,1,2.5D_no_obstacles,0,,-114.2907753346995,2101,0,0,1,0,out_of_bounds,117.79728243268211,140.8381858465456,117.79728243268211,-23.04090341386349,23.995794229448546,0.20370414099460638,0.0,0.2284226009466769,0.2733907704616629,-0.06614321024351477,0.0009451040615781799,0.01765357744597118,0.009264924246841893,0.05957423460440703,0.9252108788637425,1.5580520001870903,11.245365927845363,23.90136604927666,0.0,,,0,0.5517025776007973,0.5719035202470533,0.8149692892189649,0.9961960373010228,0.5334073142534679,5.009534812464952,0.2473449388652799,0.255900114774704,-114.29077533469979,-0.0009309753446041966,-1.9559791990134172,1.0,-0.0060000000000001216,-12.606000000000256,1.0,-0.006620430931209575,-13.909525386471318,1.0,-0.0022876140809882112,-4.806277184156232,1.0,-1.8902081268606787e-05,-0.03971327274534286,1.0,-0.0004632462124289448,-0.9732802923132131,1.0,0.0,0.0,0.0,0.0,0.0,0.0,0.0,0.0,0.0,0.0,0.0,0.0,-0.03807710613993336,-80.0,0.00047596382674916705,0.0,0.0,0.0
69632,17,train,,1,1,2.5D_no_obstacles,0,,-124.35474164169052,1886,0,0,1,0,out_of_bounds,45.50455537515246,67.23787555632231,45.50455537515246,-21.73332018116985,21.80158819422608,0.47910781710726774,0.0,0.231193936312049,0.25756522149374217,-0.22541843599187497,0.0010534516919950719,0.021714197778510247,0.009690868227869066,0.07690906404668763,0.13686594279765976,0.4591197780627061,10.658374048053975,21.776319873292945,0.0,,,0,1.068536733065792,0.41436340320960746,0.2890595907929308,0.8331874662457023,0.9834479651523365,2.0682492800930214,0.2547443775995412,0.28987640142440796,-124.35474164169081,-0.002532383729680399,-4.7760757141772325,1.0,-0.006000000000000109,-11.316000000000207,1.0,-0.012822440796789545,-24.18312334274508,1.0,-0.0016574536128384299,-3.1259575138132787,1.0,-2.1069033780435437e-05,-0.039736197709901236,1.0,-0.0004845434110525524,-0.9138488732451138,1.0,0.0,0.0,0.0,0.0,0.0,0.0,0.0,0.0,0.0,0.0,0.0,0.0,-0.042417815482502653,-80.0,0.0005302226935312832,0.0,0.0,0.0
73728,18,train,,0,1,2.5D_no_obstacles,0,,-124.82925809401979,2276,0,0,1,0,out_of_bounds,90.3698612974562,107.8138987682841,90.3698612974562,-17.444037470827908,25.876407904928563,0.2863389135870783,0.0,0.2273849552278446,0.24439667843545848,-0.10742671529476447,0.0008716003645673033,0.01726335792904754,0.008841730390830386,0.055061386943557444,0.2839080403157207,0.4525215181747555,12.892545571994521,25.78230601882808,0.0,,,0,0.8684883520448243,0.4917559695007813,0.030033618682376875,0.8249385536565066,0.9506882034627532,2.3157368871048356,0.2360141420236057,0.2547803521156311,-124.8292580940201,-0.0008481079563207862,-1.9302937085861094,1.0,-0.00600000000000013,-13.656000000000295,1.0,-0.010421860224537892,-23.720153871048243,1.0,-0.001967023878003125,-4.4769463463351125,1.0,-1.7432007308446103e-05,-0.03967524863402333,1.0,-0.00044208651995444144,-1.0061889194163087,1.0,0.0,0.0,0.0,0.0,0.0,0.0,0.0,0.0,0.0,0.0,0.0,0.0,-0.0351493848857645,-80.0,0.0004393673110720562,0.0,0.0,0.0
73728,18,train,,1,1,2.5D_no_obstacles,0,,-115.94712731856646,1786,0,0,1,0,out_of_bounds,90.88728677729262,110.36866298286188,90.88728677729262,-19.481376205569262,25.184691904861744,0.2770980716651112,0.0,0.28202342558635957,0.3159772201994862,-0.14425175532550844,0.00040988402117823853,0.006074002548451141,0.0043225400365317,0.04809382828179842,0.3364047060155299,0.48760354024503894,12.170497885514761,25.050255699423314,0.0,,,0,0.9027818377032742,0.4673288923480693,-0.2981067091871426,0.7485347719906519,0.9388057334370884,1.8433079488618702,0.28966817566822517,0.3264939785003662,-115.94712731856654,-0.0012001486467276001,-2.143465483055494,1.0,-0.006000000000000103,-10.716000000000184,1.0,-0.010833382052439292,-19.348420345656574,1.0,-0.0018693155693922743,-3.3385976069346017,1.0,-8.197680420966025e-06,-0.01464105723184532,1.0,-0.00021612700206486758,-0.3860028256878535,1.0,0.0,0.0,0.0,0.0,0.0,0.0,0.0,0.0,0.0,0.0,0.0,0.0,-0.04479283314669653,-80.0,0.0005599104143337066,0.0,0.0,0.0
77824,19,train,,0,1,2.5D_no_obstacles,0,,-114.54983188883497,2400,0,0,0,1,timeout,88.06001437032106,96.52454131569301,88.06001437032106,-8.464526945371958,8.851340505628738,0.10051486555982113,0.0,0.07376117088023895,0.10631309107230366,-0.06718485395730255,0.00017997597924058085,0.002128553972124969,0.0019435084797254087,0.012144474945333439,0.21336234649694472,0.407553868073963,4.265255922319467,8.596467925944433,0.0,,,0,0.4600322542017481,0.593522976776779,-0.6058662296003811,0.7901242620157983,0.9678036040977384,6.308181713003318,0.06856077944394201,0.1001155897974968,-114.54983188883533,-0.00040050938583845793,-0.9612225260122991,1.0,-0.0060000000000001346,-14.400000000000324,1.0,-0.005520387050420964,-13.248928921010314,1.0,-0.002374091907107115,-5.697820577057077,1.0,-3.599519587128578e-06,-0.008638847009108587,1.0,-9.717542406091939e-05,-0.23322101774620652,1.0,0.0,0.0,0.0,0.0,0.0,0.0,0.0,0.0,0.0,0.0,0.0,0.0,0.0,0.0,0.0,-0.03333333333333333,-80.0,0.0004166666666666667
77824,19,train,,1,1,2.5D_no_obstacles,0,,-89.49560826466669,359,0,0,1,0,out_of_bounds,54.16233471235674,75.25962234813493,54.16233471235674,-21.097287635778187,21.985270997584475,0.4059143889262347,0.0,1.2248061837094417,3.652267781707264,-1.1589062105100922,0.002809755447784395,0.012463365625234424,0.028698271422022067,0.10586326015815306,0.10345107671007009,0.13049981044089431,5.877605111359005,21.47484513809348,0.0,,,0,0.4588430271364624,0.6507027161678606,-0.49411400072092754,0.7218007978504398,0.989960844700765,4.384000646819274,0.32317179748606883,0.39237773418426514,-89.49560826466669,-0.010850126428089798,-3.8951953876842373,1.0,-0.005999999999999989,-2.153999999999996,1.0,-0.005506116325637552,-1.976695760903881,1.0,-0.0026028108646714444,-0.9344091004170485,1.0,-5.619510900465977e-05,-0.020174044132672857,1.0,-0.0014349135697182417,-0.5151339715288488,1.0,0.0,0.0,0.0,0.0,0.0,0.0,0.0,0.0,0.0,0.0,0.0,0.0,-0.22284122562674094,-80.0,0.002785515320334262,0.0,0.0,0.0
81920,20,train,,0,1,2.5D_no_obstacles,0,,-113.49382940273674,2400,0,0,0,1,timeout,122.04712425407277,117.65245746703108,117.65245746703108,4.394666787041686,7.493629080481303,0.06139947275514144,0.586453738214572,0.06244690900401159,0.09874623482045068,0.032448589821617774,0.0008525718521181476,0.02243721073228988,0.0035600004118269504,0.03188520517392446,0.11641362328949366,0.3250975008317223,2.790602791241711,5.6574438263469995,0.0371231001478418,,,0,0.4535683861126502,0.6169808216369711,-0.4657553236343814,0.7536927545608908,0.9894776002552228,4.254123247380448,0.06883899576806773,0.09879696369171143,-113.49382940273702,0.00015003312634023506,0.3600795032165641,1.0,-0.0060000000000001346,-14.400000000000324,1.0,-0.005442820633351797,-13.062769520044315,1.0,-0.002467923286547871,-5.92301588771489,1.0,-1.7051437036360863e-05,-0.040923448887266074,1.0,-0.00017800002054449763,-0.4272000493067943,1.0,0.0,0.0,0.0,0.0,0.0,0.0,0.0,0.0,0.0,0.0,0.0,0.0,0.0,0.0,0.0,-0.03333333333333333,-80.0,0.0004166666666666667
86016,21,train,,0,1,2.5D_no_obstacles,0,,-109.82642025249264,1707,0,0,1,0,out_of_bounds,55.94176196541277,70.42479044105418,55.94176196541277,-14.483028475641412,20.553328555910404,0.3674058133638685,0.0,0.24081228536508964,0.285738584152201,-0.08983546181800739,0.001245776823191154,0.02530920298316719,0.004182051139451749,0.023460403290810117,0.3863079110994574,0.5857382499141557,9.67663985960813,20.405092614979182,0.0,,,0,0.6271244053132549,0.5492073154426385,-0.6569544524904962,0.7756387359064153,0.9123468085743063,0.16299712211696857,0.24626715711738606,0.30370137095451355,-109.82642025249281,-0.0015166652017996568,-2.588947499472014,1.0,-0.006000000000000097,-10.242000000000166,1.0,-0.007525492863759069,-12.846016318436732,1.0,-0.002196829261770552,-3.749987549842332,1.0,-2.4915536372944342e-05,-0.04253082058861599,1.0,-0.00020910255662152943,-0.35693806415295076,1.0,0.0,0.0,0.0,0.0,0.0,0.0,0.0,0.0,0.0,0.0,0.0,0.0,-0.04686584651435267,-80.0,0.0005858230814294083,0.0,0.0,0.0
90112,22,train,,0,1,2.5D_no_obstacles,0,,-125.46034102814309,2400,0,0,0,1,timeout,93.40051434636852,103.55157791065541,93.40051434636852,-10.151063564286886,13.811131234953955,0.1478699697919912,0.0,0.11509276029128436,0.1355887995075993,-0.0817129099261756,0.0008553135980824775,0.022290081824387187,0.007018101307082685,0.03167001807164693,0.05895727609111046,0.13634480318541575,6.567459225491361,13.69560287826256,0.0,,,0,0.8500618216797011,0.4800522602681182,-0.9658627975994168,1.043145602637474,0.9948471316942409,6.720371967658978,0.10633169344936808,0.1406116783618927,-125.46034102814352,-0.0004528465231752037,-1.086831655620489,1.0,-0.0060000000000001346,-14.400000000000324,1.0,-0.010200741860156418,-24.4817804643754,1.0,-0.0019202090410724737,-4.608501698573937,1.0,-1.710627192793521e-05,-0.0410550526270445,1.0,-0.00035090506539429603,-0.8421721569463105,1.0,0.0,0.0,0.0,0.0,0.0,0.0,0.0,0.0,0.0,0.0,0.0,0.0,0.0,0.0,0.0,-0.03333333333333333,-80.0,0.0004166666666666667
94208,23,train,,0,1,2.5D_no_obstacles,0,,-127.7060852361493,2400,0,0,0,1,timeout,91.99402937946041,83.01131671559727,83.01131671559727,8.98271266386314,10.46651720240275,0.11377387503302056,0.8582332107380495,0.0872209766866907,0.1415921450858907,0.0680458140492768,0.00017302145513057552,0.0020794011426903403,0.007379696823859265,0.027586888181279967,0.3001688633335974,0.9372627310050312,1.9687428170429713,4.256857634136467,0.09883175420785069,,,0,1.0225001574326114,0.41048512857591657,-0.8953959125837267,1.0018896013467982,0.9098314634971496,1.7468887489727634,0.1049779028336828,0.15800951421260834,-127.70608523614973,0.00040685215861541125,0.976445180676987,1.0,-0.0060000000000001346,-14.400000000000324,1.0,-0.01227000188919134,-29.448004534059216,1.0,-0.0016419405143036706,-3.9406572343288095,1.0,-3.4604291011039737e-06,-0.008305029842649537,1.0,-0.0003689848410815464,-0.8855636185957114,1.0,0.0,0.0,0.0,0.0,0.0,0.0,0.0,0.0,0.0,0.0,0.0,0.0,0.0,0.0,0.0,-0.03333333333333333,-80.0,0.0004166666666666667
98304,24,train,,0,1,2.5D_no_obstacles,0,,-139.0322349624568,2400,0,0,0,1,timeout,69.62137184498705,81.5425412091782,69.62137184498705,-11.921169364191144,39.78094790087806,0.5713898885740272,0.0,0.33150789917398354,0.3950556198174776,0.2091850834070129,0.00042903669076122013,0.009193745380999374,0.0073737246392263315,0.03142382734535287,1.1407516914593552,2.251238978370182,19.430465117641823,38.778634863960754,0.0,,,0,1.353461667802185,0.3161262820923488,-0.7931661880498465,0.9019367660841865,0.3324009393552967,1.7231736484553615,0.3329994012167056,0.3885328471660614,-139.0322349624571,-0.0007134524600873634,-1.7122859042096723,1.0,-0.0060000000000001346,-14.400000000000324,1.0,-0.016241540013626196,-38.97969603270287,1.0,-0.0012645051283693973,-3.0348123080865537,1.0,-8.580733793357107e-06,-0.020593761104057057,1.0,-0.000368686231814005,-0.8848469563536121,1.0,0.0,0.0,0.0,0.0,0.0,0.0,0.0,0.0,0.0,0.0,0.0,0.0,0.0,0.0,0.0,-0.03333333333333333,-80.0,0.0004166666666666667
102400,25,train,,0,1,2.5D_no_obstacles,0,,-118.08799924478691,1515,0,0,1,0,out_of_bounds,84.09239744355875,104.2522719578338,84.09239744355875,-20.159874514275046,21.913718289845775,0.26059095656719566,0.0,0.2892900104270083,0.3178981971625276,-0.1475009791236966,0.0014765417309365858,0.02674998397517614,0.0061399059312540315,0.01876188548831159,0.6234444567586395,1.003971973517988,10.719040194713399,21.780156912506506,0.0,,,0,1.3186018338888,0.3496093670803194,-0.6661894190486776,0.8228038710306649,0.7786156158154628,3.142789150207379,0.29104345017927313,0.3062400817871094,-118.08799924478703,-0.00158240795467144,-2.397348051327232,1.0,-0.006000000000000081,-9.090000000000122,1.0,-0.015823222006665607,-23.972181340098395,1.0,-0.0013984374683212756,-2.1186327645067324,1.0,-2.9530834562055697e-05,-0.04473921436151438,1.0,-0.0003069952966950767,-0.46509787449304124,1.0,0.0,0.0,0.0,0.0,0.0,0.0,0.0,0.0,0.0,0.0,0.0,0.0,-0.052805280528052806,-80.0,0.0006600660066006601,0.0,0.0,0.0
102400,25,train,,1,1,2.5D_no_obstacles,0,,-114.42301957613259,2400,0,0,0,1,timeout,78.75807091098058,60.851671480049866,60.851671480049866,17.906399430930712,18.227433672066653,0.23143575586899442,0.9823873043835062,0.1518952806005548,0.2176122729052716,0.14056262496908525,0.0003904201725201678,0.006221258996820467,0.009846031287237383,0.046456644305240324,0.20303000827460174,0.3960632590132871,1.0506058747893507,2.126647750742828,0.2278315311907963,,,0,0.534391388632066,0.5943624108130462,0.2532375572149808,0.8666374678854364,0.9665209507617484,6.195280724519964,0.14875598000052073,0.18049675226211548,-114.42301957613296,0.0009473314514420851,2.2735954834610044,1.0,-0.0060000000000001346,-14.400000000000324,1.0,-0.006412696663584801,-15.390471992603521,1.0,-0.0023774496432521857,-5.705879143805245,1.0,-7.808403449538316e-06,-0.01874016827889196,1.0,-0.0004923015645441632,-1.1815237549059916,1.0,0.0,0.0,0.0,0.0,0.0,0.0,0.0,0.0,0.0,0.0,0.0,0.0,0.0,0.0,0.0,-0.03333333333333333,-80.0,0.0004166666666666667
106496,26,train,,0,1,2.5D_no_obstacles,0,,-128.70849135200575,2400,0,0,0,1,timeout,30.454213157066494,46.001749647866255,30.454213157066494,-15.54753649079976,17.13043417873947,0.5624980061179017,0.0,0.1427536181561627,0.18965908985233024,-0.061397090080299366,0.000832608851006766,0.0204835070641205,0.018396392187707285,0.1656131097131852,0.74751236168533,1.5221398946494666,7.647063895070837,16.309891378148976,0.0,,,0,0.7655235590892456,0.5113191275064795,0.8538215057789701,1.21604867285269,0.6783767324312718,5.906894100546676,0.16638585025134187,0.21356000006198883,-128.7084913520061,-0.002127173725057063,-5.105216940136951,1.0,-0.0060000000000001346,-14.400000000000324,1.0,-0.009186282709070943,-22.047078501770265,1.0,-0.0020452765100259195,-4.908663624062207,1.0,-1.665217700510866e-05,-0.03996522481226078,1.0,-0.0009198196088433729,-2.2075670612240947,1.0,0.0,0.0,0.0,0.0,0.0,0.0,0.0,0.0,0.0,0.0,0.0,0.0,0.0,0.0,0.0,-0.03333333333333333,-80.0,0.0004166666666666667
110592,27,train,,0,1,2.5D_no_obstacles,0,,-127.83117312354233,2400,0,0,0,1,timeout,140.72398076091497,152.62655988484968,140.72398076091497,-11.902579123934714,18.376980765649705,0.13058883543716363,0.0,0.15314150638041457,0.1769446472137447,-0.10150955275700695,0.0008620311414350867,0.022626879860928373,0.005102499494022617,0.023054062824892974,0.20706216021509602,0.3922723428085706,8.480076375724828,17.85876261916637,0.0,,,0,0.9513335606064841,0.47221654714413336,-0.5395889047120234,0.8264776777623852,0.9739356359114895,2.5718093053847717,0.15329003697261215,0.17553699016571045,-127.83117312354264,-0.00035242095494242694,-0.8458102918618247,1.0,-0.0060000000000001346,-14.400000000000324,1.0,-0.011416002727277814,-27.398406545466756,1.0,-0.0018888661885765293,-4.5332788525836705,1.0,-1.72406228307827e-05,-0.041377494793878485,1.0,-0.0002551249745150798,-0.6122999388361916,1.0,0.0,0.0,0.0,0.0,0.0,0.0,0.0,0.0,0.0,0.0,0.0,0.0,0.0,0.0,0.0,-0.03333333333333333,-80.0,0.0004166666666666667
114688,28,train,,0,1,2.5D_no_obstacles,0,,-115.50922737033814,2400,0,0,0,1,timeout,90.75960421372879,83.66990356424138,83.66990356424138,7.089700649487412,14.534913542796206,0.16014738791244723,0.4877704039045495,0.1211242795233017,0.17451973507571905,0.10888752568643073,0.0009377392211660277,0.022534905806384398,0.006808689405510284,0.04712729453248343,0.5986742336307967,1.0673552411249663,5.664407302723061,12.100632778354276,0.08780715256937212,,,0,0.5380320448675775,0.5763543570650896,-0.035605020412643296,0.7144413388681873,0.782484270520095,5.4894107012789295,0.12414548850307862,0.167796790599823,-115.50922737033844,0.0003254798170263034,0.7811515608631281,1.0,-0.0060000000000001346,-14.400000000000324,1.0,-0.006456384538410916,-15.495322892186197,1.0,-0.00230541742826036,-5.533001827824864,1.0,-1.8754784422056705e-05,-0.04501148261293609,1.0,-0.0003404344702405188,-0.8170427285772451,1.0,0.0,0.0,0.0,0.0,0.0,0.0,0.0,0.0,0.0,0.0,0.0,0.0,0.0,0.0,0.0,-0.03333333333333333,-80.0,0.0004166666666666667
118784,29,train,,0,1,2.5D_no_obstacles,0,,-136.9542640669284,2400,0,0,0,1,timeout,67.4389438889254,65.89903296876281,65.26779942556804,1.5399109201625834,20.4665741489556,0.3034830169147497,0.07524028735611153,0.1705547845746321,0.20775721091357005,0.13204082984502363,0.0003403428226586036,0.005831094506455692,0.008095520625560444,0.04164844125346878,1.0847682769298546,2.5451113261355456,9.62202317361164,19.535958423071715,0.06676021781792289,,,0,1.340228048247518,0.3329415458910565,-0.4452757800335251,0.8043831588240448,0.3692185018658279,3.8777243929776932,0.17977302198608716,0.19555877149105072,-136.9542640669287,9.51422891681892e-05,0.22834149400365406,1.0,-0.0060000000000001346,-14.400000000000324,1.0,-0.016082736578970202,-38.59856778952848,1.0,-0.0013317661835642236,-3.1962388405541367,1.0,-6.806856464730967e-06,-0.01633645551535432,1.0,-0.0004047760313891828,-0.9714624753340387,1.0,0.0,0.0,0.0,0.0,0.0,0.0,0.0,0.0,0.0,0.0,0.0,0.0,0.0,0.0,0.0,-0.03333333333333333,-80.0,0.0004166666666666667
122880,30,train,,0,1,2.5D_no_obstacles,0,,-122.10834439753523,1710,0,0,1,0,out_of_bounds,85.25915707026883,91.57432109312191,85.25915707026883,-6.315164022853082,20.515520639475817,0.24062542188362654,0.0,0.23994760981843088,0.3013753015367719,0.04886633632884064,0.0012781242635047322,0.024805047171702732,0.006378629478006208,0.022372267607619012,0.5202804295947824,0.9475107051249356,9.806477690442891,20.012252997144476,0.0,,,0,1.3779373642078965,0.32796533226606717,-0.7193694475082645,0.8573445729132578,0.82579412920653,1.2431649678512071,0.24443872432436858,0.30348044633865356,-122.1083443975354,-0.0004331591471041309,-0.7407021415480639,1.0,-0.006000000000000097,-10.260000000000167,1.0,-0.01653524837049477,-28.275274713546054,1.0,-0.001311861329064267,-2.2432828726998966,1.0,-2.5562485314173435e-05,-0.04371184988723657,1.0,-0.0003189314735988252,-0.5453728198539911,1.0,0.0,0.0,0.0,0.0,0.0,0.0,0.0,0.0,0.0,0.0,0.0,0.0,-0.04678362573099415,-80.0,0.0005847953216374269,0.0,0.0,0.0
122880,30,train,,1,1,2.5D_no_obstacles,0,,-111.09670786585437,1245,0,0,1,0,out_of_bounds,89.81281290152732,97.32550054743466,89.81281290152732,-7.512687645907334,21.201993386620313,0.23606869333740418,0.0,0.34059427127100966,0.3843231205145241,0.033903533996595264,0.0017532818664932114,0.02541853851403042,0.0093126430659009,0.05850207653051642,0.4828882992233172,0.9515598153370703,10.665620730068927,20.57072085338178,0.0,,,0,1.372073252253743,0.3349562031952346,-0.784667570608611,0.8712429653202688,0.8653920593271905,7.381219539434702,0.33569116207011734,0.4041944146156311,-111.0967078658544,-0.0006718737639812197,-0.8364828361566184,1.0,-0.006000000000000049,-7.470000000000061,1.0,-0.01646487902704489,-20.49877438867089,1.0,-0.0013398248127809366,-1.668081891912266,1.0,-3.5065637384208595e-05,-0.043656718543339704,1.0,-0.0004656321530692599,-0.5797120305712286,1.0,0.0,0.0,0.0,0.0,0.0,0.0,0.0,0.0,0.0,0.0,0.0,0.0,-0.0642570281124498,-80.0,0.0008032128514056225,0.0,0.0,0.0
126976,31,train,,0,1,2.5D_no_obstacles,0,,-544.4318434099025,2400,0,0,0,1,timeout,33.351180574271,44.17074627695777,32.55490388172695,-10.819565702686774,44.2973718554284,1.328210009141383,0.0,0.3691447654619021,0.8535835952637085,0.3145864896880938,0.0072706202725861474,0.049052013278013895,0.4723489156610706,0.8726646259971648,1.0326233438872143,3.1404053643586662,9.595819365590382,26.691881914089894,0.0,,,0,1.217498932260011,0.3846751658483231,7.982367055061915,8.432971198649872,0.27591575858862205,7.345422207052979,0.11368597131688148,0.15927648544311523,-544.4318434099025,-0.0013517219776013971,-3.244132746243353,1.0,-0.0060000000000001346,-14.400000000000324,1.0,-0.01460998718712011,-35.06396924908827,1.0,-0.0015387006633932928,-3.6928815921439027,1.0,-0.00014541240554309282,-0.3489897733034228,1.0,-0.023617445853801353,-56.68187004912325,1.0,0.0,0.0,0.0,-0.14625,-351.0,0.14625,0.0,0.0,0.0,0.0,0.0,0.0,0.0,0.0,0.0,-0.03333333333333333,-80.0,0.0004166666666666667
131072,32,train,,0,1,2.5D_no_obstacles,0,,-118.9461231586092,1750,0,0,1,0,out_of_bounds,59.95789940227198,79.33257160484796,59.95789940227198,-19.37467220257598,22.72146246060426,0.378956946242571,0.0,0.2596738566926195,0.6444875511659982,-0.11430055278042306,0.0015069378122779932,0.025944972716565484,0.045357323627029406,0.613062933590653,0.604055505068699,2.3267542505946563,10.225032739402542,21.240526789430056,0.0,,,0,0.8559344896841794,0.45980154551738606,0.37544374775699585,1.8443986975178615,0.7774022767175971,6.39026936885511,0.23304992847783224,0.2948515713214874,-118.94612315860938,-0.0018465025241019932,-3.231379417178488,1.0,-0.006000000000000101,-10.500000000000176,1.0,-0.010271213876210165,-17.97462428336779,1.0,-0.001839206182069546,-3.2186108186217055,1.0,-3.013875621238229e-05,-0.05274282337166901,1.0,-0.002267866180611177,-3.96876581606956,1.0,0.0,0.0,0.0,0.0,0.0,0.0,0.0,0.0,0.0,0.0,0.0,0.0,-0.045714285714285714,-80.0,0.0005714285714285715,0.0,0.0,0.0
131072,32,train,,1,1,2.5D_no_obstacles,0,,-102.63678736183695,620,0,0,1,0,out_of_bounds,31.19926311837659,53.010825913730976,31.19926311837659,-21.811562795354387,24.451724730221535,0.7837276360485352,0.0,0.788765313878114,3.684345393921534,-0.7193972531534079,0.0033932776853338857,0.02741213318791491,0.11233876503300178,0.5189712111464466,0.3163262083270058,0.6389198217364935,6.076713851875586,22.006680555547053,0.0,,,0,0.9330897750753548,0.5882945364281055,0.5212130559128647,1.6700456604840124,0.9301763557328033,6.409471663988385,0.31324628505014607,0.31915876269340515,-102.63678736183687,-0.011275888106403967,-6.99105062597046,1.0,-0.005999999999999902,-3.7199999999999394,1.0,-0.01119707730090426,-6.942187926560641,1.0,-0.0023531781457124205,-1.4589704503417007,1.0,-6.78655535780749e-05,-0.042076643218406436,1.0,-0.005616938251202786,-3.482501715745727,1.0,0.0,0.0,0.0,0.0,0.0,0.0,0.0,0.0,0.0,0.0,0.0,0.0,-0.12903225806451613,-80.0,0.0016129032258064516,0.0,0.0,0.0
131072,32,train,,2,1,2.5D_no_obstacles,0,,-110.57018016059976,1454,0,0,1,0,out_of_bounds,43.07656726113292,65.35330900094608,43.07656726113292,-22.27674173981316,23.79187943288543,0.5523160489706045,0.0,0.3272610651015896,0.39464735156401354,-0.22112957823556884,0.001071862273597705,0.017204836282652014,0.004615597124422382,0.017222333179693905,0.45298072491049735,0.7179219588825587,11.34192639622909,23.70844468743067,0.0,,,0,0.7700272487166454,0.4939119442223707,-0.5637475864068369,0.7777780483819609,0.8895598822291407,1.5398002889728337,0.33138688412870304,0.40893080830574036,-110.57018016059989,-0.0035566913283133234,-5.171429191367572,1.0,-0.006000000000000075,-8.724000000000109,1.0,-0.009240326984599763,-13.435435435608056,1.0,-0.001975647776889483,-2.872591867597308,1.0,-2.1437245452160782e-05,-0.031169754887441777,1.0,-0.00023077985635447013,-0.3355539111393996,1.0,0.0,0.0,0.0,0.0,0.0,0.0,0.0,0.0,0.0,0.0,0.0,0.0,-0.055020632737276476,-80.0,0.000687757909215956,0.0,0.0,0.0
135168,33,train,,0,1,2.5D_no_obstacles,0,,-125.75226492054941,2400,0,0,0,1,timeout,43.43412271056779,54.2440484892598,43.43412271056779,-10.809925778692005,16.173535245435463,0.37236933167065767,0.0,0.13477946037862873,0.585643318048739,-0.07790610786290628,0.0012278171556542956,0.026060046481263033,0.03613509271557191,0.6971475834228045,0.22336007350567505,1.4423074132255689,7.181038905928054,13.03105854982142,0.0,,,0,0.6801656453887214,0.5082852571382924,1.4323239066190332,1.7370137092286124,0.9481769977472123,3.4304948257568064,0.14261554810839394,0.21980635821819305,-125.7522649205498,-0.0010370039637121041,-2.4888095129090497,1.0,-0.0060000000000001346,-14.400000000000324,1.0,-0.00816198774466466,-19.588770587195185,1.0,-0.0020331410285531685,-4.879538468527604,1.0,-2.4556343119172496e-05,-0.05893522348601399,1.0,-0.0018067546368465063,-4.336211128431615,1.0,0.0,0.0,0.0,0.0,0.0,0.0,0.0,0.0,0.0,0.0,0.0,0.0,0.0,0.0,0.0,-0.03333333333333333,-80.0,0.0004166666666666667
139264,34,train,,0,1,2.5D_no_obstacles,0,,-169.58096977909355,2400,0,0,0,1,timeout,42.97770417823432,52.05177805031006,42.97770417823432,-9.074073872075743,17.715419345823047,0.41220022531577816,0.0,0.1476284945485258,0.8293011982988725,-0.007024157302753071,0.0017351948365027085,0.02765596411579274,0.0687829286715058,0.8726646259971648,0.356960049003354,3.1356875462836458,5.680822866521545,11.931701503252357,0.0,,,0,1.0216565567818665,0.44882038056476936,1.0818559360968016,2.273590834230834,0.8545634891969659,8.28876019018419,0.10090939046349376,0.14494770765304565,-169.58096977909392,-0.0008797268690028546,-2.111344485606851,1.0,-0.0060000000000001346,-14.400000000000324,1.0,-0.012259878681382414,-29.423708835317793,1.0,-0.0017952815222590833,-4.3086756534218,1.0,-3.470389672330946e-05,-0.0832893521359427,1.0,-0.0034391464385880063,-8.253951452611215,1.0,0.0,0.0,0.0,-0.012916666666666667,-31.0,0.012916666666666667,0.0,0.0,0.0,0.0,0.0,0.0,0.0,0.0,0.0,-0.03333333333333333,-80.0,0.0004166666666666667
143360,35,train,,0,1,2.5D_no_obstacles,0,,-113.87236124952273,2400,0,0,0,1,timeout,92.45340660544613,72.00280545110436,72.00280545110436,20.45060115434177,21.009763442560185,0.22724704490578032,0.9733855980936128,0.1750813620213355,0.22642088713193356,0.17147238526657713,0.0002026018046978765,0.0010044976189109711,0.0060913551919765585,0.04494088304627475,0.05651894444832172,0.10085434406419802,2.1744764702004744,4.1053158087380135,0.222465906148179,,,0,0.5237106658134144,0.6104996429841655,-0.16137129547613183,0.7713539643526636,0.9966547018097458,3.80177056951564,0.18326845156028868,0.18532198667526245,-113.872361249523,0.0009216625030025819,2.2119900072061967,1.0,-0.0060000000000001346,-14.400000000000324,1.0,-0.006284527989760963,-15.082867175426312,1.0,-0.002441998571936659,-5.860796572647981,1.0,-4.052036092587255e-06,-0.009724886622209413,1.0,-0.00030456775918015255,-0.7309626220323662,1.0,0.0,0.0,0.0,0.0,0.0,0.0,0.0,0.0,0.0,0.0,0.0,0.0,0.0,0.0,0.0,-0.03333333333333333,-80.0,0.0004166666666666667
147456,36,train,,0,1,2.5D_no_obstacles,0,,-118.02791023203254,2400,0,0,0,1,timeout,87.64170807640599,84.31188850154984,84.31188850154984,3.3298195748561454,9.174110827779671,0.1046774535679027,0.3629582896222796,0.07645092356483225,0.12021558148221106,0.04018390946672821,0.00019644394291307745,0.0021528950661786617,0.0038155784575938548,0.0283677522070529,0.14754738978870952,0.30814926196799286,3.9239548447550705,8.165347673981653,0.042515665159937197,,,0,0.6207288367860019,0.5899538024760356,-0.5679171530310652,0.754748009871628,0.9825955030818094,5.765364600774442,0.08678370151979228,0.1300554871559143,-118.02791023203285,0.0001583064562875897,0.3799354950902153,1.0,-0.0060000000000001346,-14.400000000000324,1.0,-0.007448746041432027,-17.876990499436864,1.0,-0.0023598152099041426,-5.663556503769942,1.0,-3.928878858067926e-06,-0.009429309259363023,1.0,-0.0001907789227735748,-0.4578694146565795,1.0,0.0,0.0,0.0,0.0,0.0,0.0,0.0,0.0,0.0,0.0,0.0,0.0,0.0,0.0,0.0,-0.03333333333333333,-80.0,0.0004166666666666667
151552,37,train,,0,1,2.5D_no_obstacles,0,,-118.22598405041953,2355,0,0,1,0,out_of_bounds,85.04238523898815,104.12864209082765,85.04238523898815,-19.086256851839508,23.063990807178698,0.2712058315669736,0.0,0.19587253339429944,0.24329959154101852,-0.15408429042051114,0.0006249001316197253,0.014580725152812946,0.0021599337937964276,0.013891501178659116,0.07640219616333159,0.22077490984346904,10.869144560294655,22.893540962818,0.0,,,0,0.5600023787895775,0.6095784473504313,-0.5441639767341767,0.7926051859179808,0.992793331876542,6.090458157955371,0.19471062988738852,0.22896146774291992,-118.22598405041985,-0.000953003333872749,-2.244322851270324,1.0,-0.006000000000000133,-14.130000000000313,1.0,-0.00672002854547493,-15.825667224593461,1.0,-0.0024383137894017186,-5.742228974041048,1.0,-1.2498002645046125e-05,-0.029432796229083624,1.0,-0.00010799668971788685,-0.25433220428562353,1.0,0.0,0.0,0.0,0.0,0.0,0.0,0.0,0.0,0.0,0.0,0.0,0.0,-0.03397027600849257,-80.0,0.0004246284501061571,0.0,0.0,0.0
155648,38,train,,0,1,2.5D_no_obstacles,0,,-223.9803718342512,1575,0,0,1,0,out_of_bounds,92.77028662266717,95.56178191110183,91.42676349612817,-2.7914952884346604,50.966612495614456,0.5493850924802625,0.0,0.6471950793093895,1.2665555990079695,0.39681311857435414,0.008086340363935733,0.05859756663451732,0.4597082178748146,0.8726646259971648,0.8306160401728605,3.1395007347761146,12.8351501821778,33.4744804012726,0.035175370739432034,,,0,1.0424801343076286,0.48727797246471577,10.023557009856987,10.391946752961125,0.45630900636066,7.562158899202823,0.3527878719662863,0.39678680896759033,-223.98037183425078,-0.00019105017624014152,-0.3009040275782229,1.0,-0.006000000000000086,-9.450000000000136,1.0,-0.012509761611691534,-19.702874538414164,1.0,-0.0019491118898588644,-3.0698512265277116,1.0,-0.00016172680741176375,-0.2547197216735279,1.0,-0.022985410996861598,-36.20202232005702,1.0,0.0,0.0,0.0,-0.047619047619047616,-75.0,0.047619047619047616,0.0,0.0,0.0,0.0,0.0,0.0,-0.050793650793650794,-80.0,0.0006349206349206349,0.0,0.0,0.0
155648,38,train,,1,1,2.5D_no_obstacles,0,,-106.03338067115178,1620,0,0,1,0,out_of_bounds,98.29381537318548,116.32446885374127,98.29381537318548,-18.030653480555785,23.379542161344744,0.23785364392033434,0.0,0.28863632297956476,0.3552573678893941,-0.14310759798921213,0.0006455232222708515,0.010104428602309756,0.0022645353240605187,0.030731681362706098,0.350834415461155,0.453846648345805,11.349816844913315,23.16307429627577,0.0,,,0,0.5349495213793556,0.5980334405514216,-0.4854497808798535,0.7387376516893133,0.9330033481269646,6.503894510578743,0.2946061637206578,0.3607930839061737,-106.03338067115197,-0.0011323228191348676,-1.8343629669984856,1.0,-0.00600000000000009,-9.720000000000146,1.0,-0.006419394256552271,-10.39941869561468,1.0,-0.002392133762205689,-3.875256694773216,1.0,-1.2910464449938107e-05,-0.020914952408899734,1.0,-0.00011322676626947722,-0.1834273613565531,1.0,0.0,0.0,0.0,0.0,0.0,0.0,0.0,0.0,0.0,0.0,0.0,0.0,-0.04938271604938271,-80.0,0.0006172839506172839,0.0,0.0,0.0
159744,39,train,,0,1,2.5D_no_obstacles,0,,-254.71619630303547,2300,0,0,1,0,out_of_bounds,47.99454523770607,62.85706514357787,47.99454523770607,-14.8625199058718,50.21260604314097,1.0462148520097305,0.0,0.436631356896877,1.134877614250515,0.30694911054650215,0.008094189565244943,0.08101223024236015,0.4020294138591137,0.8726646259971648,0.9062762688325986,3.140381570549634,10.325478333452475,29.024303131146144,0.0,,,0,1.0503884953129834,0.45902696688670563,8.538303624095716,8.954052791302628,0.4769237413483833,6.2934926043424255,0.17716658708517966,0.2471696436405182,-254.71619630303493,-0.0013463957506965334,-3.0967102266020268,1.0,-0.006000000000000131,-13.800000000000301,1.0,-0.012604661943755797,-28.99072247063833,1.0,-0.0018361078675468252,-4.223048095357698,1.0,-0.00016188379124924807,-0.37233271987327055,1.0,-0.020101470778505784,-46.233382790563304,1.0,0.0,0.0,0.0,-0.03391304347826087,-78.0,0.03391304347826087,0.0,0.0,0.0,0.0,0.0,0.0,-0.034782608695652174,-80.0,0.0004347826086956522,0.0,0.0,0.0
163840,40,train,,0,1,2.5D_no_obstacles,0,,-179.57676701065645,1457,0,0,1,0,out_of_bounds,90.46785609520093,100.7299336071967,90.46785609520093,-10.26207751199577,36.07077307090483,0.3987136937670648,0.0,0.4951375850501701,1.317247565602372,0.2883810430353007,0.008671440712108312,0.07628111766701062,0.425130479767618,0.8726646259971648,0.8866569959341224,3.13914980007425,10.13758497672569,24.308344157598256,0.0,,,0,1.1376437183466976,0.44379354710091423,9.535423387858783,9.694924799185188,0.5025023971260922,5.310898371684656,0.3116281064880492,0.3299991488456726,-179.57676701065617,-0.0007785409135371086,-1.1343341110235672,1.0,-0.006000000000000075,-8.74200000000011,1.0,-0.013651724620160389,-19.890562771573688,1.0,-0.0017751741884036547,-2.5864287925041247,1.0,-0.00017342881416895103,-0.25268578224416166,1.0,-0.021256524058552183,-30.970755553310532,1.0,0.0,0.0,0.0,-0.024708304735758406,-36.0,0.024708304735758406,0.0,0.0,0.0,0.0,0.0,0.0,-0.05490734385724091,-80.0,0.0006863417982155113,0.0,0.0,0.0
163840,40,train,,1,1,2.5D_no_obstacles,0,,-125.65633819528432,2078,0,0,1,0,out_of_bounds,104.86237009187698,117.85132898060034,104.86237009187698,-12.98895888872336,24.94793665489256,0.2379112414971547,0.0,0.24011488599511763,1.320175121433004,-0.05070196461217975,0.001442128999365685,0.059912024370918804,0.09080320907191249,0.8726646259971648,0.24435538600307083,2.144587313844001,9.875306287087707,20.753459201486372,0.0,,,0,0.7150352464273305,0.5564441386339624,1.8873707442212997,2.809958461099394,0.9188399391010398,5.150141616952377,0.20477965033117457,0.21883809566497803,-125.65633819528468,-0.0005960862851367996,-1.2386673005142697,1.0,-0.006000000000000121,-12.46800000000025,1.0,-0.008580422957127968,-17.830118904911917,1.0,-0.0022257765545358535,-4.625163680325503,1.0,-2.8842579981899878e-05,-0.05993488120238795,1.0,-0.004540160456366869,-9.434453428330354,1.0,0.0,0.0,0.0,0.0,0.0,0.0,0.0,0.0,0.0,0.0,0.0,0.0,-0.03849855630413859,-80.0,0.00048123195380173246,0.0,0.0,0.0
167936,41,train,,0,1,2.5D_no_obstacles,0,,-116.13334862915784,2400,0,0,0,1,timeout,74.20720299005181,70.72278973900039,70.72278973900039,3.4844132510514214,6.488023469853963,0.08743118199352891,0.5370531206062131,0.054066862248782876,0.07929761703028408,0.04265723970694232,0.00030827141115107146,0.005911770117766668,0.002372713828535958,0.01576833059057048,0.44201019514680107,0.8067550929765908,2.7547382551728914,4.807692002671488,0.04915984315026573,,,0,0.5594477671419251,0.6032585562129195,-0.7092272616903981,0.8543247621171062,0.8904203239987447,1.5353378893733995,0.06435607380233704,0.08774887770414352,-116.13334862915823,0.0001956466213663103,0.4695518912791447,1.0,-0.0060000000000001346,-14.400000000000324,1.0,-0.006713373205703113,-16.112095693687472,1.0,-0.0024130342248516747,-5.791282139644019,1.0,-6.165428219265665e-06,-0.014797027726237597,1.0,-0.00011863569140804826,-0.2847256593793158,1.0,0.0,0.0,0.0,0.0,0.0,0.0,0.0,0.0,0.0,0.0,0.0,0.0,0.0,0.0,0.0,-0.03333333333333333,-80.0,0.0004166666666666667
172032,42,train,,0,1,2.5D_no_obstacles,0,,-133.3777945560919,2400,0,0,0,1,timeout,50.47408980838209,35.94798274912702,35.94796096230972,14.526107059255068,29.534630665685278,0.5851443934464083,0.49183303572277887,0.246121922214043,0.7877741342333243,0.19223447245525688,0.001344925232789713,0.016638576165283414,0.10358173209880205,0.4556485646901449,0.3370361271052628,1.2892661540882029,7.377086322328523,18.63587357175405,0.39097011689389044,,,0,0.8495241512468783,0.5099029336500704,2.6598477756458823,3.212625213385891,0.9065666549883845,4.2408024131559,0.16248399776717026,0.23045983910560608,-133.37779455609223,0.0011991389306871313,2.8779334336491154,1.0,-0.0060000000000001346,-14.400000000000324,1.0,-0.010194289814962542,-24.4662955559101,1.0,-0.00203961173460028,-4.895068163040673,1.0,-2.6898504662705182e-05,-0.06455641119049244,1.0,-0.005179086608166559,-12.429807859599743,1.0,0.0,0.0,0.0,0.0,0.0,0.0,0.0,0.0,0.0,0.0,0.0,0.0,0.0,0.0,0.0,-0.03333333333333333,-80.0,0.0004166666666666667
176128,43,train,,0,1,2.5D_no_obstacles,0,,-126.85672807754891,2400,0,0,0,1,timeout,83.51421840982616,79.94676022606312,79.94676022606312,3.567458183763037,21.07311781997111,0.2523297017109086,0.16928952868958658,0.17560931516642575,0.3035075183804408,0.08982280197086344,0.0009360682483230933,0.02038031225822934,0.02662861463254337,0.12195501085159188,0.3584091450401025,0.9454958754052507,9.442184004986784,19.568724511473686,0.07183668258893039,,,0,0.8577860627602786,0.5145096046910719,1.3070935664913803,1.5020763910119355,0.8908336702346793,6.308716837131512,0.14499682294825714,0.21200799942016602,-126.85672807754918,0.00017798656782093213,0.4271677627702371,1.0,-0.0060000000000001346,-14.400000000000324,1.0,-0.010293432753123333,-24.704238607496,1.0,-0.002058038418764286,-4.9392922050342865,1.0,-1.872136497664632e-05,-0.04493127594395117,1.0,-0.0013314307299353517,-3.195433751844844,1.0,0.0,0.0,0.0,0.0,0.0,0.0,0.0,0.0,0.0,0.0,0.0,0.0,0.0,0.0,0.0,-0.03333333333333333,-80.0,0.0004166666666666667
180224,44,train,,0,1,2.5D_no_obstacles,0,,-113.62283556866942,2400,0,0,0,1,timeout,106.33677839782106,98.42015666025594,98.42015666025594,7.916621737565123,8.713001520529772,0.08193779849087764,0.9085986865618925,0.07260834600441379,0.12408121060576306,0.059283828217711325,0.00021415325371158865,0.0020391271804007793,0.0028878935086103707,0.016641315770360432,0.18515643451787372,0.4398556220868719,1.5918049992378889,3.3805194805759986,0.07499470791792018,,,0,0.45313035811532854,0.6833687957389823,0.10537230624481103,0.7021844602135617,0.9730810962722476,2.441741717853194,0.07408978070617499,0.1390272080898285,-113.62283556866961,0.0003102024003691024,0.7444857608858457,1.0,-0.0060000000000001346,-14.400000000000324,1.0,-0.005437564297383934,-13.05015431372144,1.0,-0.0027334751829559316,-6.560340439094236,1.0,-4.283065075913259e-06,-0.010279356182191822,1.0,-0.00014439467523219454,-0.3465472205572669,1.0,0.0,0.0,0.0,0.0,0.0,0.0,0.0,0.0,0.0,0.0,0.0,0.0,0.0,0.0,0.0,-0.03333333333333333,-80.0,0.0004166666666666667
184320,45,train,,0,1,2.5D_no_obstacles,0,,-117.87116048466045,2400,0,0,0,1,timeout,108.56051178512872,119.81747499800807,108.56051178512872,-11.256963212879342,15.524811547394155,0.14300606447141712,0.0,0.12937342956161826,0.19209764519433528,-0.0858471108016715,0.0007016808411847862,0.015528365903119123,0.002852257076162211,0.021223414815715547,0.07673819782885487,0.1663004118214153,6.905543920390992,14.431005970184827,0.0,,,0,0.570509185049256,0.5862098546065682,0.138293083465066,0.7203532352663916,0.9932417124341933,7.971911765274469,0.13615013231833775,0.22125977277755737,-117.8711604846608,-0.00043205409237415256,-1.036929821697966,1.0,-0.0060000000000001346,-14.400000000000324,1.0,-0.006846110220591067,-16.43066452941856,1.0,-0.0023448394184262793,-5.62761460422307,1.0,-1.403361683231195e-05,-0.03368068039754868,1.0,-0.00014261285371805846,-0.3422708489233403,1.0,0.0,0.0,0.0,0.0,0.0,0.0,0.0,0.0,0.0,0.0,0.0,0.0,0.0,0.0,0.0,-0.03333333333333333,-80.0,0.0004166666666666667
188416,46,train,,0,1,2.5D_no_obstacles,0,,-117.016817456062,2400,0,0,0,1,timeout,82.1273278203779,81.96341096022479,81.94933955082415,0.16391686015310825,6.975792642595889,0.0849387509338276,0.023497954791860065,0.05813160535496752,0.09673174868274544,-0.0006972403065679954,0.0006096368039441213,0.015348575157165367,0.002716072819699519,0.025827931057062603,0.208537613289066,0.4491175107591716,3.665849723996317,6.515407342097488,0.005154039696923459,,,0,0.5684821816448433,0.6155518947070232,-1.0086939823958758,1.0335555198436523,0.9669354287678008,2.5873785805280636,0.06720334177060673,0.10650544613599777,-117.01681745606231,8.316195539667269e-06,0.019958869295201447,1.0,-0.0060000000000001346,-14.400000000000324,1.0,-0.006821786179738113,-16.372286831371472,1.0,-0.0024622075788280967,-5.909298189187432,1.0,-1.2192736094407412e-05,-0.029262566626577786,1.0,-0.0001358036409048774,-0.32592873817170576,1.0,0.0,0.0,0.0,0.0,0.0,0.0,0.0,0.0,0.0,0.0,0.0,0.0,0.0,0.0,0.0,-0.03333333333333333,-80.0,0.0004166666666666667
192512,47,train,,0,1,2.5D_no_obstacles,0,,-125.03722960045465,1834,0,0,1,0,out_of_bounds,40.58152055138963,57.549766316529315,40.58152055138963,-16.968245765139685,24.339273568158408,0.5997624839448004,0.0,0.26542283062332067,0.30878982062830157,-0.09624758241389761,0.0007857694134035655,0.015700007029131324,0.010279576408374395,0.112314055945268,0.39213306166509604,0.7998321149751613,11.874700160348695,24.19870209853139,0.0,,,0,1.1823424829399638,0.3897904901871935,-0.7089726013672235,1.082820208597957,0.9070073379282739,2.720830487581642,0.2637460191806244,0.28009533882141113,-125.03722960045482,-0.0022798658789075898,-4.181274021916519,1.0,-0.006000000000000106,-11.004000000000195,1.0,-0.014188109795279564,-26.02099336454272,1.0,-0.001559161960748773,-2.8595030360132494,1.0,-1.5715388291765634e-05,-0.028822022127098175,1.0,-0.0005139788199863957,-0.9426371558550498,1.0,0.0,0.0,0.0,0.0,0.0,0.0,0.0,0.0,0.0,0.0,0.0,0.0,-0.04362050163576881,-80.0,0.0005452562704471102,0.0,0.0,0.0
192512,47,train,,1,1,2.5D_no_obstacles,0,,-116.85027435309846,1349,0,0,1,0,out_of_bounds,45.58295655505225,64.49148367096892,45.58295655505225,-18.90852711591667,22.2255076842865,0.48758372347883844,0.0,0.32951086262841456,0.48477943311750016,-0.1759052870869477,0.001259547260974513,0.018324807253996767,0.02822313577305129,0.4018052758515389,0.47655551806315466,0.784384935065475,10.418264755292991,21.200762701669156,0.0,,,0,1.2663227597415845,0.4023816138319533,0.49404492338523204,1.5351182749789771,0.8742258827168932,0.68187215453619,0.33396177750503336,0.4139009714126587,-116.85027435309848,-0.003074986833142899,-4.14815723790977,1.0,-0.006000000000000063,-8.094000000000085,1.0,-0.015195873116899017,-20.499232834696773,1.0,-0.0016095264553278121,-2.1712511882372185,1.0,-2.519094518043031e-05,-0.03398258504840049,1.0,-0.0014111567881439932,-1.9036505072062468,1.0,0.0,0.0,0.0,0.0,0.0,0.0,0.0,0.0,0.0,0.0,0.0,0.0,-0.05930318754633061,-80.0,0.0007412898443291327,0.0,0.0,0.0
196608,48,train,,0,1,2.5D_no_obstacles,0,,-174.30320505206356,2400,0,0,0,1,timeout,36.97303002979648,20.593496761186962,19.271813378930254,16.37953326860952,35.098898890509695,0.9493108588131286,0.46666800915051904,0.2924908240875826,0.5727606061208339,0.2560168464942613,0.0016720661773846797,0.013196890530730698,0.24073833108930412,0.4355695933717345,1.229674645049979,3.141274657070321,3.431720185142658,11.960665770730268,0.5465860899528736,,,0,1.2640282559891542,0.41254817277613864,6.413056849095954,6.415829833783892,0.3069846060899308,7.055584607659078,0.1667672192429503,0.20414912700653076,-174.30320505206407,0.0018458875356137149,4.430130085472916,1.0,-0.0060000000000001346,-14.400000000000324,1.0,-0.015168339071869893,-36.404013772487744,1.0,-0.0016501926911045572,-3.9604624586509374,1.0,-3.3441323544860636e-05,-0.08025917650766552,1.0,-0.012036916554120973,-28.888599729890334,1.0,0.0,0.0,0.0,-0.00625,-15.0,0.00625,0.0,0.0,0.0,0.0,0.0,0.0,0.0,0.0,0.0,-0.03333333333333333,-80.0,0.0004166666666666667
200704,49,train,,0,1,2.5D_no_obstacles,0,,-114.79696513242905,1001,0,0,1,0,out_of_bounds,33.123542207461036,32.396362895913704,31.189277419216484,0.7271793115473315,21.63487067909514,0.6531569161169578,0.03361144710931756,0.4322651484334702,0.5907660327687188,0.3648431625228051,0.0013632233580848229,0.004478608520549265,0.25111981646892645,0.4421186685617551,1.0068653292808634,1.456104601270338,9.09169953301765,19.42730515654444,0.2173249086780934,,,0,1.2267619115965707,0.4192802188992499,6.529885079193766,6.530857283547463,0.48157760558432505,2.0790934527313385,0.24644157445275938,0.26890459656715393,-114.79696513242908,0.00021931617522627563,0.21953549140150191,1.0,-0.006000000000000005,-6.006000000000006,1.0,-0.014721142939158842,-14.735864082098,1.0,-0.0016771208755969986,-1.6787979964725956,1.0,-2.7264467159514413e-05,-0.027291731626673928,1.0,-0.0125559908228105,-12.56854681363331,1.0,0.0,0.0,0.0,0.0,0.0,0.0,0.0,0.0,0.0,0.0,0.0,0.0,-0.07992007992007992,-80.0,0.000999000999000999,0.0,0.0,0.0
200704,49,train,,1,1,2.5D_no_obstacles,0,,-124.97949880220216,1568,0,0,1,0,out_of_bounds,54.15591033795535,65.29874856187749,54.15591033795535,-11.14283822392214,24.959912691779884,0.46088991092605913,0.0,0.31836623331351876,0.5935179013527498,0.09816713322208627,0.0008810737226276245,0.008581088363919243,0.09510628089125994,0.3743107854892811,0.6972783416464938,1.4307076455551249,10.42488602825861,24.405339533986684,0.0,,,0,1.2375560303655815,0.43752131514644804,3.3232663096242847,3.355700879740723,0.6965063975657347,2.789507718997706,0.2874801495321551,0.35287997126579285,-124.97949880220227,-0.0013122117021346108,-2.05754794894707,1.0,-0.006000000000000086,-9.408000000000134,1.0,-0.014850672364386983,-23.28585426735879,1.0,-0.001750085260585791,-2.74413368859852,1.0,-1.7621474422811044e-05,-0.027630471894967718,1.0,-0.004755314046813008,-7.456332425402797,1.0,0.0,0.0,0.0,0.0,0.0,0.0,0.0,0.0,0.0,0.0,0.0,0.0,-0.05102040816326531,-80.0,0.0006377551020408163,0.0,0.0,0.0
200704,49,train,,2,1,2.5D_no_obstacles,0,,-123.72332750158199,1071,0,0,1,0,out_of_bounds,56.56728285592215,65.58557017223637,55.27685982976017,-9.018287316314222,23.108781104498473,0.4085184922768332,0.0,0.4315365285620625,0.5912743084510068,0.4028099081574373,0.0025749632676464406,0.010566141005230012,0.33086415684185094,0.523666856887405,1.6543068782290493,2.2111839085526097,10.03611870750149,21.62670431929641,0.0,,,0,1.2527096392282473,0.4272440136462369,7.5340634705264256,7.536044063749283,-0.13252154410935468,3.054137521096139,0.18850356439192867,0.21619147062301636,-123.72332750158192,-0.001488570055216341,-1.5942585291367013,1.0,-0.00600000000000002,-6.4260000000000215,1.0,-0.015032515670738978,-16.099824283361446,1.0,-0.001708976054584946,-1.8303133544604773,1.0,-5.149926538484328e-05,-0.055155713227167155,1.0,-0.01654320786311495,-17.71777562139611,1.0,0.0,0.0,0.0,0.0,0.0,0.0,0.0,0.0,0.0,0.0,0.0,0.0,-0.07469654528478058,-80.0,0.0009337068160597573,0.0,0.0,0.0
204800,50,train,,0,1,2.5D_no_obstacles,0,,-141.25442986588433,2400,0,0,0,1,timeout,61.00296831724617,29.66200057445998,29.66200057445998,31.34096774278619,36.508350382959314,0.5984684252264169,0.8584602539975332,0.3042362531913273,0.5142897826645435,0.290424475820728,0.0008396619362657546,0.008241694592154847,0.10482879793838293,0.27797886124860893,0.4240641146987172,1.178736002838063,4.347840720259136,11.820844625640103,0.554041141699853,,,0,1.2311801120142143,0.4077392370464713,3.2412057148877413,3.5930034730204548,0.865383347358544,1.7102961796503082,0.19540439730510115,0.21911956369876862,-141.25442986588465,0.0021406723180390588,5.137613563293741,1.0,-0.0060000000000001346,-14.400000000000324,1.0,-0.0147741613441706,-35.457987226009436,1.0,-0.0016309569481858868,-3.914296675646128,1.0,-1.679323873200216e-05,-0.040303772956805185,1.0,-0.005241439897735712,-12.579455754565709,1.0,0.0,0.0,0.0,0.0,0.0,0.0,0.0,0.0,0.0,0.0,0.0,0.0,0.0,0.0,0.0,-0.03333333333333333,-80.0,0.0004166666666666667
208896,51,train,,0,1,2.5D_no_obstacles,0,,-157.0534945291554,2400,0,0,0,1,timeout,134.70458616319053,106.66227131605187,105.55528132797727,28.042314847138655,39.55448314539267,0.2936387265796104,0.708954146716111,0.32962069287827184,0.5376770636222917,0.17071261659732065,0.0012644952362971008,0.009617058157340264,0.20476609766997286,0.6861504646196344,0.646282974110634,2.786386365678103,9.084434601050415,13.451518182227193,0.21339439996242848,,,0,1.2412052740156652,0.4537415682711283,5.635584188647142,5.649788766749231,0.7097950475611766,2.665823748673113,0.28498303434501093,0.30545657873153687,-157.05349452915556,0.0008674016368543885,2.0817639284505325,1.0,-0.0060000000000001346,-14.400000000000324,1.0,-0.014894463288187953,-35.74671189165109,1.0,-0.0018149662730845126,-4.35591905540283,1.0,-2.5289904729213426e-05,-0.060695771350112226,1.0,-0.010238304891334054,-24.571931739201727,1.0,0.0,0.0,0.0,0.0,0.0,0.0,0.0,0.0,0.0,0.0,0.0,0.0,0.0,0.0,0.0,-0.03333333333333333,-80.0,0.0004166666666666667
208896,51,train,,1,1,2.5D_no_obstacles,0,,-101.37023705594183,652,0,0,1,0,out_of_bounds,59.46202959273363,80.31444291342198,59.46202959273363,-20.852413320688356,24.457469468870155,0.41131238937493153,0.0,0.7502291248119659,3.688447910183139,-0.6735525709501697,0.0023065602730227342,0.015287171643354913,0.09346031650850528,0.5205894119599557,0.20697202030276604,0.5016473628911475,6.189001505293349,22.361249278999463,0.0,,,0,1.2579215679066313,0.3959086041332332,-0.766849039155393,1.0801093096815009,0.9630656953548673,1.915838284420628,0.2987221569462788,0.3218767046928406,-101.37023705594174,-0.0053785969363159694,-3.506845202478012,1.0,-0.005999999999999896,-3.9119999999999324,1.0,-0.01509505881487958,-9.841978347301486,1.0,-0.0015836344165329316,-1.0325296395794714,1.0,-4.613120557035426e-05,-0.030077546031870978,1.0,-0.004673015829065901,-3.0468063205509677,1.0,0.0,0.0,0.0,0.0,0.0,0.0,0.0,0.0,0.0,0.0,0.0,0.0,-0.12269938650306748,-80.0,0.0015337423312883436,0.0,0.0,0.0
212992,52,train,,0,1,2.5D_no_obstacles,0,,-123.39072178560151,1420,0,0,1,0,out_of_bounds,43.29046309323521,63.72881004477083,43.29046309323521,-20.43834695153562,22.82378517845455,0.5272243248888023,0.0,0.32146176307682595,0.5966620006139072,-0.1851947402151631,0.0015882264147006686,0.017884131782448964,0.08095648630725272,0.5293494462017079,0.5103446695965236,1.8428276868747888,10.745227867015522,20.806628351558476,0.0,,,0,1.2979292965690854,0.39432712067508374,1.8381857698080402,2.606178866479455,0.8043537455870046,0.7273079762023245,0.3291924098637742,0.36575236916542053,-123.39072178560164,-0.0033247974380748446,-4.72121236206628,1.0,-0.006000000000000071,-8.5200000000001,1.0,-0.015575151558829044,-22.116715213537244,1.0,-0.0015773084827003345,-2.239778045434475,1.0,-3.176452824452313e-05,-0.04510563010722285,1.0,-0.004047824320039658,-5.747910534456315,1.0,0.0,0.0,0.0,0.0,0.0,0.0,0.0,0.0,0.0,0.0,0.0,0.0,-0.056338028169014086,-80.0,0.0007042253521126761,0.0,0.0,0.0
212992,52,train,,1,1,2.5D_no_obstacles,0,,-149.61537117617073,2400,0,0,0,1,timeout,92.87771868864166,82.36195495244019,82.35397213205663,10.515763736201478,46.34649040200459,0.4990054779163354,0.2268944993458803,0.38622075335003814,0.7047588885830792,0.2830106087360605,0.0013068041656912907,0.017823185820319942,0.1358583434381241,0.3834929550660662,0.6838943672946937,1.569476580315964,16.45469114261075,38.283211801836686,0.21484025398836992,,,0,1.2506018940111001,0.4129713325431294,3.038557015104835,3.9280325693877898,0.7187256372992508,7.984995778470377,0.27342542973657447,0.3420287072658539,-149.61537117617104,0.0004717566586778287,1.1322159808267889,1.0,-0.0060000000000001346,-14.400000000000324,1.0,-0.015007222728133186,-36.017334547519646,1.0,-0.0016518853301725194,-3.9645247924140463,1.0,-2.613608330186196e-05,-0.0627265999244687,1.0,-0.006792917173808061,-16.303001217139347,1.0,0.0,0.0,0.0,0.0,0.0,0.0,0.0,0.0,0.0,0.0,0.0,0.0,0.0,0.0,0.0,-0.03333333333333333,-80.0,0.0004166666666666667
217088,53,train,,0,1,2.5D_no_obstacles,0,,-142.11066946784018,2400,0,0,0,1,timeout,110.1280889389235,91.58370242622688,91.58370242622688,18.54438651269662,25.888149359124682,0.23507308270356098,0.7163272374338477,0.21573457799270518,0.45360734810338427,0.19377207912606276,0.00084476025655967,0.010253292028425953,0.07240459357273608,0.2859366303248936,0.3663726205540978,0.8711147575693357,6.137849264005003,15.990684862304889,0.18116352755051132,,,0,1.2679906415442626,0.4320137269979629,2.1382530495353924,2.4848664320037788,0.9008471403927886,1.5644350057795235,0.13899005643712978,0.17311224341392517,-142.11066946784047,0.0007016218830337514,1.6838925192810035,1.0,-0.0060000000000001346,-14.400000000000324,1.0,-0.015215887698531135,-36.518130476474724,1.0,-0.0017280549079918524,-4.147331779180446,1.0,-1.6895205133458526e-05,-0.04054849232030046,1.0,-0.0036202296829773613,-8.688551239145667,1.0,0.0,0.0,0.0,0.0,0.0,0.0,0.0,0.0,0.0,0.0,0.0,0.0,0.0,0.0,0.0,-0.03333333333333333,-80.0,0.0004166666666666667
221184,54,train,,0,1,2.5D_no_obstacles,0,,-150.17252244066518,2400,0,0,0,1,timeout,107.65502749782893,87.9963515312983,87.89201586882737,19.658675966530623,50.02396788356522,0.4646691292199433,0.39298513888957715,0.4168663990297111,0.5577465693100601,0.28754681445004154,0.001074243084861901,0.006188338419525152,0.14522665483310185,0.4114152692038373,0.41549383776687043,1.0281085549187101,18.399654919946535,37.91300143986929,0.26236525451150167,,,0,1.2539742350081602,0.4172273792063303,4.408299925728533,4.424946135145671,0.8664987062131989,7.126179958871421,0.30965108644217254,0.35534197092056274,-150.17252244066546,0.0007608669261841606,1.8260806228419855,1.0,-0.0060000000000001346,-14.400000000000324,1.0,-0.015047690820097938,-36.11445796823505,1.0,-0.0016689095168253194,-4.005382840380767,1.0,-2.148486169821999e-05,-0.05156366807572797,1.0,-0.007261332744506489,-17.427198586815575,1.0,0.0,0.0,0.0,0.0,0.0,0.0,0.0,0.0,0.0,0.0,0.0,0.0,0.0,0.0,0.0,-0.03333333333333333,-80.0,0.0004166666666666667
225280,55,train,,0,1,2.5D_no_obstacles,0,,-149.81050242539442,2400,0,0,0,1,timeout,53.0226087039113,40.86408365999811,40.72014594794894,12.158525043913194,39.91150834414527,0.752726229805459,0.30463707207138824,0.33259590286787777,0.6827490621376574,0.24695758730588357,0.0012947056870133797,0.009677837706707493,0.14636118900919218,0.43406119225152917,0.509492107180754,1.0754511634905155,15.069537768987084,29.664191733098967,0.4699370405459404,,,0,1.248429475898544,0.4295133472328537,4.138015332267083,4.1831490921687084,0.8302388035475566,1.5535365348123387,0.2261765970910589,0.31785324215888977,-149.8105024253946,0.0009554513113302939,2.2930831471927053,1.0,-0.0060000000000001346,-14.400000000000324,1.0,-0.014981153710782503,-35.954768905878005,1.0,-0.0017180533889314146,-4.123328133435395,1.0,-2.589411373341574e-05,-0.06214587296019778,1.0,-0.007318059441797235,-17.563342660313364,1.0,0.0,0.0,0.0,0.0,0.0,0.0,0.0,0.0,0.0,0.0,0.0,0.0,0.0,0.0,0.0,-0.03333333333333333,-80.0,0.0004166666666666667
225280,55,train,,1,1,2.5D_no_obstacles,0,,-93.57447545053554,371,0,0,1,0,out_of_bounds,91.75933485776353,111.69903743245797,91.75933485776353,-19.939702574694437,22.420902633392753,0.2443446507992617,0.0,1.2086739964093107,3.674031210766044,-1.12897288535045,0.0022713556303185574,0.016105971769192706,0.14974747586297046,0.5018148246371603,0.14771541126988025,0.21592392439965202,5.807613273176478,21.45387101210768,0.0,,,0,1.2875100152511803,0.43717535432467974,0.5430071241037122,0.8644424777877802,0.9654802868542681,1.8409674103118943,0.3454109616678037,0.35615074634552,-93.57447545053553,-0.005857260095184286,-2.17304349531337,1.0,-0.005999999999999982,-2.2259999999999933,1.0,-0.015450120183014166,-5.731994587898256,1.0,-0.0017487014172987189,-0.6487682258178247,1.0,-4.542711262991735e-05,-0.016853458785699337,1.0,-0.00748737380787168,-2.777815682720393,1.0,0.0,0.0,0.0,0.0,0.0,0.0,0.0,0.0,0.0,0.0,0.0,0.0,-0.215633423180593,-80.0,0.0026954177897574125,0.0,0.0,0.0
229376,56,train,,0,1,2.5D_no_obstacles,0,,-231.38405828012088,2400,0,0,0,1,timeout,55.68061606070367,52.687782507955085,48.964976736789616,2.9928335527485856,31.863671689517247,0.572257886923864,0.09392619852197356,0.2655305974126445,1.2162101217745747,0.23424911265208204,0.0026358484177527817,0.03725662822027376,0.2631160748023234,0.8726646259971648,0.7461488903842133,3.1390384432193166,8.12671252242512,17.80346049541041,0.10743418562235249,,,0,1.277275015115738,0.42037376884516564,6.827880608453342,6.828641806575596,0.6689401363988197,5.5014850258074155,0.1014154186580951,0.16946464776992798,-231.3840582801209,0.00022395836622073322,0.5375000789297597,1.0,-0.0060000000000001346,-14.400000000000324,1.0,-0.01532730018138883,-36.78552043533319,1.0,-0.0016814950753806586,-4.035588180913581,1.0,-5.271696832016058e-05,-0.1265207239683854,1.0,-0.013155803757847997,-31.57392901883519,1.0,0.0,0.0,0.0,-0.027083333333333334,-65.0,0.027083333333333334,0.0,0.0,0.0,0.0,0.0,0.0,0.0,0.0,0.0,-0.03333333333333333,-80.0,0.0004166666666666667
229376,56,train,,1,1,2.5D_no_obstacles,0,,-126.06032956807309,1228,0,0,1,0,out_of_bounds,40.34564679969875,51.11184168690083,40.34564679969875,-10.766194887202083,20.772775378042372,0.5148703026418572,0.0,0.3383188172319586,0.5383559650736454,0.14257908312528242,0.002910390426257487,0.013934370670253049,0.2539753471517836,0.4845693481863491,0.936826866378323,1.4125209924609816,8.95757334464715,20.192333114706358,0.0,,,0,1.2414636870160554,0.4202087358526085,6.477038920427796,6.479431006972901,0.5339333387374863,0.711657314903725,0.317610545636,0.36861953139305115,-126.06032956807319,-0.0021730373350210956,-2.668489847405905,1.0,-0.006000000000000047,-7.368000000000057,1.0,-0.014897564244192682,-18.294208891868614,1.0,-0.0016808349434104346,-2.064065310508014,1.0,-5.8207808424052046e-05,-0.07147918874473591,1.0,-0.012698767369337019,-15.59408632954586,1.0,0.0,0.0,0.0,0.0,0.0,0.0,0.0,0.0,0.0,0.0,0.0,0.0,-0.06514657980456026,-80.0,0.0008143322475570033,0.0,0.0,0.0
233472,57,train,,0,1,2.5D_no_obstacles,0,,-148.16045187512918,1445,0,0,1,0,out_of_bounds,77.36293355554018,97.0284623884283,77.36293355554018,-19.665528832888114,28.666057011729347,0.37053994328109974,0.0,0.3967620347644185,1.1155579794054018,0.2677329529225776,0.002766147620991717,0.03582529845868265,0.2399084064872019,0.8726646259971648,1.3541821435142503,3.1401285621671127,9.43200445289917,26.951033806771626,0.0,,,0,1.2691239875080675,0.4374627199102512,6.097932356661464,6.099234022130241,0.23603474198883945,2.9807554033243866,0.2550380583762298,0.27051842212677,-148.1604518751292,-0.0017591580216304772,-2.5419833412560395,1.0,-0.006000000000000074,-8.670000000000107,1.0,-0.015229487850096785,-22.006609943389854,1.0,-0.0017498508796410042,-2.528534521081251,1.0,-5.532295245428003e-05,-0.07994166629643464,1.0,-0.011995420348169908,-17.333382403105517,1.0,0.0,0.0,0.0,-0.010380622837370242,-15.0,0.010380622837370242,0.0,0.0,0.0,0.0,0.0,0.0,-0.05536332179930796,-80.0,0.0006920415224913495,0.0,0.0,0.0
233472,57,train,,1,1,2.5D_no_obstacles,0,,-116.38070725900198,1160,0,0,1,0,out_of_bounds,71.96274258858541,74.96953744555618,71.9585520567706,-3.006794856970771,20.430710861974152,0.2839067846368439,0.0,0.3522536355512775,0.6423544776268539,0.2238520180724647,0.002417927247810401,0.022254932621572632,0.16499674181120658,0.3962057478395171,0.7886210963658906,1.7811433420915452,8.377240236189856,20.044432967719626,0.0,,,0,1.24334417345195,0.4460393990690575,5.096312200444081,5.102012088619641,0.632472610771061,1.3160633489677238,0.265984090456161,0.2969997525215149,-116.3807072590021,-0.00036019535090405267,-0.4178266070487011,1.0,-0.006000000000000036,-6.960000000000042,1.0,-0.014920130081423406,-17.30735089445115,1.0,-0.00178415759627623,-2.0696228116804267,1.0,-4.83585448963502e-05,-0.05609591207976623,1.0,-0.008249837098053452,-9.569811033742004,1.0,0.0,0.0,0.0,0.0,0.0,0.0,0.0,0.0,0.0,0.0,0.0,0.0,-0.06896551724137931,-80.0,0.0008620689655172414,0.0,0.0,0.0
237568,58,train,,0,1,2.5D_no_obstacles,0,,-136.83492018469138,1781,0,0,1,0,out_of_bounds,69.03460333323643,68.1641700809733,62.542722984105815,0.8704332522631262,38.20885622390775,0.553473973616826,0.022780929299801585,0.4290719396283857,0.7534416311141278,0.362631009167423,0.0018226462370020576,0.012470428501041297,0.18512582691096657,0.5099292197814984,1.093915134218787,2.20803491194591,15.256389556774424,35.3650792084799,0.15589669308179394,,,0,1.2547938209916019,0.4080819216604801,5.538785894482863,5.53880977199168,0.3619207941032509,1.1067354356490868,0.25508025658391686,0.29605191946029663,-136.83492018469155,7.079534790704644e-05,0.1260865146224497,1.0,-0.0060000000000001025,-10.686000000000183,1.0,-0.015057525851899222,-26.817453542232514,1.0,-0.0016323276866419187,-2.9071756099092574,1.0,-3.645292475149568e-05,-0.0649226589824138,1.0,-0.009256291346541067,-16.48545488818964,1.0,0.0,0.0,0.0,0.0,0.0,0.0,0.0,0.0,0.0,0.0,0.0,0.0,-0.044918585064570464,-80.0,0.0005614823133071309,0.0,0.0,0.0
241664,59,train,,0,1,2.5D_no_obstacles,0,,-145.0060361843017,2400,0,0,0,1,timeout,108.8925094564916,94.93826040475079,94.41717530582905,13.954249051740803,37.286321654977215,0.3424140176499018,0.3742457939633769,0.3107193471248099,0.5046068144878605,0.24512451711468286,0.0013676437905311004,0.024706141559214245,0.10345985241732536,0.21213347620729284,0.5133302347941422,1.7640880429045223,12.688563397536884,30.165596511760818,0.1733280105232597,,,0,1.2280030914396047,0.4208529184472112,3.8070487068274135,3.809036895014069,0.7874528435357164,3.3304338826052513,0.21168116647129256,0.27477601170539856,-145.00603618430216,0.0005339458579149049,1.2814700589957717,1.0,-0.0060000000000001346,-14.400000000000324,1.0,-0.014736037097275266,-35.36648903346064,1.0,-0.001683411673788845,-4.040188017093228,1.0,-2.7352875864639268e-05,-0.06564690207513424,1.0,-0.005172992621111918,-12.415182290668604,1.0,0.0,0.0,0.0,0.0,0.0,0.0,0.0,0.0,0.0,0.0,0.0,0.0,0.0,0.0,0.0,-0.03333333333333333,-80.0,0.0004166666666666667
245760,60,train,,0,1,2.5D_no_obstacles,0,,-144.78848996195097,2400,0,0,0,1,timeout,105.10012850358802,80.12742670971794,80.12742670971794,24.972701793870087,42.40839418626681,0.4035046844383166,0.5888622352495734,0.35340328488555633,0.5109008097863565,0.29085764103998535,0.001296296211945677,0.022891101621527188,0.1122182710793692,0.2568957499194706,0.3601239168471717,0.9378494701994073,13.29722200783134,28.630247559804143,0.2879369845445783,,,0,1.2204330372562011,0.42580108810000333,4.070310252374265,4.072831985117669,0.9070802452208323,1.027356106554974,0.23696046927943826,0.27439871430397034,-144.7884899619513,0.0009900361267167522,2.376086704120205,1.0,-0.0060000000000001346,-14.400000000000324,1.0,-0.014645196447074425,-35.14847147297862,1.0,-0.0017032043524000129,-4.087690445760031,1.0,-2.5925924244356104e-05,-0.06222221818645465,1.0,-0.005610913553810863,-13.46619252914607,1.0,0.0,0.0,0.0,0.0,0.0,0.0,0.0,0.0,0.0,0.0,0.0,0.0,0.0,0.0,0.0,-0.03333333333333333,-80.0,0.0004166666666666667
249856,61,train,,0,1,2.5D_no_obstacles,0,,-435.9725910833119,2400,0,0,0,1,timeout,37.545658279732066,25.23540445570488,13.490323516063722,12.310253824027246,62.23829989684192,1.6576696946725118,0.197792257250456,0.5186524991403496,0.9528607941492708,0.48847317060574663,0.0066427762398023745,0.045404226825877636,0.47702167539590323,0.8726646259971648,1.0180125910045883,3.1359936569418396,9.737538831126265,25.23540445570488,1.0,,,0,1.334672828167677,0.40117723684537926,9.651542276542488,9.651732514567124,0.23127115143375576,5.85436178669918,0.20853248242909708,0.27910926938056946,-435.97259108331116,0.0013661426278539558,3.2787423068494936,1.0,-0.0060000000000001346,-14.400000000000324,1.0,-0.01601607393801215,-38.43857745122916,1.0,-0.0016047089473815175,-3.8513014737156417,1.0,-0.00013285552484245089,-0.31885325962188216,1.0,-0.023851083835664012,-57.24260120559363,1.0,0.0,0.0,0.0,-0.10208333333333333,-245.0,0.10208333333333333,0.0,0.0,0.0,0.0,0.0,0.0,0.0,0.0,0.0,-0.03333333333333333,-80.0,0.0004166666666666667
253952,62,train,,0,1,2.5D_no_obstacles,0,,-142.1876219533197,2400,0,0,0,1,timeout,104.8908215075257,116.04254370614298,104.8908215075257,-11.151722198617279,13.152706781443102,0.12539425845281824,0.0,0.10960588984535934,0.2367743507038235,-0.06524885147857486,0.0008323296911612188,0.011519381891526237,0.05968678277203975,0.22666656436561228,0.31387627207512747,1.0372951239840025,6.245276923173588,11.98588373839985,0.0,,,0,1.2276817125330368,0.43383839636683774,2.704376371906765,2.721278365945838,0.9216431384266535,1.16158324947186,0.18330156894090274,0.24312418699264526,-142.18762195332005,-0.0004429892767840654,-1.063174264281757,1.0,-0.0060000000000001346,-14.400000000000324,1.0,-0.014732180550396426,-35.35723332095142,1.0,-0.0017353535854673537,-4.164848605121649,1.0,-1.664659383127639e-05,-0.03995182519506334,1.0,-0.0029843391407374234,-7.162413937769816,1.0,0.0,0.0,0.0,0.0,0.0,0.0,0.0,0.0,0.0,0.0,0.0,0.0,0.0,0.0,0.0,-0.03333333333333333,-80.0,0.0004166666666666667
258048,63,train,,0,1,2.5D_no_obstacles,0,,-164.49375690779692,2400,0,0,0,1,timeout,56.34822154322864,60.827445552006225,56.34822154322864,-4.479224008777585,24.94685371499559,0.4427265498673658,0.0,0.20789044762496417,0.625906042211907,0.13524831638245416,0.0018656429672345841,0.017905079905814247,0.24386621075717257,0.6233951019807735,0.7211876975461309,1.6104410457436291,12.293011564590342,20.161445297399286,0.0,,,0,1.241803349678715,0.4355631090021901,6.247751213834423,6.247891436474068,0.6649184802542504,0.9893489836477866,0.2020859964378178,0.2194395810365677,-164.49375690779718,-0.00033121601460994873,-0.7949184350638769,1.0,-0.0060000000000001346,-14.400000000000324,1.0,-0.01490164019614454,-35.7639364707469,1.0,-0.0017422524360087585,-4.18140584642102,1.0,-3.731285934079904e-05,-0.0895508624179177,1.0,-0.01219331053881131,-29.263945293147145,1.0,0.0,0.0,0.0,0.0,0.0,0.0,0.0,0.0,0.0,0.0,0.0,0.0,0.0,0.0,0.0,-0.03333333333333333,-80.0,0.0004166666666666667
262144,64,train,,0,1,2.5D_no_obstacles,0,,-141.12606603290592,2400,0,0,0,1,timeout,81.20537764924491,77.01091278578753,76.39778381561351,4.194464863457384,36.21155934742778,0.44592563196785395,0.11583220769959275,0.30176299456189876,0.46653447773995416,0.08725015967495961,0.0005997251891387218,0.0057663711552056185,0.06723833767720644,0.19879202890963654,0.19550071855075293,0.5391773740874424,16.82568801066454,33.48319479706351,0.14598063497526095,,,0,1.2215677833060423,0.41292208836753463,2.928780958953511,2.93374108497711,0.9670359053449801,2.274152669151379,0.2872882078588009,0.36196160316467285,-141.12606603290612,0.00021521896008613493,0.5165255042067238,1.0,-0.0060000000000001346,-14.400000000000324,1.0,-0.014658813399672477,-35.181152159213944,1.0,-0.0016516883534701367,-3.964052048328328,1.0,-1.1994503780355825e-05,-0.02878680907285398,1.0,-0.003361916883540586,-8.068600520497407,1.0,0.0,0.0,0.0,0.0,0.0,0.0,0.0,0.0,0.0,0.0,0.0,0.0,0.0,0.0,0.0,-0.03333333333333333,-80.0,0.0004166666666666667
266240,65,train,,0,1,2.5D_no_obstacles,0,,-138.30293796099906,2400,0,0,0,1,timeout,130.04792853498864,122.74715569647567,122.74715569647567,7.3007728385129695,38.24948098544219,0.2941183409557453,0.19087246808111344,0.3187456748786847,0.3770811479669084,0.06967469525642164,0.0008625833234421006,0.018148351482184744,0.03586640653705062,0.12463136102905725,0.11415379412448147,0.3197882901439031,17.535081521953927,34.90227142912134,0.09509914819285233,,,0,1.2451066553592682,0.44373796252558045,1.9931332898685696,2.004147037753058,0.9889609020341451,0.6487797087073168,0.31060369017223516,0.3241642117500305,-138.3029379609994,0.00023391289019227273,0.5613909364614545,1.0,-0.0060000000000001346,-14.400000000000324,1.0,-0.014941279864311211,-35.85907167434691,1.0,-0.0017749518501023202,-4.2598844402455684,1.0,-1.7251666441246506e-05,-0.04140399945899161,1.0,-0.0017933203264204386,-4.3039687834090525,1.0,0.0,0.0,0.0,0.0,0.0,0.0,0.0,0.0,0.0,0.0,0.0,0.0,0.0,0.0,0.0,-0.03333333333333333,-80.0,0.0004166666666666667
270336,66,train,,0,1,2.5D_no_obstacles,0,,-331.49954628823934,2400,0,0,0,1,timeout,43.85209922700362,25.089975828929795,21.258693401929893,18.762123398073825,56.70651924875077,1.293131235410312,0.3308636052192032,0.4725543270729211,0.8878268260687169,0.4534409072758209,0.005265298885142207,0.049330917063294066,0.5072097959875456,0.8726646259971648,0.9654818370933144,3.1399307552118003,11.931983795713121,22.924218555026442,0.7674591123654879,,,0,1.2943606016784905,0.4148491245370436,9.77220187474242,9.772202822860441,0.4111143829415436,4.582038052845031,0.10780527206292997,0.15191595256328583,-331.499546288239,0.0017827085940392404,4.278500625694177,1.0,-0.0060000000000001346,-14.400000000000324,1.0,-0.015532327220141919,-37.27758532834061,1.0,-0.0016593964981481727,-3.9825515955556146,1.0,-0.00010530597785267932,-0.25273434684643037,1.0,-0.025360489851329264,-60.865175643190234,1.0,0.0,0.0,0.0,-0.057916666666666665,-139.0,0.057916666666666665,0.0,0.0,0.0,0.0,0.0,0.0,0.0,0.0,0.0,-0.03333333333333333,-80.0,0.0004166666666666667
274432,67,train,,0,1,2.5D_no_obstacles,0,,-149.93705994101373,2400,0,0,0,1,timeout,76.24419193848868,88.95821603677815,76.24419193848868,-12.714024098289471,24.100101677097243,0.3160909843013408,0.0,0.2008341806424782,0.46986514467275853,-0.04446934124512437,0.0017364603937320873,0.024478941723290237,0.1131342198888796,0.6769842136495665,0.37400821933169415,1.3380505839493764,8.63384881584701,17.186434100674255,0.0,,,0,1.2535512846708299,0.42789442054623655,3.540709053399788,3.544284111125836,0.883363680338608,7.968166483563117,0.2489289466974636,0.3144655227661133,-149.93705994101407,-0.0006948083396605231,-1.6675400151852555,1.0,-0.0060000000000001346,-14.400000000000324,1.0,-0.015042615416049952,-36.10227699851988,1.0,-0.0017115776821849467,-4.107786437243872,1.0,-3.4729207889261164e-05,-0.08335009893422679,1.0,-0.00565671099630437,-13.57610639113049,1.0,0.0,0.0,0.0,0.0,0.0,0.0,0.0,0.0,0.0,0.0,0.0,0.0,0.0,0.0,0.0,-0.03333333333333333,-80.0,0.0004166666666666667
278528,68,train,,0,1,2.5D_no_obstacles,0,,-187.1930007974322,2400,0,0,0,1,timeout,67.7650333507504,51.43442515475872,51.43442515475872,16.33060819599168,47.66616970247174,0.7034036190280117,0.3426037438696244,0.39721808085393084,0.7734399890103977,0.3671498599135456,0.0059150559853512795,0.0308764958701655,0.45078429766235917,0.8726646259971648,0.9435092763274814,1.6272271002673109,14.742926001008348,32.27395168887604,0.3954118695370928,,,0,1.2789358310898145,0.4157809923042684,8.620974500532354,8.624432027015024,0.4531813197620314,2.6033925620452787,0.07208238048168521,0.10206940770149231,-187.19300079743215,0.0010041196388768318,2.4098871333043963,1.0,-0.0060000000000001346,-14.400000000000324,1.0,-0.015347229973077798,-36.833351935386716,1.0,-0.0016631239692170697,-3.9914975261209675,1.0,-0.00011830111960888637,-0.2839226870613273,1.0,-0.02253921490923634,-54.09411578216722,1.0,0.0,0.0,0.0,0.0,0.0,0.0,0.0,0.0,0.0,0.0,0.0,0.0,0.0,0.0,0.0,-0.03333333333333333,-80.0,0.0004166666666666667
282624,69,train,,0,1,2.5D_no_obstacles,0,,-168.7790735413271,2400,0,0,0,1,timeout,45.645762073305214,33.4349851758761,32.86712959305129,12.210776897429113,27.809305690050227,0.6092417877784497,0.4390895994860438,0.23174421408375181,0.7194022658181567,0.2200477492182057,0.003282226084354512,0.03624414647017726,0.3029593903649596,0.8726646259971648,0.6300989344515595,2.0603632294869443,3.590751902386861,9.084042299533484,0.29506497371410645,,,0,1.2668086860328913,0.42264864705902405,6.963612090107131,6.963652209943262,0.6561989339334282,2.2008927117379695,0.07185316046544661,0.09332318603992462,-168.7790735413273,0.0011146322191075036,2.6751173258580083,1.0,-0.0060000000000001346,-14.400000000000324,1.0,-0.015201704232394668,-36.484090157747204,1.0,-0.001690594588236097,-4.057427011766633,1.0,-6.564452159406289e-05,-0.15754685182575093,1.0,-0.015147969519102258,-36.35512684584542,1.0,0.0,0.0,0.0,0.0,0.0,0.0,0.0,0.0,0.0,0.0,0.0,0.0,0.0,0.0,0.0,-0.03333333333333333,-80.0,0.0004166666666666667
286720,70,train,,0,1,2.5D_no_obstacles,0,,-227.5752344732544,1154,0,0,1,0,out_of_bounds,47.8296003577251,30.576812177586326,30.209965602118466,17.252788180138772,31.382521117876596,0.6561317862403572,0.5497578768555651,0.543891180552453,0.9235434376077578,0.4940675725073982,0.006362307050612964,0.04293916799512365,0.5352206744682055,0.8726646259971648,0.6386603605373894,3.1388760667211124,5.062775810511851,15.073367024412788,0.4437902470121911,,,0,1.338209842530239,0.3678001997974692,10.685218978322382,10.68546570289998,0.5505944818550318,2.76298095637976,0.20123979163257666,0.31574752926826477,-227.5752344732538,0.0031257679180324814,3.6071361774094837,1.0,-0.006000000000000035,-6.92400000000004,1.0,-0.016058518110362848,-18.531529899358727,1.0,-0.0014712007991898755,-1.6977657222651164,1.0,-0.00012724614109294673,-0.14684204682126054,1.0,-0.02676103378008504,-30.882232982218135,1.0,0.0,0.0,0.0,-0.0805892547660312,-93.0,0.0805892547660312,0.0,0.0,0.0,0.0,0.0,0.0,-0.06932409012131716,-80.0,0.0008665511265164644,0.0,0.0,0.0
286720,70,train,,1,1,2.5D_no_obstacles,0,,-222.55077697858584,2400,0,0,0,1,timeout,97.39649880518385,115.99295673285843,97.39649880518385,-18.596457927674578,28.320846531147794,0.2907788973790138,0.0,0.2360070544262318,0.4294752729688401,-0.09029482830992946,0.0018695307732413612,0.02246994438818639,0.21322006811459723,0.8726646259971648,0.5742004356983105,1.4449550212993438,13.628348848296191,21.003167205300876,0.0,,,0,1.2674282826979955,0.42326468063043043,5.16255002522306,5.173010528153191,0.7447395163056086,1.0779110739879443,0.3352837304398417,0.40417206287384033,-222.55077697858576,-0.0007955649568091735,-1.9093558963420163,1.0,-0.0060000000000001346,-14.400000000000324,1.0,-0.015209139392375937,-36.50193454170225,1.0,-0.0016930587225217242,-4.063340934052138,1.0,-3.7390615499054074e-05,-0.08973747719772977,1.0,-0.010661003387204713,-25.58640812929131,1.0,0.0,0.0,0.0,-0.025,-60.0,0.025,0.0,0.0,0.0,0.0,0.0,0.0,0.0,0.0,0.0,-0.03333333333333333,-80.0,0.0004166666666666667
290816,71,train,,0,1,2.5D_no_obstacles,0,,-148.00588599008836,2400,0,0,0,1,timeout,81.78103875321186,54.43308685698118,54.43308685698118,27.347951896230683,40.803823305237614,0.4989399000955474,0.6702301323984088,0.34003186087698095,0.6441737734611939,0.31750118791554643,0.0009083940447021358,0.006820620599398808,0.14130054309124568,0.48993540522448953,0.9154734324909769,1.5423848471949726,9.237382752323121,22.959332193810408,0.39650890531927463,,,0,1.2485972345620393,0.4156940717018369,4.496814778514989,4.499358969943533,0.5579031524406107,2.025535480961355,0.1930130987924834,0.2602296769618988,-148.0058859900888,0.0013933523137495299,3.3440455529988715,1.0,-0.0060000000000001346,-14.400000000000324,1.0,-0.014983166814744476,-35.95960035538674,1.0,-0.0016627762868073462,-3.990663088337631,1.0,-1.8167880889427463e-05,-0.04360291413462591,1.0,-0.0070650271605118215,-16.956065185228372,1.0,0.0,0.0,0.0,0.0,0.0,0.0,0.0,0.0,0.0,0.0,0.0,0.0,0.0,0.0,0.0,-0.03333333333333333,-80.0,0.0004166666666666667
294912,72,train,,0,1,2.5D_no_obstacles,0,,-407.00137133537027,2400,0,0,0,1,timeout,52.28770326209182,37.860235227453735,36.769205570826635,14.427468034638082,56.269482462032435,1.0761513501555418,0.25639951539225453,0.46891235385026914,0.8752519502125445,0.44322097035700625,0.009403137276948853,0.046999109231262715,0.6370842137861331,0.8726646259971648,1.2847263284955561,3.140230532800283,10.002863821132939,22.809953641846803,0.42208971934389955,,,0,1.3556265422701836,0.35594972343649717,11.112674023443535,11.112812912332425,0.08456755352241685,8.416004914107479,0.11203074373304844,0.1578696072101593,-407.00137133537,0.0011496861861191735,2.7592468466860165,1.0,-0.0060000000000001346,-14.400000000000324,1.0,-0.016267518507242198,-39.04204441738128,1.0,-0.0014237988937459889,-3.4171173449903733,1.0,-0.00018806274546801288,-0.4513505891232309,1.0,-0.03185421076273366,-76.45010583056079,1.0,0.0,0.0,0.0,-0.08166666666666667,-196.0,0.08166666666666667,0.0,0.0,0.0,0.0,0.0,0.0,0.0,0.0,0.0,-0.03333333333333333,-80.0,0.0004166666666666667
299008,73,train,,0,1,2.5D_no_obstacles,0,,-154.67142521220967,2400,0,0,0,1,timeout,97.66719735900232,113.63571906351379,97.66719735900232,-15.968521704511474,22.915535422831812,0.23462878061914214,0.0,0.19096279519026574,0.373098161163595,-0.02949717112082121,0.001357280502887631,0.018427261916794002,0.1587660305028628,0.38466898825704554,0.5418235409092602,1.302452983084471,10.898507440160765,18.294636212754195,0.0,,,0,1.2328821268181007,0.4179534899441448,4.9759246749403925,4.978869314794116,0.7697168336034219,1.8997531627239974,0.27599101070314647,0.29062265157699585,-154.67142521220995,-0.0006812472242605874,-1.6349933382254098,1.0,-0.0060000000000001346,-14.400000000000324,1.0,-0.014794585521817194,-35.50700525236127,1.0,-0.0016718139597765814,-4.012353503463795,1.0,-2.7145610059341167e-05,-0.0651494641424188,1.0,-0.00793830152250697,-19.05192365401673,1.0,0.0,0.0,0.0,0.0,0.0,0.0,0.0,0.0,0.0,0.0,0.0,0.0,0.0,0.0,0.0,-0.03333333333333333,-80.0,0.0004166666666666667
303104,74,train,,0,1,2.5D_no_obstacles,0,,-141.2875831284808,2400,0,0,0,1,timeout,117.7134259071705,91.32683136444425,91.32683136444425,26.386594542726257,31.36984956544725,0.26649338700061026,0.8411450774628557,0.2614154130453923,0.48007109454558466,0.253845363684267,0.0012888491092477158,0.02736527978564185,0.07618011570670163,0.28628880949633073,0.6286211005259028,1.2692949233493867,5.356055933955568,13.998109559531633,0.23332724806742902,,,0,1.2449164073169232,0.42417791196067506,3.0930372495207834,3.115283279212616,0.7729578501158794,4.454201152055599,0.166424421860526,0.19949962198734283,-141.28758312848097,0.0009339983360498634,2.2415960065196723,1.0,-0.0060000000000001346,-14.400000000000324,1.0,-0.014938996887803088,-35.85359253072741,1.0,-0.0016967116478426973,-4.0721079548224735,1.0,-2.5776982192808038e-05,-0.06186475726273929,1.0,-0.0038090057884115464,-9.141613892187712,1.0,0.0,0.0,0.0,0.0,0.0,0.0,0.0,0.0,0.0,0.0,0.0,0.0,0.0,0.0,0.0,-0.03333333333333333,-80.0,0.0004166666666666667
